{"v":"4.8.0","meta":{"g":"LottieFiles AE 2.0.4","a":"mimo","k":"exclamation, mark, attention, caution, notice","d":"","tc":""},"fr":30,"ip":0,"op":60,"w":400,"h":400,"nm":"notice-color","ddd":0,"assets":[],"layers":[{"ddd":0,"ind":1,"ty":4,"nm":"dot mask","td":1,"sr":1,"ks":{"o":{"a":0,"k":100,"ix":11},"r":{"a":0,"k":0,"ix":10},"p":{"a":0,"k":[200,200,0],"ix":2},"a":{"a":0,"k":[0,0,0],"ix":1},"s":{"a":0,"k":[100,100,100],"ix":6}},"ao":0,"shapes":[{"ty":"gr","it":[{"ind":0,"ty":"sh","ix":1,"ks":{"a":0,"k":{"i":[[-13.439,0],[-0.022,-10.513],[0.057,28.161]],"o":[[13.439,0],[0.057,27.661],[-0.021,-10.513]],"v":[[0,-19.036],[24.375,-7.375],[-24.29,-7.375]],"c":true},"ix":2},"nm":"Path 1","mn":"ADBE Vector Shape - Group","hd":false},{"ty":"fl","c":{"a":0,"k":[0.713725490196,0.713725490196,0.713725490196,1],"ix":4},"o":{"a":0,"k":100,"ix":5},"r":1,"bm":0,"nm":"Fill 1","mn":"ADBE Vector Graphic - Fill","hd":false},{"ty":"tr","p":{"a":0,"k":[-0.057,-91.036],"ix":2},"a":{"a":0,"k":[0,0],"ix":1},"s":{"a":0,"k":[100,100],"ix":3},"r":{"a":0,"k":0,"ix":6},"o":{"a":0,"k":100,"ix":7},"sk":{"a":0,"k":0,"ix":4},"sa":{"a":0,"k":0,"ix":5},"nm":"Transform"}],"nm":"Ellipse 1","np":3,"cix":2,"bm":0,"ix":1,"mn":"ADBE Vector Group","hd":false}],"ip":0,"op":8,"st":0,"bm":0},{"ddd":0,"ind":2,"ty":4,"nm":"dot","tt":2,"sr":1,"ks":{"o":{"a":0,"k":100,"ix":11},"r":{"a":0,"k":0,"ix":10},"p":{"s":true,"x":{"a":0,"k":200,"ix":3},"y":{"a":1,"k":[{"i":{"x":[0.667],"y":[1]},"o":{"x":[0.333],"y":[0]},"t":2.097,"s":[108]},{"i":{"x":[0.975],"y":[0.956]},"o":{"x":[0.714],"y":[0]},"t":6.133,"s":[52]},{"i":{"x":[0.231],"y":[1]},"o":{"x":[0.024],"y":[0.179]},"t":13.53,"s":[248]},{"i":{"x":[0.432],"y":[1]},"o":{"x":[0.802],"y":[0]},"t":19.584,"s":[146]},{"t":29,"s":[248]}],"ix":4}},"a":{"a":0,"k":[0.832,62.168,0],"ix":1},"s":{"a":1,"k":[{"i":{"x":[0.833,0.833,0.833],"y":[0.833,0.833,0.833]},"o":{"x":[0.167,0.167,0.167],"y":[0.167,0.167,0.167]},"t":2.097,"s":[66,66,100]},{"t":6.1328125,"s":[100,100,100]}],"ix":6}},"ao":0,"shapes":[{"ty":"gr","it":[{"d":1,"ty":"el","s":{"a":0,"k":[30,30],"ix":2},"p":{"a":0,"k":[0,0],"ix":3},"nm":"Ellipse Path 1","mn":"ADBE Vector Shape - Ellipse","hd":false},{"ty":"fl","c":{"a":1,"k":[{"i":{"x":[0.833],"y":[0.833]},"o":{"x":[0.167],"y":[0.167]},"t":2.77,"s":[0.690110623837,0.783121943474,1,1]},{"i":{"x":[0.833],"y":[0.833]},"o":{"x":[0.167],"y":[0.167]},"t":10.168,"s":[0.845055311918,0.891560971737,1,1]},{"t":12.185546875,"s":[1,1,1,1]}],"ix":4},"o":{"a":0,"k":100,"ix":5},"r":1,"bm":0,"nm":"Fill 1","mn":"ADBE Vector Graphic - Fill","hd":false},{"ty":"tr","p":{"a":0,"k":[0.832,62.168],"ix":2},"a":{"a":0,"k":[0,0],"ix":1},"s":{"a":0,"k":[100,100],"ix":3},"r":{"a":0,"k":0,"ix":6},"o":{"a":0,"k":100,"ix":7},"sk":{"a":0,"k":0,"ix":4},"sa":{"a":0,"k":0,"ix":5},"nm":"Transform"}],"nm":"Ellipse 1","np":3,"cix":2,"bm":0,"ix":1,"mn":"ADBE Vector Group","hd":false}],"ip":0,"op":60,"st":0,"bm":0},{"ddd":0,"ind":3,"ty":4,"nm":"stem","sr":1,"ks":{"o":{"a":0,"k":100,"ix":11},"r":{"a":0,"k":0,"ix":10},"p":{"s":true,"x":{"a":0,"k":200,"ix":3},"y":{"a":1,"k":[{"i":{"x":[0.35],"y":[1]},"o":{"x":[0.333],"y":[0]},"t":22.231,"s":[159.5]},{"t":34.8141105840644,"s":[185.5]}],"ix":4}},"a":{"a":0,"k":[-4,-12.5,0],"ix":1},"s":{"a":0,"k":[100,100,100],"ix":6}},"ao":0,"shapes":[{"ty":"gr","it":[{"ind":0,"ty":"sh","ix":1,"ks":{"a":0,"k":{"i":[[0,0],[0,0]],"o":[[0,0],[0,0]],"v":[[-4,-50],[-4,7]],"c":false},"ix":2},"nm":"Path 1","mn":"ADBE Vector Shape - Group","hd":false},{"ty":"st","c":{"a":0,"k":[1,1,1,1],"ix":3},"o":{"a":0,"k":100,"ix":4},"w":{"a":1,"k":[{"i":{"x":[0.702],"y":[0.959]},"o":{"x":[0.333],"y":[0]},"t":22.231,"s":[8]},{"t":27.9996574590644,"s":[22]}],"ix":5},"lc":2,"lj":2,"bm":0,"nm":"Stroke 1","mn":"ADBE Vector Graphic - Stroke","hd":false},{"ty":"tr","p":{"a":0,"k":[-4.007,-12.473],"ix":2},"a":{"a":0,"k":[-4.007,-12.473],"ix":1},"s":{"a":0,"k":[100,100],"ix":3},"r":{"a":0,"k":0,"ix":6},"o":{"a":0,"k":100,"ix":7},"sk":{"a":0,"k":0,"ix":4},"sa":{"a":0,"k":0,"ix":5},"nm":"Transform"}],"nm":"Shape 1","np":2,"cix":2,"bm":0,"ix":1,"mn":"ADBE Vector Group","hd":false},{"ty":"tm","s":{"a":0,"k":0,"ix":1},"e":{"a":1,"k":[{"i":{"x":[0.328],"y":[1]},"o":{"x":[0.333],"y":[0]},"t":22.231,"s":[0]},{"t":34.8141105840644,"s":[100]}],"ix":2},"o":{"a":0,"k":0,"ix":3},"m":1,"ix":2,"nm":"Trim Paths 1","mn":"ADBE Vector Filter - Trim","hd":false}],"ip":0,"op":60,"st":-28.0970222284356,"bm":0},{"ddd":0,"ind":4,"ty":4,"nm":"particle 3","sr":1,"ks":{"o":{"a":0,"k":100,"ix":11},"r":{"a":0,"k":0,"ix":10},"p":{"a":0,"k":[105.437,345.5,0],"ix":2},"a":{"a":0,"k":[0,0,0],"ix":1},"s":{"a":1,"k":[{"i":{"x":[0.47,0.47,0.667],"y":[1,1,1]},"o":{"x":[0.299,0.299,0.333],"y":[0.675,0.675,0]},"t":24.426,"s":[0,0,100]},{"i":{"x":[0.957,0.957,0.667],"y":[0.906,0.906,1]},"o":{"x":[0.729,0.729,0.333],"y":[0,0,0]},"t":34.911,"s":[69,69,100]},{"t":41.9011267671781,"s":[0,0,100]}],"ix":6}},"ao":0,"shapes":[{"d":1,"ty":"el","s":{"a":0,"k":[51,51],"ix":2},"p":{"a":0,"k":[0,0],"ix":3},"nm":"Ellipse Path 1","mn":"ADBE Vector Shape - Ellipse","hd":false},{"ty":"fl","c":{"a":0,"k":[0.654901960784,0.823529471603,1,1],"ix":4},"o":{"a":0,"k":100,"ix":5},"r":1,"bm":0,"nm":"Fill 1","mn":"ADBE Vector Graphic - Fill","hd":false}],"ip":0,"op":60,"st":-17.5148888578219,"bm":0},{"ddd":0,"ind":5,"ty":4,"nm":"particle 2","sr":1,"ks":{"o":{"a":0,"k":100,"ix":11},"r":{"a":0,"k":0,"ix":10},"p":{"a":0,"k":[45.937,121,0],"ix":2},"a":{"a":0,"k":[0,0,0],"ix":1},"s":{"a":1,"k":[{"i":{"x":[0.47,0.47,0.667],"y":[1,1,1]},"o":{"x":[0.299,0.299,0.333],"y":[1.165,1.165,0]},"t":29.319,"s":[0,0,100]},{"i":{"x":[0.957,0.957,0.667],"y":[0.837,0.837,1]},"o":{"x":[0.729,0.729,0.333],"y":[0,0,0]},"t":39.804,"s":[40,40,100]},{"t":46.7941786335279,"s":[0,0,100]}],"ix":6}},"ao":0,"shapes":[{"d":1,"ty":"el","s":{"a":0,"k":[57,57],"ix":2},"p":{"a":0,"k":[0,0],"ix":3},"nm":"Ellipse Path 1","mn":"ADBE Vector Shape - Ellipse","hd":false},{"ty":"fl","c":{"a":0,"k":[0.691224341299,0.736781400793,1,1],"ix":4},"o":{"a":0,"k":100,"ix":5},"r":1,"bm":0,"nm":"Fill 1","mn":"ADBE Vector Graphic - Fill","hd":false}],"ip":0,"op":60,"st":-12.6218369914721,"bm":0},{"ddd":0,"ind":6,"ty":4,"nm":"particle 1","sr":1,"ks":{"o":{"a":0,"k":100,"ix":11},"r":{"a":0,"k":0,"ix":10},"p":{"a":0,"k":[333.437,62.5,0],"ix":2},"a":{"a":0,"k":[0,0,0],"ix":1},"s":{"a":1,"k":[{"i":{"x":[0.47,0.47,0.667],"y":[1,1,1]},"o":{"x":[0.299,0.299,0.333],"y":[0.6,0.6,0]},"t":22.329,"s":[0,0,100]},{"i":{"x":[0.957,0.957,0.667],"y":[0.911,0.911,1]},"o":{"x":[0.729,0.729,0.333],"y":[0,0,0]},"t":34.211,"s":[88,88,100]},{"t":42.6000029762425,"s":[0,0,100]}],"ix":6}},"ao":0,"shapes":[{"d":1,"ty":"el","s":{"a":0,"k":[39,39],"ix":2},"p":{"a":0,"k":[0,0],"ix":3},"nm":"Ellipse Path 1","mn":"ADBE Vector Shape - Ellipse","hd":false},{"ty":"fl","c":{"a":0,"k":[0.655614755668,0.823502604167,1,1],"ix":4},"o":{"a":0,"k":100,"ix":5},"r":1,"bm":0,"nm":"Fill 1","mn":"ADBE Vector Graphic - Fill","hd":false}],"ip":0,"op":60,"st":-19.6119110862575,"bm":0},{"ddd":0,"ind":7,"ty":4,"nm":"mask circle","td":1,"sr":1,"ks":{"o":{"a":0,"k":100,"ix":11},"r":{"a":0,"k":45,"ix":10},"p":{"a":0,"k":[200,200,0],"ix":2},"a":{"a":0,"k":[26.125,42.125,0],"ix":1},"s":{"a":0,"k":[100,100,100],"ix":6}},"ao":0,"shapes":[{"ty":"gr","it":[{"ind":0,"ty":"sh","ix":1,"ks":{"a":1,"k":[{"i":{"x":0.833,"y":0.833},"o":{"x":0.167,"y":0.167},"t":0,"s":[{"i":[[0,-60.751],[60.751,0],[1.106,76.368],[-60.751,0]],"o":[[0,60.751],[-60.751,0],[-1.065,-73.552],[60.751,0]],"v":[[134.042,0],[7.425,130.152],[-125.556,0],[11.352,-129.092]],"c":true}]},{"i":{"x":0.833,"y":0.833},"o":{"x":0.167,"y":0.167},"t":3,"s":[{"i":[[5.046,-75.825],[41.82,29.468],[0,60.751],[-29.105,2.098]],"o":[[-4.99,74.985],[-29.482,-2.475],[0,-60.751],[39.312,-30.49]],"v":[[137.436,6.882],[0.165,112.145],[-50.414,0.161],[0.018,-112.31]],"c":true}]},{"i":{"x":0.833,"y":0.833},"o":{"x":0.167,"y":0.167},"t":6,"s":[{"i":[[0,-60.751],[25.255,55.253],[0,60.751],[-1.414,3.934]],"o":[[0,60.751],[-2.121,-4.641],[0,-60.751],[20.552,-57.17]],"v":[[148.537,3.889],[0,110],[1.723,0.302],[0,-110]],"c":true}]},{"i":{"x":0.833,"y":0.833},"o":{"x":0.167,"y":0.167},"t":10,"s":[{"i":[[0,-60.751],[25.255,55.253],[0,60.751],[62.579,0.045]],"o":[[0,60.751],[54.447,9.501],[0,-60.751],[71.418,-0.309]],"v":[[112.828,2.121],[0,110],[115.567,0.198],[0,-110]],"c":true}]},{"t":12,"s":[{"i":[[0,-67.442],[28.036,61.339],[0,67.442],[69.471,0.05]],"o":[[0,67.442],[60.444,10.547],[0,-67.442],[79.283,-0.343]],"v":[[135.861,3.247],[10.607,123.007],[138.902,1.112],[10.607,-121.223]],"c":true}]}],"ix":2},"nm":"Path 1","mn":"ADBE Vector Shape - Group","hd":false},{"ty":"fl","c":{"a":0,"k":[1,1,1,1],"ix":4},"o":{"a":0,"k":100,"ix":5},"r":1,"bm":0,"nm":"Fill 1","mn":"ADBE Vector Graphic - Fill","hd":false},{"ty":"tr","p":{"a":0,"k":[26.125,42.125],"ix":2},"a":{"a":0,"k":[0,0],"ix":1},"s":{"a":0,"k":[100,100],"ix":3},"r":{"a":0,"k":0,"ix":6},"o":{"a":0,"k":100,"ix":7},"sk":{"a":0,"k":0,"ix":4},"sa":{"a":0,"k":0,"ix":5},"nm":"Transform"}],"nm":"Rectangle 1","np":2,"cix":2,"bm":0,"ix":1,"mn":"ADBE Vector Group","hd":false}],"ip":0,"op":60,"st":0,"bm":0},{"ddd":0,"ind":8,"ty":4,"nm":"blue circle","tt":2,"sr":1,"ks":{"o":{"a":0,"k":100,"ix":11},"r":{"a":0,"k":0,"ix":10},"p":{"a":0,"k":[200,200,0],"ix":2},"a":{"a":0,"k":[26.125,42.125,0],"ix":1},"s":{"a":0,"k":[100,100,100],"ix":6}},"ao":0,"shapes":[{"ty":"gr","it":[{"ty":"rc","d":1,"s":{"a":0,"k":[220,220],"ix":2},"p":{"a":0,"k":[0,0],"ix":3},"r":{"a":0,"k":110,"ix":4},"nm":"Rectangle Path 1","mn":"ADBE Vector Shape - Rect","hd":false},{"ty":"gf","o":{"a":0,"k":100,"ix":10},"r":1,"bm":0,"g":{"p":3,"k":{"a":0,"k":[0,0.547,0.577,1,0.414,0.401,0.664,1,0.828,0.255,0.75,1],"ix":9}},"s":{"a":0,"k":[-73.782,-71.047],"ix":5},"e":{"a":0,"k":[76.968,82.733],"ix":6},"t":1,"nm":"Gradient Fill 1","mn":"ADBE Vector Graphic - G-Fill","hd":false},{"ty":"tr","p":{"a":0,"k":[26.125,42.125],"ix":2},"a":{"a":0,"k":[0,0],"ix":1},"s":{"a":0,"k":[100,100],"ix":3},"r":{"a":0,"k":0,"ix":6},"o":{"a":0,"k":100,"ix":7},"sk":{"a":0,"k":0,"ix":4},"sa":{"a":0,"k":0,"ix":5},"nm":"Transform"}],"nm":"ojo","np":2,"cix":2,"bm":0,"ix":1,"mn":"ADBE Vector Group","hd":false}],"ip":0,"op":60,"st":0,"bm":0}],"markers":[]}