{"v":"5.5.1","fr":25,"ip":0,"op":51,"w":80,"h":80,"nm":"11-Turn On Bluetooth","ddd":0,"assets":[],"layers":[{"ddd":0,"ind":1,"ty":4,"nm":"L1","sr":1,"ks":{"o":{"a":1,"k":[{"i":{"x":[0.58],"y":[1]},"o":{"x":[0.42],"y":[0]},"t":11,"s":[0]},{"i":{"x":[0.58],"y":[1]},"o":{"x":[0.42],"y":[0]},"t":17,"s":[100]},{"i":{"x":[0.58],"y":[1]},"o":{"x":[0.42],"y":[0]},"t":23,"s":[100]},{"i":{"x":[0.58],"y":[1]},"o":{"x":[0.42],"y":[0]},"t":29,"s":[100]},{"t":35,"s":[0]}],"ix":11},"r":{"a":0,"k":0,"ix":10},"p":{"a":0,"k":[29.414,40,0],"ix":2},"a":{"a":0,"k":[-10.586,0,0],"ix":1},"s":{"a":0,"k":[100,100,100],"ix":6}},"ao":0,"shapes":[{"ty":"gr","it":[{"ind":0,"ty":"sh","ix":1,"ks":{"a":0,"k":{"i":[[0,0],[0,0],[-1.888,2.505]],"o":[[0,0],[-1.888,-2.505],[0,0]],"v":[[-8,0],[-11.757,3.757],[-11.757,-3.757]],"c":true},"ix":2},"nm":"Path 1","mn":"ADBE Vector Shape - Group","hd":false},{"ty":"fl","c":{"a":0,"k":[1,1,1,1],"ix":4},"o":{"a":0,"k":100,"ix":5},"r":1,"bm":0,"nm":"Fill 1","mn":"ADBE Vector Graphic - Fill","hd":false},{"ty":"tr","p":{"a":0,"k":[0,0],"ix":2},"a":{"a":0,"k":[0,0],"ix":1},"s":{"a":0,"k":[100,100],"ix":3},"r":{"a":0,"k":0,"ix":6},"o":{"a":0,"k":100,"ix":7},"sk":{"a":0,"k":0,"ix":4},"sa":{"a":0,"k":0,"ix":5},"nm":"Transform"}],"nm":"Group 1","np":2,"cix":2,"bm":0,"ix":1,"mn":"ADBE Vector Group","hd":false}],"ip":0,"op":51,"st":0,"bm":0},{"ddd":0,"ind":2,"ty":4,"nm":"L2","sr":1,"ks":{"o":{"a":1,"k":[{"i":{"x":[0.58],"y":[1]},"o":{"x":[0.42],"y":[0]},"t":17,"s":[0]},{"i":{"x":[0.58],"y":[1]},"o":{"x":[0.42],"y":[0]},"t":23,"s":[100]},{"i":{"x":[0.58],"y":[1]},"o":{"x":[0.42],"y":[0]},"t":29,"s":[100]},{"t":35,"s":[0]}],"ix":11},"r":{"a":0,"k":0,"ix":10},"p":{"a":0,"k":[23.581,40,0],"ix":2},"a":{"a":0,"k":[-16.419,0,0],"ix":1},"s":{"a":0,"k":[100,100,100],"ix":6}},"ao":0,"shapes":[{"ty":"gr","it":[{"ind":0,"ty":"sh","ix":1,"ks":{"a":0,"k":{"i":[[0,0],[-3.559,4.723]],"o":[[-3.559,-4.723],[0,0]],"v":[[-15.085,7.085],[-15.085,-7.085]],"c":false},"ix":2},"nm":"Path 1","mn":"ADBE Vector Shape - Group","hd":false},{"ty":"st","c":{"a":0,"k":[1,1,1,1],"ix":3},"o":{"a":0,"k":100,"ix":4},"w":{"a":0,"k":3,"ix":5},"lc":1,"lj":1,"ml":10,"bm":0,"nm":"Stroke 1","mn":"ADBE Vector Graphic - Stroke","hd":false},{"ty":"tr","p":{"a":0,"k":[0,0],"ix":2},"a":{"a":0,"k":[0,0],"ix":1},"s":{"a":0,"k":[100,100],"ix":3},"r":{"a":0,"k":0,"ix":6},"o":{"a":0,"k":100,"ix":7},"sk":{"a":0,"k":0,"ix":4},"sa":{"a":0,"k":0,"ix":5},"nm":"Transform"}],"nm":"Group 1","np":2,"cix":2,"bm":0,"ix":1,"mn":"ADBE Vector Group","hd":false}],"ip":0,"op":51,"st":0,"bm":0},{"ddd":0,"ind":3,"ty":4,"nm":"R1","sr":1,"ks":{"o":{"a":1,"k":[{"i":{"x":[0.58],"y":[1]},"o":{"x":[0.42],"y":[0]},"t":11,"s":[0]},{"i":{"x":[0.58],"y":[1]},"o":{"x":[0.42],"y":[0]},"t":17,"s":[100]},{"i":{"x":[0.58],"y":[1]},"o":{"x":[0.42],"y":[0]},"t":23,"s":[100]},{"i":{"x":[0.58],"y":[1]},"o":{"x":[0.42],"y":[0]},"t":29,"s":[100]},{"t":35,"s":[0]}],"ix":11},"r":{"a":0,"k":0,"ix":10},"p":{"a":0,"k":[50.586,40,0],"ix":2},"a":{"a":0,"k":[10.586,0,0],"ix":1},"s":{"a":0,"k":[100,100,100],"ix":6}},"ao":0,"shapes":[{"ty":"gr","it":[{"ind":0,"ty":"sh","ix":1,"ks":{"a":0,"k":{"i":[[0,0],[0,0],[1.888,2.505]],"o":[[0,0],[1.888,-2.505],[0,0]],"v":[[8,0],[11.757,3.757],[11.757,-3.757]],"c":true},"ix":2},"nm":"Path 1","mn":"ADBE Vector Shape - Group","hd":false},{"ty":"fl","c":{"a":0,"k":[1,1,1,1],"ix":4},"o":{"a":0,"k":100,"ix":5},"r":1,"bm":0,"nm":"Fill 1","mn":"ADBE Vector Graphic - Fill","hd":false},{"ty":"tr","p":{"a":0,"k":[0,0],"ix":2},"a":{"a":0,"k":[0,0],"ix":1},"s":{"a":0,"k":[100,100],"ix":3},"r":{"a":0,"k":0,"ix":6},"o":{"a":0,"k":100,"ix":7},"sk":{"a":0,"k":0,"ix":4},"sa":{"a":0,"k":0,"ix":5},"nm":"Transform"}],"nm":"Group 1","np":2,"cix":2,"bm":0,"ix":1,"mn":"ADBE Vector Group","hd":false}],"ip":0,"op":51,"st":0,"bm":0},{"ddd":0,"ind":4,"ty":4,"nm":"R2","sr":1,"ks":{"o":{"a":1,"k":[{"i":{"x":[0.58],"y":[1]},"o":{"x":[0.42],"y":[0]},"t":17,"s":[0]},{"i":{"x":[0.58],"y":[1]},"o":{"x":[0.42],"y":[0]},"t":23,"s":[100]},{"i":{"x":[0.58],"y":[1]},"o":{"x":[0.42],"y":[0]},"t":29,"s":[100]},{"t":35,"s":[0]}],"ix":11},"r":{"a":0,"k":0,"ix":10},"p":{"a":0,"k":[56.419,40,0],"ix":2},"a":{"a":0,"k":[16.419,0,0],"ix":1},"s":{"a":0,"k":[100,100,100],"ix":6}},"ao":0,"shapes":[{"ty":"gr","it":[{"ind":0,"ty":"sh","ix":1,"ks":{"a":0,"k":{"i":[[0,0],[3.559,4.723]],"o":[[3.559,-4.723],[0,0]],"v":[[15.085,7.085],[15.085,-7.085]],"c":false},"ix":2},"nm":"Path 1","mn":"ADBE Vector Shape - Group","hd":false},{"ty":"st","c":{"a":0,"k":[1,1,1,1],"ix":3},"o":{"a":0,"k":100,"ix":4},"w":{"a":0,"k":3,"ix":5},"lc":1,"lj":1,"ml":10,"bm":0,"nm":"Stroke 1","mn":"ADBE Vector Graphic - Stroke","hd":false},{"ty":"tr","p":{"a":0,"k":[0,0],"ix":2},"a":{"a":0,"k":[0,0],"ix":1},"s":{"a":0,"k":[100,100],"ix":3},"r":{"a":0,"k":0,"ix":6},"o":{"a":0,"k":100,"ix":7},"sk":{"a":0,"k":0,"ix":4},"sa":{"a":0,"k":0,"ix":5},"nm":"Transform"}],"nm":"Group 1","np":2,"cix":2,"bm":0,"ix":1,"mn":"ADBE Vector Group","hd":false}],"ip":0,"op":51,"st":0,"bm":0},{"ddd":0,"ind":5,"ty":4,"nm":"Bluetooth","sr":1,"ks":{"o":{"a":1,"k":[{"i":{"x":[0.58],"y":[1]},"o":{"x":[0.42],"y":[0]},"t":6,"s":[40]},{"i":{"x":[0.833],"y":[1]},"o":{"x":[0.167],"y":[0]},"t":8,"s":[100]},{"i":{"x":[0.833],"y":[1]},"o":{"x":[0.167],"y":[0]},"t":44,"s":[100]},{"t":48,"s":[40]}],"ix":11},"r":{"a":0,"k":0,"ix":10},"p":{"a":0,"k":[39.758,40,0],"ix":2},"a":{"a":0,"k":[-0.242,0,0],"ix":1},"s":{"a":1,"k":[{"i":{"x":[0.58,0.58,0.58],"y":[1,1,1]},"o":{"x":[0.42,0.42,0.42],"y":[0,0,0]},"t":6,"s":[100,100,100]},{"i":{"x":[0.58,0.58,0.58],"y":[1,1,1]},"o":{"x":[0.42,0.42,0.42],"y":[0,0,0]},"t":8,"s":[104,104,100]},{"t":15,"s":[100,100,100]}],"ix":6}},"ao":0,"shapes":[{"ty":"gr","it":[{"ind":0,"ty":"sh","ix":1,"ks":{"a":0,"k":{"i":[[0,0],[0,0],[0,0],[0,0],[0,0],[0,0]],"o":[[0,0],[0,0],[0,0],[0,0],[0,0],[0,0]],"v":[[-8.484,8.484],[8,-8],[0,-16],[0,16],[8,8],[-8.484,-8.484]],"c":false},"ix":2},"nm":"Path 1","mn":"ADBE Vector Shape - Group","hd":false},{"ty":"st","c":{"a":0,"k":[1,1,1,1],"ix":3},"o":{"a":0,"k":100,"ix":4},"w":{"a":0,"k":3,"ix":5},"lc":1,"lj":1,"ml":10,"bm":0,"nm":"Stroke 1","mn":"ADBE Vector Graphic - Stroke","hd":false},{"ty":"tr","p":{"a":0,"k":[0,0],"ix":2},"a":{"a":0,"k":[0,0],"ix":1},"s":{"a":0,"k":[100,100],"ix":3},"r":{"a":0,"k":0,"ix":6},"o":{"a":0,"k":100,"ix":7},"sk":{"a":0,"k":0,"ix":4},"sa":{"a":0,"k":0,"ix":5},"nm":"Transform"}],"nm":"Group 1","np":2,"cix":2,"bm":0,"ix":1,"mn":"ADBE Vector Group","hd":false}],"ip":0,"op":51,"st":0,"bm":0},{"ddd":0,"ind":6,"ty":4,"nm":"Bg11","sr":1,"ks":{"o":{"a":0,"k":100,"ix":11},"r":{"a":0,"k":0,"ix":10},"p":{"a":0,"k":[40,40,0],"ix":2},"a":{"a":0,"k":[-173.025,0,0],"ix":1},"s":{"a":0,"k":[100,100,100],"ix":6}},"ao":0,"shapes":[{"ty":"gr","it":[{"ind":0,"ty":"sh","ix":1,"ks":{"a":0,"k":{"i":[[0,17.673],[17.673,0],[0,-17.673],[-17.673,0]],"o":[[0,-17.673],[-17.673,0],[0,17.673],[17.673,0]],"v":[[-141.025,0],[-173.025,-32],[-205.025,0],[-173.025,32]],"c":true},"ix":2},"nm":"Path 1","mn":"ADBE Vector Shape - Group","hd":false},{"ty":"gf","o":{"a":0,"k":100,"ix":10},"r":1,"bm":0,"g":{"p":3,"k":{"a":0,"k":[0,0.004,0.514,0.992,0.5,0.004,0.431,0.992,1,0.004,0.349,0.992],"ix":9}},"s":{"a":0,"k":[-173,-32],"ix":5},"e":{"a":0,"k":[-173,32],"ix":6},"t":1,"nm":"Gradient Fill 1","mn":"ADBE Vector Graphic - G-Fill","hd":false},{"ty":"tr","p":{"a":0,"k":[0,0],"ix":2},"a":{"a":0,"k":[0,0],"ix":1},"s":{"a":0,"k":[100,100],"ix":3},"r":{"a":0,"k":0,"ix":6},"o":{"a":0,"k":100,"ix":7},"sk":{"a":0,"k":0,"ix":4},"sa":{"a":0,"k":0,"ix":5},"nm":"Transform"}],"nm":"Group 1","np":2,"cix":2,"bm":0,"ix":1,"mn":"ADBE Vector Group","hd":false}],"ip":0,"op":51,"st":0,"bm":0}],"markers":[{"tm":4,"cm":"1","dr":0},{"tm":30,"cm":"2","dr":0},{"tm":47,"cm":"3","dr":0}]}