{"nm":"Cinema tickets","mn":"","layers":[{"ty":3,"nm":"Null 1","mn":"","sr":1,"st":0,"op":480,"ip":0,"hd":false,"cl":"","ln":"","ddd":0,"bm":0,"tt":0,"hasMask":false,"td":0,"ao":0,"ks":{"a":{"a":0,"k":[0,0,0],"ix":1},"s":{"a":0,"k":[100,100,100],"ix":6},"sk":{"a":0,"k":0},"p":{"a":1,"k":[{"o":{"x":0.333,"y":0},"i":{"x":0.667,"y":1},"s":[540,620,0],"t":0},{"o":{"x":0.333,"y":0},"i":{"x":0.667,"y":1},"s":[540,560,0],"t":60},{"o":{"x":0.167,"y":0.167},"i":{"x":0.833,"y":0.833},"s":[540,620,0],"t":120}],"ix":2},"sa":{"a":0,"k":0},"o":{"a":0,"k":0,"ix":11},"r":{"a":0,"k":0,"ix":10}},"ef":[],"ind":0},{"ty":4,"nm":"Cinema tickets 01","mn":"","sr":1,"st":0,"op":480,"ip":0,"hd":false,"cl":"","ln":"","ddd":0,"bm":0,"tt":0,"hasMask":false,"td":0,"ao":0,"ks":{"a":{"a":0,"k":[370.675,289.745,0],"ix":1},"s":{"a":0,"k":[100,100,100],"ix":6},"sk":{"a":0,"k":0},"p":{"a":0,"k":[-31.535,-140.405,0],"ix":2},"sa":{"a":0,"k":0},"o":{"a":0,"k":100,"ix":11},"r":{"a":0,"k":0,"ix":10}},"ef":[],"shapes":[{"ty":"gr","bm":0,"cl":"","ln":"","hd":false,"mn":"ADBE Vector Group","nm":"Group 1","ix":1,"cix":2,"np":2,"it":[{"ty":"sh","bm":0,"cl":"","ln":"","hd":false,"mn":"ADBE Vector Shape - Group","nm":"Path 1","ix":1,"d":1,"ks":{"a":0,"k":{"c":true,"i":[[-0.474,-1.117],[0,0],[1.708,-0.724],[0.724,1.708],[0,0],[0,0],[-1.13,0.468]],"o":[[0,0],[0.723,1.708],[-1.707,0.723],[0,0],[0,0],[-0.467,-1.13],[1.123,-0.464]],"v":[[-50.419,-125.224],[54.246,121.745],[52.464,126.147],[48.063,124.365],[48.052,124.339],[-54.502,-123.514],[-53.303,-126.406]]},"ix":2}},{"ty":"fl","bm":0,"cl":"","ln":"","hd":false,"mn":"ADBE Vector Graphic - Fill","nm":"Fill 1","c":{"a":0,"k":[0,0.0863,0.2196],"ix":4},"r":1,"o":{"a":0,"k":100,"ix":5}},{"ty":"tr","a":{"a":0,"k":[0,0],"ix":1},"s":{"a":0,"k":[100,100],"ix":3},"sk":{"a":0,"k":0,"ix":4},"p":{"a":0,"k":[575.647,203.261],"ix":2},"r":{"a":0,"k":0,"ix":6},"sa":{"a":0,"k":0,"ix":5},"o":{"a":0,"k":100,"ix":7}}]},{"ty":"gr","bm":0,"cl":"","ln":"","hd":false,"mn":"ADBE Vector Group","nm":"Group 2","ix":2,"cix":2,"np":2,"it":[{"ty":"sh","bm":0,"cl":"","ln":"","hd":false,"mn":"ADBE Vector Shape - Group","nm":"Path 1","ix":1,"d":1,"ks":{"a":0,"k":{"c":true,"i":[[1.71,-0.73],[0.01,-0.01],[0,0],[0.16,0.39],[-0.38,0.16],[0,0],[-0.73,-1.7]],"o":[[-0.01,0],[0,0],[-0.39,0.16],[-0.16,-0.39],[0,0],[1.71,-0.72],[0.73,1.71]],"v":[[160.165,-62.575],[160.125,-62.555],[-161.505,69.315],[-162.505,68.905],[-162.095,67.915],[157.525,-68.755],[161.935,-66.985]]},"ix":2}},{"ty":"fl","bm":0,"cl":"","ln":"","hd":false,"mn":"ADBE Vector Graphic - Fill","nm":"Fill 1","c":{"a":0,"k":[0,0.0863,0.2196],"ix":4},"r":1,"o":{"a":0,"k":100,"ix":5}},{"ty":"tr","a":{"a":0,"k":[0,0],"ix":1},"s":{"a":0,"k":[100,100],"ix":3},"sk":{"a":0,"k":0,"ix":4},"p":{"a":0,"k":[320.725,344.255],"ix":2},"r":{"a":0,"k":0,"ix":6},"sa":{"a":0,"k":0,"ix":5},"o":{"a":0,"k":100,"ix":7}}]},{"ty":"gr","bm":0,"cl":"","ln":"","hd":false,"mn":"ADBE Vector Group","nm":"Group 3","ix":3,"cix":2,"np":2,"it":[{"ty":"sh","bm":0,"cl":"","ln":"","hd":false,"mn":"ADBE Vector Shape - Group","nm":"Path 1","ix":1,"d":1,"ks":{"a":0,"k":{"c":true,"i":[[1.71,-0.73],[0.01,-0.01],[0,0],[0.16,0.39],[-0.38,0.16],[0,0],[-0.73,-1.7]],"o":[[-0.01,0],[0,0],[-0.39,0.16],[-0.16,-0.39],[0,0],[1.71,-0.72],[0.73,1.71]],"v":[[160.165,-62.575],[160.125,-62.555],[-161.505,69.315],[-162.505,68.905],[-162.095,67.915],[157.525,-68.755],[161.935,-66.985]]},"ix":2}},{"ty":"fl","bm":0,"cl":"","ln":"","hd":false,"mn":"ADBE Vector Graphic - Fill","nm":"Fill 1","c":{"a":0,"k":[0,0.0863,0.2196],"ix":4},"r":1,"o":{"a":0,"k":100,"ix":5}},{"ty":"tr","a":{"a":0,"k":[0,0],"ix":1},"s":{"a":0,"k":[100,100],"ix":3},"sk":{"a":0,"k":0,"ix":4},"p":{"a":0,"k":[295.255,283.435],"ix":2},"r":{"a":0,"k":0,"ix":6},"sa":{"a":0,"k":0,"ix":5},"o":{"a":0,"k":100,"ix":7}}]},{"ty":"gr","bm":0,"cl":"","ln":"","hd":false,"mn":"ADBE Vector Group","nm":"Group 4","ix":4,"cix":2,"np":2,"it":[{"ty":"sh","bm":0,"cl":"","ln":"","hd":false,"mn":"ADBE Vector Shape - Group","nm":"Path 1","ix":1,"d":1,"ks":{"a":0,"k":{"c":true,"i":[[0.39,-0.16],[0,0],[0.23,0.44],[0,0],[0,0],[0.74,0.33],[0.15,0.29],[0,0],[0,0],[1.05,0.47],[0.21,0.41],[0,0],[0,0],[0,0],[1.37,0.61],[0.28,0.53],[0,0],[0,0],[0,0],[0.7,-0.3],[0,0],[0,0],[0.72,1.71],[-1.71,0.72],[0,0],[0,0],[0,0],[0,0],[-1.49,-0.67],[-0.29,-0.59],[0,0],[0,0],[0,0],[-1.18,-0.53],[-0.23,-0.47],[0,0],[0,0],[-0.86,-0.38],[-0.17,-0.34],[0,0],[0,0],[-0.56,-0.25],[-0.11,-0.21],[0,0],[0,0],[-0.16,-0.39]],"o":[[0,0],[-0.47,0.19],[0,0],[0,0],[-0.33,0.75],[-0.32,-0.14],[0,0],[0,0],[-0.47,1.05],[-0.45,-0.2],[0,0],[0,0],[0,0],[-0.61,1.37],[-0.59,-0.26],[0,0],[0,0],[0,0],[-0.33,0.76],[0,0],[0,0],[-1.71,0.73],[-0.73,-1.71],[0,0],[0,0],[0,0],[0,0],[0.66,-1.49],[0.65,0.29],[0,0],[0,0],[0,0],[0.54,-1.17],[0.5,0.23],[0,0],[0,0],[0.39,-0.87],[0.38,0.17],[0,0],[0,0],[0.25,-0.56],[0.24,0.1],[0,0],[0,0],[0.39,-0.16],[0.16,0.38]],"v":[[162.09,-63.76],[114.49,-43.59],[113.25,-44.04],[99.68,-69.84],[64.32,9.68],[62.38,10.43],[61.66,9.74],[35.58,-41.51],[0.76,36.79],[-2,37.85],[-3.01,36.89],[-3.02,36.87],[-28.49,-13.23],[-62.79,63.89],[-66.36,65.26],[-67.67,64.02],[-67.68,64],[-92.54,15.11],[-108.3,51.12],[-109.93,52.74],[-109.96,52.75],[-157.53,72.9],[-161.93,71.12],[-160.15,66.72],[-160.13,66.71],[-113.53,47.42],[-95.45,6.98],[-95.44,6.96],[-91.54,5.47],[-90.11,6.85],[-65.37,56.48],[-30.76,-19.63],[-30.76,-19.65],[-27.66,-20.81],[-26.54,-19.72],[-1.24,31.07],[33.9,-46.22],[36.17,-47.1],[37.01,-46.29],[62.91,5.66],[98.59,-72.82],[100.05,-73.38],[100.58,-72.88],[114.57,-45.73],[161.5,-65.17],[162.5,-64.75]]},"ix":2}},{"ty":"fl","bm":0,"cl":"","ln":"","hd":false,"mn":"ADBE Vector Graphic - Fill","nm":"Fill 1","c":{"a":0,"k":[0,0.0863,0.2196],"ix":4},"r":1,"o":{"a":0,"k":100,"ix":5}},{"ty":"tr","a":{"a":0,"k":[0,0],"ix":1},"s":{"a":0,"k":[100,100],"ix":3},"sk":{"a":0,"k":0,"ix":4},"p":{"a":0,"k":[260.8,207.07],"ix":2},"r":{"a":0,"k":0,"ix":6},"sa":{"a":0,"k":0,"ix":5},"o":{"a":0,"k":100,"ix":7}}]},{"ty":"gr","bm":0,"cl":"","ln":"","hd":false,"mn":"ADBE Vector Group","nm":"Group 5","ix":5,"cix":2,"np":4,"it":[{"ty":"sh","bm":0,"cl":"","ln":"","hd":false,"mn":"ADBE Vector Shape - Group","nm":"Path 1","ix":1,"d":1,"ks":{"a":0,"k":{"c":true,"i":[[0,0],[0,0],[0,0],[0,0],[0,0],[0,0],[0,0],[0,0],[-26.72,11.17],[-25.79,11.02],[0.38,0.86],[0,0],[0,0],[0.85,-0.37],[-5.97,-13],[0,0],[0,0],[26.69,-11.07],[0,0],[0,0]],"o":[[0,0],[0,0],[0,0],[0,0],[0,0],[0,0],[0,0],[26.8,-11],[25.89,-10.8],[-0.38,-0.86],[0,0],[0,0],[-0.85,0.36],[5.55,12.68],[0,0],[0,0],[-26.61,11.22],[0,0],[0,0],[0,0]],"v":[[-151.82,87.435],[-150.15,86.745],[-166.22,47.515],[-168.2,48.325],[-167.04,45.505],[-166.22,47.515],[-87.77,15.405],[-7.46,-17.795],[72.71,-51.325],[150.14,-84.265],[149.01,-86.855],[149.02,-86.855],[152.68,-85.355],[150.14,-84.265],[167.5,-46.005],[88.33,-12.285],[8.49,21.255],[-71.66,54.485],[-150.15,86.745],[-149.48,88.395]]},"ix":2}},{"ty":"sh","bm":0,"cl":"","ln":"","hd":false,"mn":"ADBE Vector Shape - Group","nm":"Path 2","ix":2,"d":1,"ks":{"a":0,"k":{"c":true,"i":[[6.05,14.94],[0,0],[1.42,-0.58],[0,0],[26.71,-11.23],[26.64,-11.37],[0,0],[0,0],[0,0],[-0.47,-1.09],[0,0],[0,0],[-0.9,0.39],[0,0],[-26.83,11.16],[0,0],[0,0]],"o":[[0,0],[-0.58,-1.41],[0,0],[-26.79,11.01],[-26.71,11.2],[0,0],[0,0],[0,0],[-1.08,0.47],[0,0],[0,0],[0.39,0.9],[0,0],[26.75,-11.31],[0,0],[0,0],[-5.55,-14.62]],"v":[[154.18,-89.015],[154.17,-89.025],[150.56,-90.535],[150.51,-90.515],[70.16,-57.405],[-9.97,-23.805],[-89.98,10.135],[-169.86,44.345],[-169.9,44.355],[-171.02,47.175],[-152.78,89.775],[-152.77,89.795],[-150.44,90.725],[-70.29,56.545],[9.88,22.635],[90.35,-10.955],[171.49,-44.365]]},"ix":2}},{"ty":"mm","bm":0,"cl":"","ln":"","hd":false,"mn":"ADBE Vector Filter - Merge","nm":"Merge Paths 1","mm":1},{"ty":"fl","bm":0,"cl":"","ln":"","hd":false,"mn":"ADBE Vector Graphic - Fill","nm":"Fill 1","c":{"a":0,"k":[0,0.0863,0.2196],"ix":4},"r":1,"o":{"a":0,"k":100,"ix":5}},{"ty":"tr","a":{"a":0,"k":[0,0],"ix":1},"s":{"a":0,"k":[100,100],"ix":3},"sk":{"a":0,"k":0,"ix":4},"p":{"a":0,"k":[350.3,427.355],"ix":2},"r":{"a":0,"k":0,"ix":6},"sa":{"a":0,"k":0,"ix":5},"o":{"a":0,"k":100,"ix":7}}]},{"ty":"gr","bm":0,"cl":"","ln":"","hd":false,"mn":"ADBE Vector Group","nm":"Group 6","ix":6,"cix":2,"np":2,"it":[{"ty":"sh","bm":0,"cl":"","ln":"","hd":false,"mn":"ADBE Vector Shape - Group","nm":"Path 1","ix":1,"d":1,"ks":{"a":0,"k":{"c":true,"i":[[1.69,-0.72],[0.72,1.69],[0,0],[0,0],[0,0],[0,0],[0,0],[-0.39,0.16],[-0.16,-0.39],[0,0],[0,0],[0,0],[0,-0.02]],"o":[[-1.7,0.73],[0,0],[-0.01,-0.01],[0,0],[0,0],[0,0],[-0.16,-0.38],[0.39,-0.16],[0,0],[0,0],[0,0],[0.01,0.02],[0.69,1.7]],"v":[[73.14,176.615],[68.75,174.855],[68.74,174.845],[68.72,174.805],[67.16,171.015],[-74.36,-173.525],[-75.46,-176.195],[-75.04,-177.185],[-74.05,-176.775],[-72.92,-174.135],[73.3,168.435],[74.91,172.205],[74.93,172.265]]},"ix":2}},{"ty":"fl","bm":0,"cl":"","ln":"","hd":false,"mn":"ADBE Vector Graphic - Fill","nm":"Fill 1","c":{"a":0,"k":[0,0.0863,0.2196],"ix":4},"r":1,"o":{"a":0,"k":100,"ix":5}},{"ty":"tr","a":{"a":0,"k":[0,0],"ix":1},"s":{"a":0,"k":[100,100],"ix":3},"sk":{"a":0,"k":0,"ix":4},"p":{"a":0,"k":[508.19,234.465],"ix":2},"r":{"a":0,"k":0,"ix":6},"sa":{"a":0,"k":0,"ix":5},"o":{"a":0,"k":100,"ix":7}}]},{"ty":"gr","bm":0,"cl":"","ln":"","hd":false,"mn":"ADBE Vector Group","nm":"Group 7","ix":7,"cix":2,"np":4,"it":[{"ty":"sh","bm":0,"cl":"","ln":"","hd":false,"mn":"ADBE Vector Shape - Group","nm":"Path 1","ix":1,"d":1,"ks":{"a":0,"k":{"c":true,"i":[[6.16,2.81],[2.41,6.52],[0,0],[0,0],[0,0],[0,0],[0,0],[-2.39,6.41],[-6.3,2.66],[-6.31,-2.73],[-2.59,-6.61],[0,0],[0,0],[0,0],[0,0],[0,0],[2.56,-6.44],[6.35,-2.54]],"o":[[-6.24,-2.8],[0,0],[0,0],[0,0],[0,0],[0,0],[-2.95,-6.31],[2.32,-6.37],[6.27,-2.75],[6.39,2.7],[0,0],[0,0],[0,0],[0,0],[0,0],[2.9,6.49],[-2.49,6.43],[-6.33,2.62]],"v":[[42.18,146.92],[28.78,132.38],[12.02,91.27],[-4.84,50.2],[-21.94,9.24],[-56.63,-72.48],[-74.12,-113.28],[-75.07,-133.04],[-61.43,-147.41],[-41.46,-147.42],[-27.47,-132.82],[-9.99,-92.02],[24.71,-10.29],[41.81,30.67],[58.67,71.74],[75.43,112.84],[76.01,133.06],[61.99,147.29]]},"ix":2}},{"ty":"sh","bm":0,"cl":"","ln":"","hd":false,"mn":"ADBE Vector Shape - Group","nm":"Path 2","ix":2,"d":1,"ks":{"a":0,"k":{"c":true,"i":[[3.3,6.96],[0,0],[0,0],[0,0],[0,0],[0,0],[7.27,3.16],[7.38,-3.07],[2.88,-7.5],[-3.24,-7.15],[0,0],[0,0],[0,0],[0,0],[0,0],[-7.42,-3.06],[-7.32,3.2],[-2.72,7.44]],"o":[[0,0],[0,0],[0,0],[0,0],[0,0],[-2.66,-7.23],[-7.21,-3.28],[-7.42,2.98],[-3.02,7.43],[0,0],[0,0],[0,0],[0,0],[0,0],[2.82,7.32],[7.37,3.2],[7.37,-3.1],[2.84,-7.4]],"v":[[78.63,111.5],[61.1,70.72],[43.67,29.89],[26.48,-11.03],[-7.42,-93.09],[-24.22,-134.18],[-39.89,-151.01],[-63.1,-151.4],[-79.47,-134.73],[-78.83,-111.31],[-62.03,-70.22],[-28.13,11.83],[-10.94,52.76],[6.49,93.59],[24.03,134.37],[40.28,151.26],[63.65,151.27],[79.65,134.46]]},"ix":2}},{"ty":"mm","bm":0,"cl":"","ln":"","hd":false,"mn":"ADBE Vector Filter - Merge","nm":"Merge Paths 1","mm":1},{"ty":"fl","bm":0,"cl":"","ln":"","hd":false,"mn":"ADBE Vector Graphic - Fill","nm":"Fill 1","c":{"a":0,"k":[0,0.0863,0.2196],"ix":4},"r":1,"o":{"a":0,"k":100,"ix":5}},{"ty":"tr","a":{"a":0,"k":[0,0],"ix":1},"s":{"a":0,"k":[100,100],"ix":3},"sk":{"a":0,"k":0,"ix":4},"p":{"a":0,"k":[571.59,202.66],"ix":2},"r":{"a":0,"k":0,"ix":6},"sa":{"a":0,"k":0,"ix":5},"o":{"a":0,"k":100,"ix":7}}]},{"ty":"gr","bm":0,"cl":"","ln":"","hd":false,"mn":"ADBE Vector Group","nm":"Group 8","ix":8,"cix":2,"np":2,"it":[{"ty":"sh","bm":0,"cl":"","ln":"","hd":false,"mn":"ADBE Vector Shape - Group","nm":"Path 1","ix":1,"d":1,"ks":{"a":0,"k":{"c":true,"i":[[0,0],[0,0],[0,0],[0,0]],"o":[[0,0],[0,0],[0,0],[0,0]],"v":[[169.264,-45.762],[-151.363,88.508],[-169.264,45.762],[151.363,-88.508]]},"ix":2}},{"ty":"fl","bm":0,"cl":"","ln":"","hd":false,"mn":"ADBE Vector Graphic - Fill","nm":"Fill 1","c":{"a":0,"k":[1,1,0.6667],"ix":4},"r":1,"o":{"a":0,"k":100,"ix":5}},{"ty":"tr","a":{"a":0,"k":[0,0],"ix":1},"s":{"a":0,"k":[100,100],"ix":3},"sk":{"a":0,"k":0,"ix":4},"p":{"a":0,"k":[350.533,427.93],"ix":2},"r":{"a":0,"k":0,"ix":6},"sa":{"a":0,"k":0,"ix":5},"o":{"a":0,"k":100,"ix":7}}]},{"ty":"gr","bm":0,"cl":"","ln":"","hd":false,"mn":"ADBE Vector Group","nm":"Group 9","ix":9,"cix":2,"np":2,"it":[{"ty":"sh","bm":0,"cl":"","ln":"","hd":false,"mn":"ADBE Vector Shape - Group","nm":"Path 1","ix":1,"d":1,"ks":{"a":0,"k":{"c":true,"i":[[-13.979,5.854],[0,0],[5.855,13.98],[0,0],[13.98,-5.855],[-5.854,-13.98],[0,0]],"o":[[0,0],[13.98,-5.854],[0,0],[-5.854,-13.98],[-13.98,5.854],[0,0],[5.855,13.979]],"v":[[62.54,149.342],[62.54,149.342],[77.252,113.43],[-26.628,-134.629],[-62.541,-149.341],[-77.253,-113.428],[26.627,134.631]]},"ix":2}},{"ty":"fl","bm":0,"cl":"","ln":"","hd":false,"mn":"ADBE Vector Graphic - Fill","nm":"Fill 1","c":{"a":0,"k":[1,1,0.6667],"ix":4},"r":1,"o":{"a":0,"k":100,"ix":5}},{"ty":"tr","a":{"a":0,"k":[0,0],"ix":1},"s":{"a":0,"k":[100,100],"ix":3},"sk":{"a":0,"k":0,"ix":4},"p":{"a":0,"k":[571.869,202.597],"ix":2},"r":{"a":0,"k":0,"ix":6},"sa":{"a":0,"k":0,"ix":5},"o":{"a":0,"k":100,"ix":7}}]},{"ty":"gr","bm":0,"cl":"","ln":"","hd":false,"mn":"ADBE Vector Group","nm":"Group 11","ix":10,"cix":2,"np":4,"it":[{"ty":"sh","bm":0,"cl":"","ln":"","hd":false,"mn":"ADBE Vector Shape - Group","nm":"Path 1","ix":1,"d":1,"ks":{"a":0,"k":{"c":true,"i":[[2.84,-7.4],[7.37,-3.1],[7.37,3.2],[2.82,7.32],[0,0],[0,0],[0,0],[0,0],[0,0],[-3.02,7.43],[-7.42,2.98],[-7.21,-3.28],[-2.66,-7.23],[0,0],[0,0],[0,0],[0,0],[0,0]],"o":[[-2.72,7.44],[-7.32,3.2],[-7.42,-3.06],[0,0],[0,0],[0,0],[0,0],[0,0],[-3.24,-7.15],[2.88,-7.5],[7.38,-3.07],[7.27,3.16],[0,0],[0,0],[0,0],[0,0],[0,0],[3.3,6.96]],"v":[[64.605,132.355],[48.605,149.165],[25.235,149.155],[8.985,132.265],[-8.555,91.485],[-25.985,50.655],[-43.175,9.725],[-77.075,-72.325],[-93.875,-113.415],[-94.515,-136.835],[-78.145,-153.505],[-54.935,-153.115],[-39.265,-136.285],[-22.465,-95.195],[11.435,-13.135],[28.625,27.785],[46.055,68.615],[63.585,109.395]]},"ix":2}},{"ty":"sh","bm":0,"cl":"","ln":"","hd":false,"mn":"ADBE Vector Shape - Group","nm":"Path 2","ix":2,"d":1,"ks":{"a":0,"k":{"c":true,"i":[[0,0],[0,0],[5.43,2.13],[2.24,5.41],[-2.37,5.36],[-5.36,2.03],[0,0],[0,0],[0,0],[5.51,2.18],[2.27,5.5],[-2.41,5.44],[-5.41,2.05],[0,0],[0,0],[0,0],[5.59,2.22],[2.3,5.59],[-2.44,5.53],[-5.47,2.08],[0,0],[0,0],[12.93,5.32],[5.98,12.58],[0,0],[0,0],[0,0],[-5.63,12.24],[-13.01,5.22]],"o":[[0,0],[-5.17,2.4],[-5.47,-2.04],[-2.31,-5.39],[2.27,-5.4],[0,0],[0,0],[0,0],[-5.23,2.42],[-5.56,-2.07],[-2.35,-5.47],[2.3,-5.48],[0,0],[0,0],[0,0],[-5.29,2.46],[-5.65,-2.11],[-2.38,-5.55],[2.34,-5.57],[0,0],[0,0],[-13.06,4.9],[-12.91,-5.18],[0,0],[0,0],[0,0],[-3.94,-13.23],[5.9,-13.16],[0,0]],"v":[[139.175,48.255],[110.225,60.435],[93.265,61.065],[80.985,49.225],[81.105,32.145],[93.465,20.395],[122.155,8.315],[107.705,-25.995],[79.085,-13.935],[61.855,-13.315],[49.385,-25.345],[49.505,-42.695],[62.045,-54.625],[90.405,-66.575],[76.235,-100.235],[47.925,-88.315],[30.425,-87.695],[17.765,-99.935],[17.875,-117.565],[30.605,-129.695],[58.625,-141.505],[46.795,-169.565],[5.895,-170.165],[-23.785,-198.135],[-151.365,-144.435],[-5.145,198.135],[118.695,145.995],[121.405,106.035],[151.365,77.185]]},"ix":2}},{"ty":"mm","bm":0,"cl":"","ln":"","hd":false,"mn":"ADBE Vector Filter - Merge","nm":"Merge Paths 1","mm":1},{"ty":"fl","bm":0,"cl":"","ln":"","hd":false,"mn":"ADBE Vector Graphic - Fill","nm":"Fill 1","c":{"a":0,"k":[1,1,1],"ix":4},"r":1,"o":{"a":0,"k":100,"ix":5}},{"ty":"tr","a":{"a":0,"k":[0,0],"ix":1},"s":{"a":0,"k":[100,100],"ix":3},"sk":{"a":0,"k":0,"ix":4},"p":{"a":0,"k":[586.635,204.765],"ix":2},"r":{"a":0,"k":0,"ix":6},"sa":{"a":0,"k":0,"ix":5},"o":{"a":0,"k":100,"ix":7}}]},{"ty":"gr","bm":0,"cl":"","ln":"","hd":false,"mn":"ADBE Vector Group","nm":"Group 12","ix":11,"cix":2,"np":7,"it":[{"ty":"sh","bm":0,"cl":"","ln":"","hd":false,"mn":"ADBE Vector Shape - Group","nm":"Path 1","ix":1,"d":1,"ks":{"a":0,"k":{"c":true,"i":[[0,0],[0,0],[26.75,-11.31],[0,0],[0.39,0.9],[0,0],[0,0],[-1.08,0.47],[0,0],[0,0],[0,0],[-26.71,11.2],[-26.79,11.01],[0,0],[-0.58,-1.41],[0,0],[-5.55,-14.62]],"o":[[0,0],[-26.83,11.16],[0,0],[-0.9,0.39],[0,0],[0,0],[-0.47,-1.09],[0,0],[0,0],[0,0],[26.64,-11.37],[26.71,-11.23],[0,0],[1.42,-0.58],[0,0],[6.05,14.94],[0,0]],"v":[[149.08,99.995],[68.61,133.585],[-11.56,167.495],[-91.71,201.675],[-94.04,200.745],[-94.05,200.725],[-112.29,158.125],[-111.17,155.305],[-111.13,155.295],[-31.25,121.085],[48.76,87.145],[128.89,53.545],[209.24,20.435],[209.29,20.415],[212.9,21.925],[212.91,21.935],[230.22,66.585]]},"ix":2}},{"ty":"sh","bm":0,"cl":"","ln":"","hd":false,"mn":"ADBE Vector Shape - Group","nm":"Path 2","ix":2,"d":1,"ks":{"a":0,"k":{"c":true,"i":[[0,0],[0.16,0.39],[-0.38,0.16],[0,0],[-0.73,-1.7],[1.71,-0.73],[0.01,-0.01]],"o":[[-0.39,0.16],[-0.16,-0.39],[0,0],[1.71,-0.72],[0.73,1.71],[-0.01,0],[0,0]],"v":[[-132.35,97.165],[-133.35,96.755],[-132.94,95.765],[186.68,-40.905],[191.09,-39.135],[189.32,-34.725],[189.28,-34.705]]},"ix":2}},{"ty":"sh","bm":0,"cl":"","ln":"","hd":false,"mn":"ADBE Vector Shape - Group","nm":"Path 3","ix":3,"d":1,"ks":{"a":0,"k":{"c":true,"i":[[0,0],[0.16,0.39],[-0.38,0.16],[0,0],[-0.73,-1.7],[1.71,-0.73],[0.01,-0.01]],"o":[[-0.39,0.16],[-0.16,-0.39],[0,0],[1.71,-0.72],[0.73,1.71],[-0.01,0],[0,0]],"v":[[-157.82,36.345],[-158.82,35.935],[-158.41,34.945],[161.21,-101.725],[165.62,-99.955],[163.85,-95.545],[163.81,-95.525]]},"ix":2}},{"ty":"sh","bm":0,"cl":"","ln":"","hd":false,"mn":"ADBE Vector Shape - Group","nm":"Path 4","ix":4,"d":1,"ks":{"a":0,"k":{"c":true,"i":[[0,0],[0.72,1.71],[-1.71,0.72],[0,0],[0,0],[0,0],[0,0],[-1.49,-0.67],[-0.29,-0.59],[0,0],[0,0],[0,0],[-1.18,-0.53],[-0.23,-0.47],[0,0],[0,0],[-0.86,-0.38],[-0.17,-0.34],[0,0],[0,0],[-0.56,-0.25],[-0.11,-0.21],[0,0],[0,0],[-0.16,-0.39],[0.39,-0.16],[0,0],[0.23,0.44],[0,0],[0,0],[0.74,0.33],[0.15,0.29],[0,0],[0,0],[1.05,0.47],[0.21,0.41],[0,0],[0,0],[0,0],[1.37,0.61],[0.28,0.53],[0,0],[0,0],[0,0],[0.7,-0.3],[0,0]],"o":[[-1.71,0.73],[-0.73,-1.71],[0,0],[0,0],[0,0],[0,0],[0.66,-1.49],[0.65,0.29],[0,0],[0,0],[0,0],[0.54,-1.17],[0.5,0.23],[0,0],[0,0],[0.39,-0.87],[0.38,0.17],[0,0],[0,0],[0.25,-0.56],[0.24,0.1],[0,0],[0,0],[0.39,-0.16],[0.16,0.38],[0,0],[-0.47,0.19],[0,0],[0,0],[-0.33,0.75],[-0.32,-0.14],[0,0],[0,0],[-0.47,1.05],[-0.45,-0.2],[0,0],[0,0],[0,0],[-0.61,1.37],[-0.59,-0.26],[0,0],[0,0],[0,0],[-0.33,0.76],[0,0],[0,0]],"v":[[-188.3,-36.435],[-192.7,-38.215],[-190.92,-42.615],[-190.9,-42.625],[-144.3,-61.915],[-126.22,-102.355],[-126.21,-102.375],[-122.31,-103.865],[-120.88,-102.485],[-96.14,-52.855],[-61.53,-128.965],[-61.53,-128.985],[-58.43,-130.145],[-57.31,-129.055],[-32.01,-78.265],[3.13,-155.555],[5.4,-156.435],[6.24,-155.625],[32.14,-103.675],[67.82,-182.155],[69.28,-182.715],[69.81,-182.215],[83.8,-155.065],[130.73,-174.505],[131.73,-174.085],[131.32,-173.095],[83.72,-152.925],[82.48,-153.375],[68.91,-179.175],[33.55,-99.655],[31.61,-98.905],[30.89,-99.595],[4.81,-150.845],[-30.01,-72.545],[-32.77,-71.485],[-33.78,-72.445],[-33.79,-72.465],[-59.26,-122.565],[-93.56,-45.445],[-97.13,-44.075],[-98.44,-45.315],[-98.45,-45.335],[-123.31,-94.225],[-139.07,-58.215],[-140.7,-56.595],[-140.73,-56.585]]},"ix":2}},{"ty":"sh","bm":0,"cl":"","ln":"","hd":false,"mn":"ADBE Vector Shape - Group","nm":"Path 5","ix":5,"d":1,"ks":{"a":0,"k":{"c":true,"i":[[0,0],[0,0],[0,0],[0,0],[5.34,-12.81],[12.52,-6.02],[0,0],[0,0],[-5.79,-2.32],[-2.37,-5.8],[2.55,-5.7],[5.59,-2.1],[0,0],[0,0],[0,0],[-5.73,-2.29],[-2.35,-5.74],[2.52,-5.64],[5.55,-2.07],[0,0],[0,0],[0,0],[-5.64,-2.27],[-2.29,-5.64],[2.48,-5.53],[5.47,-2.04],[0,0],[0,0],[-13.12,-5.3],[-6.17,-12.41],[0,0],[0,0]],"o":[[0,0],[0,0],[0,0],[4.64,13.09],[-5.24,12.89],[0,0],[0,0],[5.44,-2.51],[5.85,2.21],[2.45,5.75],[-2.41,5.74],[0,0],[0,0],[0,0],[5.39,-2.49],[5.8,2.19],[2.43,5.7],[-2.4,5.68],[0,0],[0,0],[0,0],[5.35,-2.46],[5.7,2.16],[2.37,5.61],[-2.37,5.57],[0,0],[0,0],[13.03,-5.16],[12.8,5.03],[0,0],[0,0],[0,0]],"v":[[142.26,-255.465],[8.08,-198.985],[-124.72,-143.175],[-254.78,-88.845],[-255.82,-48.155],[-283.78,-18.485],[-272.59,8.335],[-245.2,-3.095],[-227.04,-3.685],[-213.94,9.045],[-214.11,27.285],[-227.25,39.755],[-254.81,51.245],[-241.42,83.355],[-213.82,71.835],[-195.84,71.245],[-182.86,83.845],[-183.03,101.905],[-196.06,114.245],[-223.82,125.835],[-210.28,158.415],[-182.41,146.865],[-164.7,146.315],[-151.97,158.705],[-152.17,176.425],[-164.97,188.495],[-193.28,200.225],[-181.8,227.915],[-140.57,228.055],[-110.8,255.465],[152.05,144.535],[283.78,89.075]]},"ix":2}},{"ty":"mm","bm":0,"cl":"","ln":"","hd":false,"mn":"ADBE Vector Filter - Merge","nm":"Merge Paths 1","mm":1},{"ty":"fl","bm":0,"cl":"","ln":"","hd":false,"mn":"ADBE Vector Graphic - Fill","nm":"Fill 1","c":{"a":0,"k":[1,1,1],"ix":4},"r":1,"o":{"a":0,"k":100,"ix":5}},{"ty":"tr","a":{"a":0,"k":[0,0],"ix":1},"s":{"a":0,"k":[100,100],"ix":3},"sk":{"a":0,"k":0,"ix":4},"p":{"a":0,"k":[291.57,316.405],"ix":2},"r":{"a":0,"k":0,"ix":6},"sa":{"a":0,"k":0,"ix":5},"o":{"a":0,"k":100,"ix":7}}]},{"ty":"gr","bm":0,"cl":"","ln":"","hd":false,"mn":"ADBE Vector Group","nm":"Group 13","ix":12,"cix":2,"np":4,"it":[{"ty":"sh","bm":0,"cl":"","ln":"","hd":false,"mn":"ADBE Vector Shape - Group","nm":"Path 1","ix":1,"d":1,"ks":{"a":0,"k":{"c":true,"i":[[0,0],[0,0],[0,0],[5.9,-13.16],[-3.94,-13.23],[0,0],[0,0],[0,0],[0.4,1.33],[0,0],[0,0],[0,0],[0,0],[-0.4,-0.93],[0,0],[0,0],[0,0],[12.8,5.03],[13.03,-5.16],[0,0],[0,0],[0,0],[-0.55,0.22],[0,0],[0,0],[0,0],[0,0],[0,0],[-2.37,5.57],[2.37,5.61],[5.7,2.16],[5.35,-2.46],[0,0],[0,0],[0,0],[0,0],[0,0],[0,0],[0,0],[0,0],[0,0],[-2.4,5.68],[2.43,5.7],[5.8,2.19],[5.39,-2.49],[0,0],[0,0],[0,0],[0,0],[0,0],[0,0],[0,0],[0,0],[0,0],[-2.41,5.74],[2.45,5.75],[5.85,2.21],[5.44,-2.51],[0,0],[0,0],[0,0],[0,0],[0,0],[0.95,-0.39],[0,0],[0,0],[-5.24,12.89],[4.64,13.09],[0,0],[0,0],[-0.35,-1.01],[0,0],[0,0],[0,0],[0,0],[0,0],[0.34,0.81],[0,0],[0,0],[-12.91,-5.18],[-13.06,4.9],[0,0],[0,0],[0.75,-0.27],[0,0],[0,0],[0,0],[0,0],[0,0],[2.34,-5.57],[-2.38,-5.55],[-5.65,-2.11],[-5.29,2.46],[0,0],[0,0],[0,0],[0,0],[0,0],[0,0],[0,0],[0,0],[0,0],[2.3,-5.48],[-2.35,-5.47],[-5.56,-2.07],[-5.23,2.42],[0,0],[0,0],[0,0],[0,0],[0,0],[0,0],[0,0],[0,0],[0,0],[2.27,-5.4],[-2.31,-5.39],[-5.47,-2.04],[-5.17,2.4],[0,0],[0,0],[0,0],[0,0],[0,0],[-0.39,0.15]],"o":[[0,0],[0,0],[-13.01,5.22],[-5.63,12.24],[0,0],[0,0],[0,0],[-0.5,-1.3],[0,0],[0,0],[0,0],[0,0],[0.45,0.9],[0,0],[0,0],[0,0],[-6.17,-12.41],[-13.12,-5.3],[0,0],[0,0],[0,0],[0.54,-0.24],[0,0],[0,0],[0,0],[0,0],[0,0],[5.47,-2.04],[2.48,-5.53],[-2.29,-5.64],[-5.64,-2.27],[0,0],[0,0],[0,0],[0,0],[0,0],[0,0],[0,0],[0,0],[0,0],[5.55,-2.07],[2.52,-5.64],[-2.35,-5.74],[-5.73,-2.29],[0,0],[0,0],[0,0],[0,0],[0,0],[0,0],[0,0],[0,0],[0,0],[5.59,-2.1],[2.55,-5.7],[-2.37,-5.8],[-5.79,-2.32],[0,0],[0,0],[0,0],[0,0],[0,0],[-0.93,0.45],[0,0],[0,0],[12.52,-6.02],[5.34,-12.81],[0,0],[0,0],[0.42,0.98],[0,0],[0,0],[0,0],[0,0],[0,0],[-0.38,-0.79],[0,0],[0,0],[5.98,12.58],[12.93,5.32],[0,0],[0,0],[-0.74,0.31],[0,0],[0,0],[0,0],[0,0],[0,0],[-5.47,2.08],[-2.44,5.53],[2.3,5.59],[5.59,2.22],[0,0],[0,0],[0,0],[0,0],[0,0],[0,0],[0,0],[0,0],[0,0],[-5.41,2.05],[-2.41,5.44],[2.27,5.5],[5.51,2.18],[0,0],[0,0],[0,0],[0,0],[0,0],[0,0],[0,0],[0,0],[0,0],[-5.36,2.03],[-2.37,5.36],[2.24,5.41],[5.43,2.13],[0,0],[0,0],[0,0],[0,0],[0,0],[0.39,-0.15],[0,0]],"v":[[367.825,-6.595],[367.755,-6.775],[367.325,-7.795],[337.365,21.055],[334.655,61.015],[338.395,59.445],[336.055,65.155],[335.995,64.955],[334.655,61.015],[210.815,113.155],[204.675,115.735],[72.945,171.195],[-189.905,282.125],[-188.635,284.875],[-192.595,283.255],[-192.415,283.185],[-189.905,282.125],[-219.675,254.715],[-260.905,254.575],[-260.155,256.385],[-262.735,255.325],[-262.545,255.255],[-260.905,254.575],[-272.385,226.885],[-274.305,227.685],[-273.185,224.955],[-272.385,226.885],[-244.075,215.155],[-231.275,203.085],[-231.075,185.365],[-243.805,172.975],[-261.515,173.525],[-289.385,185.075],[-288.405,187.425],[-291.745,186.055],[-289.385,185.075],[-302.925,152.495],[-305.375,153.515],[-303.945,150.035],[-302.925,152.495],[-275.165,140.905],[-262.135,128.565],[-261.965,110.505],[-274.945,97.905],[-292.925,98.495],[-320.525,110.015],[-319.435,112.615],[-323.135,111.105],[-320.525,110.015],[-333.915,77.905],[-336.565,79.015],[-335.025,75.245],[-333.915,77.905],[-306.355,66.415],[-293.215,53.945],[-293.045,35.705],[-306.145,22.975],[-324.305,23.565],[-351.695,34.995],[-350.525,37.805],[-354.515,36.165],[-351.695,34.995],[-362.885,8.175],[-365.705,9.435],[-364.045,5.385],[-362.885,8.175],[-334.925,-21.495],[-333.885,-62.185],[-336.755,-60.985],[-335.035,-65.175],[-333.885,-62.185],[-203.825,-116.515],[-71.025,-172.325],[63.155,-228.805],[64.595,-229.415],[192.175,-283.115],[191.105,-285.505],[194.525,-284.105],[192.175,-283.115],[221.855,-255.145],[262.755,-254.545],[261.835,-256.715],[264.985,-255.425],[262.755,-254.545],[274.585,-226.485],[276.725,-227.385],[275.485,-224.355],[274.585,-226.485],[246.565,-214.675],[233.835,-202.545],[233.725,-184.915],[246.385,-172.675],[263.885,-173.295],[292.195,-185.215],[291.405,-187.085],[294.055,-186.005],[292.195,-185.215],[306.365,-151.555],[308.165,-152.315],[307.125,-149.765],[306.365,-151.555],[278.005,-139.605],[265.465,-127.675],[265.345,-110.325],[277.815,-98.295],[295.045,-98.915],[323.665,-110.975],[323.015,-112.525],[325.205,-111.625],[323.665,-110.975],[338.115,-76.665],[339.585,-77.285],[338.725,-75.205],[338.115,-76.665],[309.425,-64.585],[297.065,-52.835],[296.945,-35.755],[309.225,-23.915],[326.185,-24.545],[355.135,-36.725],[354.615,-37.955],[356.355,-37.245],[355.135,-36.725],[367.325,-7.795],[368.495,-8.245]]},"ix":2}},{"ty":"sh","bm":0,"cl":"","ln":"","hd":false,"mn":"ADBE Vector Shape - Group","nm":"Path 2","ix":2,"d":1,"ks":{"a":0,"k":{"c":true,"i":[[0.28,0.61],[0,0],[0,0],[0.68,-0.28],[0,0],[4.77,1.86],[1.92,4.7],[-2.06,4.62],[-4.85,1.83],[0,0],[0,0],[0.34,0.81],[0,0],[0.85,-0.36],[0,0],[4.69,1.81],[1.88,4.61],[-2.02,4.54],[-4.8,1.82],[0,0],[0.42,0.98],[0,0],[1.03,-0.44],[0,0],[4.6,1.79],[1.85,4.54],[-2,4.45],[-4.73,1.79],[0,0],[0.49,1.18],[0,0],[0,0],[1.22,-0.52],[12.45,5.18],[5.12,12.44],[0,0],[1.33,-0.55],[0,0],[0,0],[0,0],[0,0],[0,0],[0,0],[-0.69,-1.62],[5.08,-12.31],[12.3,-5.13],[0,0],[-0.67,-1.57],[0,0],[0,0],[-1.55,0.65],[0,0],[-4.42,-1.67],[-1.79,-4.33],[1.89,-4.28],[4.62,-1.78],[0,0],[-0.62,-1.47],[0,0],[-1.44,0.61],[0,0],[-4.47,-1.7],[-1.81,-4.38],[1.91,-4.33],[4.66,-1.79],[0,0],[0,0],[-0.57,-1.35],[0,0],[0,0],[-1.29,0.54],[0,0],[-4.56,-1.73],[-1.86,-4.48],[1.96,-4.45],[4.74,-1.83],[0,0],[-0.45,-1.06],[0,0],[-0.98,0.34],[0,0],[0,0],[-12.35,-5.33],[-4.95,-12.37],[0,0],[-1.52,0.63],[0,0],[0,0],[0,0],[0,0],[0,0],[0,0],[0.83,2.2],[0,0],[0,0],[-4.67,12.55],[-12.54,5.76],[0,0]],"o":[[0,0],[0,0],[-0.29,-0.67],[0,0],[-4.75,2.16],[-4.75,-1.79],[-1.99,-4.68],[2.05,-4.67],[0,0],[0,0],[0.81,-0.34],[0,0],[-0.36,-0.85],[0,0],[-4.69,2.13],[-4.66,-1.77],[-1.95,-4.6],[2.01,-4.59],[0,0],[0.99,-0.42],[0,0],[-0.44,-1.02],[0,0],[-4.64,2.11],[-4.59,-1.73],[-1.9,-4.5],[1.98,-4.51],[0,0],[1.18,-0.5],[0,0],[0,0],[-0.52,-1.23],[-12.46,5.22],[-12.49,-5.1],[0,0],[-0.55,-1.32],[0,0],[0,0],[0,0],[0,0],[0,0],[0,0],[-1.62,0.69],[5.19,12.25],[-4.99,12.35],[0,0],[-1.58,0.67],[0,0],[0,0],[0.65,1.55],[0,0],[4.48,-2.05],[4.37,1.64],[1.84,4.3],[-1.9,4.33],[0,0],[-1.47,0.61],[0,0],[0.61,1.44],[0,0],[4.52,-2.07],[4.42,1.65],[1.86,4.35],[-1.92,4.38],[0,0],[0,0],[-1.34,0.57],[0,0],[0,0],[0.55,1.29],[0,0],[4.57,-2.11],[4.53,1.68],[1.92,4.46],[-1.94,4.5],[0,0],[-1.06,0.44],[0,0],[0.41,0.95],[0,0],[0,0],[12.6,-5.11],[12.4,5.25],[0,0],[0.64,1.52],[0,0],[0,0],[0,0],[0,0],[0,0],[0,0],[2.16,-0.9],[0,0],[0,0],[-5.51,-11.75],[4.56,-12.58],[0,0],[0.61,-0.28]],"v":[[370.145,-7.565],[370.065,-7.745],[357.065,-38.985],[355.325,-39.695],[325.115,-27.115],[310.245,-26.585],[299.645,-36.885],[299.795,-51.645],[310.595,-61.765],[340.815,-74.345],[340.815,-74.355],[341.665,-76.435],[326.105,-113.815],[323.915,-114.715],[293.695,-102.135],[279.085,-101.605],[268.685,-111.715],[268.835,-126.205],[279.455,-136.145],[309.665,-148.725],[310.705,-151.265],[295.145,-188.655],[292.495,-189.735],[262.265,-177.155],[247.915,-176.645],[237.705,-186.585],[237.875,-200.785],[248.295,-210.535],[278.515,-223.105],[279.765,-226.145],[266.275,-258.575],[266.275,-258.585],[263.125,-259.865],[223.755,-259.795],[195.935,-287.535],[195.925,-287.545],[192.525,-288.945],[192.505,-288.935],[-73.455,-178.135],[-206.395,-122.655],[-339.225,-66.895],[-339.245,-66.885],[-339.255,-66.885],[-340.945,-62.705],[-340.755,-23.885],[-368.095,3.725],[-368.105,3.725],[-369.755,7.775],[-356.145,40.155],[-356.145,40.165],[-352.155,41.795],[-321.975,29.115],[-308.285,28.555],[-298.515,37.995],[-298.605,51.595],[-308.615,61.015],[-338.795,73.705],[-340.335,77.475],[-324.655,114.805],[-320.945,116.315],[-290.775,103.635],[-276.925,103.075],[-267.025,112.625],[-267.125,126.395],[-277.255,135.925],[-307.425,148.605],[-307.445,148.615],[-308.855,152.085],[-293.115,189.395],[-293.105,189.415],[-289.775,190.765],[-259.625,178.015],[-245.505,177.415],[-235.355,187.155],[-235.425,201.275],[-245.785,211.085],[-275.925,223.835],[-277.045,226.565],[-263.795,257.905],[-261.335,259.005],[-261.215,258.965],[-261.035,258.905],[-221.575,259.335],[-194.215,287.215],[-194.205,287.255],[-190.305,288.865],[-190.255,288.845],[-190.075,288.765],[-134.385,265.625],[75.895,178.245],[255.345,103.495],[341.765,67.495],[344.165,61.935],[344.105,61.785],[344.045,61.615],[342.565,23.195],[369.475,-5.915],[369.535,-5.945]]},"ix":2}},{"ty":"mm","bm":0,"cl":"","ln":"","hd":false,"mn":"ADBE Vector Filter - Merge","nm":"Merge Paths 1","mm":1},{"ty":"fl","bm":0,"cl":"","ln":"","hd":false,"mn":"ADBE Vector Graphic - Fill","nm":"Fill 1","c":{"a":0,"k":[0,0.0863,0.2196],"ix":4},"r":1,"o":{"a":0,"k":100,"ix":5}},{"ty":"tr","a":{"a":0,"k":[0,0],"ix":1},"s":{"a":0,"k":[100,100],"ix":3},"sk":{"a":0,"k":0,"ix":4},"p":{"a":0,"k":[370.675,289.745],"ix":2},"r":{"a":0,"k":0,"ix":6},"sa":{"a":0,"k":0,"ix":5},"o":{"a":0,"k":100,"ix":7}}]}],"ind":1,"parent":0},{"ty":4,"nm":"Cinema tickets 02","mn":"","sr":1,"st":0,"op":480,"ip":0,"hd":false,"cl":"","ln":"","ddd":0,"bm":0,"tt":0,"hasMask":false,"td":1,"ao":0,"ks":{"a":{"a":0,"k":[185.219,317.034,0],"ix":1},"s":{"a":0,"k":[100,100,100],"ix":6},"sk":{"a":0,"k":0},"p":{"a":0,"k":[185.219,317.034,0],"ix":2},"sa":{"a":0,"k":0},"o":{"a":0,"k":100,"ix":11},"r":{"a":0,"k":0,"ix":10}},"ef":[],"shapes":[{"ty":"gr","bm":0,"cl":"","ln":"","hd":false,"mn":"ADBE Vector Group","nm":"Group 1","ix":1,"cix":2,"np":2,"it":[{"ty":"sh","bm":0,"cl":"","ln":"","hd":false,"mn":"ADBE Vector Shape - Group","nm":"Path 1","ix":1,"d":1,"ks":{"a":0,"k":{"c":true,"i":[[0.803,-0.91],[0,0],[1.389,1.228],[-1.228,1.39],[0,0],[0,0],[-0.909,-0.817]],"o":[[0,0],[-1.227,1.39],[-1.39,-1.228],[0,0],[0,0],[0.817,-0.909],[0.904,0.813]],"v":[[91.519,-99.312],[-86.062,101.719],[-90.8,102.013],[-91.094,97.274],[-91.075,97.252],[88.214,-102.257],[91.34,-102.424]]},"ix":2}},{"ty":"fl","bm":0,"cl":"","ln":"","hd":false,"mn":"ADBE Vector Graphic - Fill","nm":"Fill 1","c":{"a":0,"k":[0,0.0863,0.2196],"ix":4},"r":1,"o":{"a":0,"k":100,"ix":5}},{"ty":"tr","a":{"a":0,"k":[0,0],"ix":1},"s":{"a":0,"k":[100,100],"ix":3},"sk":{"a":0,"k":0,"ix":4},"p":{"a":0,"k":[513.62,483.625],"ix":2},"r":{"a":0,"k":0,"ix":6},"sa":{"a":0,"k":0,"ix":5},"o":{"a":0,"k":100,"ix":7}}]},{"ty":"gr","bm":0,"cl":"","ln":"","hd":false,"mn":"ADBE Vector Group","nm":"Group 2","ix":2,"cix":2,"np":2,"it":[{"ty":"sh","bm":0,"cl":"","ln":"","hd":false,"mn":"ADBE Vector Shape - Group","nm":"Path 1","ix":1,"d":1,"ks":{"a":0,"k":{"c":true,"i":[[1.22,-1.39],[1.4,1.22],[0.01,0],[0,0],[-0.28,0.32],[-0.31,-0.27],[0,0]],"o":[[-1.22,1.39],[-0.01,-0.01],[0,0],[-0.32,-0.28],[0.28,-0.31],[0,0],[1.39,1.23]],"v":[[130.85,116.39],[126.11,116.7],[126.07,116.67],[-131.73,-116.51],[-131.79,-117.59],[-130.72,-117.65],[130.54,111.65]]},"ix":2}},{"ty":"fl","bm":0,"cl":"","ln":"","hd":false,"mn":"ADBE Vector Graphic - Fill","nm":"Fill 1","c":{"a":0,"k":[0,0.0863,0.2196],"ix":4},"r":1,"o":{"a":0,"k":100,"ix":5}},{"ty":"tr","a":{"a":0,"k":[0,0],"ix":1},"s":{"a":0,"k":[100,100],"ix":3},"sk":{"a":0,"k":0,"ix":4},"p":{"a":0,"k":[276.2,315.54],"ix":2},"r":{"a":0,"k":0,"ix":6},"sa":{"a":0,"k":0,"ix":5},"o":{"a":0,"k":100,"ix":7}}]},{"ty":"gr","bm":0,"cl":"","ln":"","hd":false,"mn":"ADBE Vector Group","nm":"Group 3","ix":3,"cix":2,"np":2,"it":[{"ty":"sh","bm":0,"cl":"","ln":"","hd":false,"mn":"ADBE Vector Shape - Group","nm":"Path 1","ix":1,"d":1,"ks":{"a":0,"k":{"c":true,"i":[[1.23,-1.39],[1.39,1.22],[0,0],[0,0],[-0.29,0.31],[-0.31,-0.27],[0,0]],"o":[[-1.22,1.39],[0,0],[0,0],[-0.31,-0.28],[0.28,-0.31],[0,0],[1.39,1.22]],"v":[[130.845,116.39],[126.115,116.7],[126.075,116.66],[-131.735,-116.51],[-131.785,-117.59],[-130.725,-117.65],[130.545,111.65]]},"ix":2}},{"ty":"fl","bm":0,"cl":"","ln":"","hd":false,"mn":"ADBE Vector Graphic - Fill","nm":"Fill 1","c":{"a":0,"k":[0,0.0863,0.2196],"ix":4},"r":1,"o":{"a":0,"k":100,"ix":5}},{"ty":"tr","a":{"a":0,"k":[0,0],"ix":1},"s":{"a":0,"k":[100,100],"ix":3},"sk":{"a":0,"k":0,"ix":4},"p":{"a":0,"k":[320.065,266.31],"ix":2},"r":{"a":0,"k":0,"ix":6},"sa":{"a":0,"k":0,"ix":5},"o":{"a":0,"k":100,"ix":7}}]},{"ty":"gr","bm":0,"cl":"","ln":"","hd":false,"mn":"ADBE Vector Group","nm":"Group 4","ix":4,"cix":2,"np":2,"it":[{"ty":"sh","bm":0,"cl":"","ln":"","hd":false,"mn":"ADBE Vector Shape - Group","nm":"Path 1","ix":1,"d":1,"ks":{"a":0,"k":{"c":true,"i":[[0.28,-0.32],[0.31,0.27],[0,0],[-0.3,0.4],[0,0],[0,0],[0.03,0.81],[-0.2,0.26],[0,0],[0,0],[0.03,1.16],[-0.28,0.37],[0,0],[0,0],[0,0],[0.05,1.49],[-0.36,0.48],[0,0],[0,0],[0,0],[0.57,0.5],[0,0],[0,0],[-1.23,1.39],[-1.39,-1.22],[0,0],[0,0],[0,0],[0,0],[-0.04,-1.63],[0.41,-0.52],[0,0],[0,0],[0,0],[-0.03,-1.29],[0.32,-0.41],[0,0],[0,0],[-0.03,-0.95],[0.23,-0.31],[0,0],[0,0],[-0.02,-0.61],[0.15,-0.2],[0,0],[0,0]],"o":[[-0.28,0.31],[0,0],[-0.38,-0.34],[0,0],[0,0],[-0.81,0.02],[-0.01,-0.35],[0,0],[0,0],[-1.15,0.03],[-0.02,-0.49],[0,0],[0,0],[0,0],[-1.49,0.04],[-0.01,-0.65],[0,0],[0,0],[0,0],[-0.83,0.03],[0,0],[0,0],[-1.39,-1.23],[1.22,-1.39],[0,0],[0,0],[0,0],[0,0],[1.63,-0.04],[0.02,0.71],[0,0],[0,0],[0,0],[1.29,-0.03],[0.01,0.56],[0,0],[0,0],[0.95,-0.03],[0.01,0.41],[0,0],[0,0],[0.61,-0.02],[0,0.26],[0,0],[0,0],[0.31,0.28]],"v":[[131.785,117.585],[130.715,117.645],[91.975,83.415],[91.845,82.095],[109.255,58.725],[22.255,61.155],[20.745,59.725],[21.055,58.785],[56.025,13.135],[-29.635,15.525],[-31.775,13.495],[-31.355,12.175],[-31.335,12.155],[2.855,-32.445],[-81.515,-30.095],[-84.295,-32.715],[-83.735,-34.435],[-83.725,-34.455],[-50.345,-78.005],[-89.645,-76.655],[-91.805,-77.425],[-91.835,-77.445],[-130.545,-111.655],[-130.835,-116.395],[-126.095,-116.695],[-126.075,-116.675],[-88.575,-82.975],[-44.285,-84.125],[-44.255,-84.125],[-41.235,-81.245],[-41.855,-79.355],[-75.945,-35.615],[7.645,-37.265],[7.665,-37.265],[10.055,-34.975],[9.555,-33.495],[-25.335,11.255],[59.555,9.585],[61.325,11.255],[60.965,12.365],[25.275,58.155],[111.475,56.455],[112.615,57.525],[112.385,58.225],[93.945,82.555],[131.735,116.505]]},"ix":2}},{"ty":"fl","bm":0,"cl":"","ln":"","hd":false,"mn":"ADBE Vector Graphic - Fill","nm":"Fill 1","c":{"a":0,"k":[0,0.0863,0.2196],"ix":4},"r":1,"o":{"a":0,"k":100,"ix":5}},{"ty":"tr","a":{"a":0,"k":[0,0],"ix":1},"s":{"a":0,"k":[100,100],"ix":3},"sk":{"a":0,"k":0,"ix":4},"p":{"a":0,"k":[371.365,202.545],"ix":2},"r":{"a":0,"k":0,"ix":6},"sa":{"a":0,"k":0,"ix":5},"o":{"a":0,"k":100,"ix":7}}]},{"ty":"gr","bm":0,"cl":"","ln":"","hd":false,"mn":"ADBE Vector Group","nm":"Group 5","ix":5,"cix":2,"np":4,"it":[{"ty":"sh","bm":0,"cl":"","ln":"","hd":false,"mn":"ADBE Vector Shape - Group","nm":"Path 1","ix":1,"d":1,"ks":{"a":0,"k":{"c":true,"i":[[0,0],[0,0],[0,0],[0,0],[0,0],[0,0],[0,0],[-21.62,-19.28],[-21.08,-18.51],[-0.62,0.71],[0,0],[0.69,0.6],[9.15,-10.99],[0,0],[0,0],[21.51,19.29],[0,0],[0,0],[0,0]],"o":[[0,0],[0,0],[0,0],[0,0],[0,0],[0,0],[21.5,19.42],[20.92,18.69],[0.6,-0.71],[0,0],[-0.69,-0.6],[-9.05,10.47],[0,0],[0,0],[-21.6,-19.15],[0,0],[0,0],[0,0],[0,0]],"v":[[-143.23,-98.315],[-114.77,-129.735],[-116.35,-131.175],[-113.31,-131.355],[-114.77,-129.735],[-51.94,-72.845],[12.68,-14.735],[77.54,43.105],[140.69,98.725],[142.53,96.595],[142.75,100.535],[140.69,98.725],[113.66,130.895],[49.06,74.045],[-15.66,16.505],[-80.23,-41.435],[-143.23,-98.315],[-144.42,-97.005],[-144.56,-99.515]]},"ix":2}},{"ty":"sh","bm":0,"cl":"","ln":"","hd":false,"mn":"ADBE Vector Shape - Group","nm":"Path 2","ix":2,"d":1,"ks":{"a":0,"k":{"c":true,"i":[[1.13,1.02],[0,0],[21.65,19.24],[21.77,19.11],[0,0],[0,0],[0,0],[0.78,-0.89],[0,0],[0,0],[-0.73,-0.65],[0,0],[-21.65,-19.38],[0,0],[0,0],[-10.86,11.91],[0,0]],"o":[[0,0],[-21.5,-19.42],[-21.64,-19.25],[0,0],[0,0],[0,0],[-0.89,-0.78],[0,0],[0,0],[-0.64,0.73],[0,0],[21.75,19.25],[0,0],[0,0],[10.79,-11.32],[0,0],[1.03,-1.14]],"v":[[146.52,96.395],[146.48,96.365],[81.93,38.175],[17.01,-19.595],[-48.13,-77.115],[-113.48,-134.395],[-113.51,-134.425],[-116.53,-134.225],[-147.08,-99.375],[-147.1,-99.355],[-146.94,-96.855],[-81.5,-39.315],[-16.3,18.355],[48.75,76.445],[113.91,135.205],[146.7,100.315],[146.71,100.305]]},"ix":2}},{"ty":"mm","bm":0,"cl":"","ln":"","hd":false,"mn":"ADBE Vector Filter - Merge","nm":"Merge Paths 1","mm":1},{"ty":"fl","bm":0,"cl":"","ln":"","hd":false,"mn":"ADBE Vector Graphic - Fill","nm":"Fill 1","c":{"a":0,"k":[0,0.0863,0.2196],"ix":4},"r":1,"o":{"a":0,"k":100,"ix":5}},{"ty":"tr","a":{"a":0,"k":[0,0],"ix":1},"s":{"a":0,"k":[100,100],"ix":3},"sk":{"a":0,"k":0,"ix":4},"p":{"a":0,"k":[214.68,377.665],"ix":2},"r":{"a":0,"k":0,"ix":6},"sa":{"a":0,"k":0,"ix":5},"o":{"a":0,"k":100,"ix":7}}]},{"ty":"gr","bm":0,"cl":"","ln":"","hd":false,"mn":"ADBE Vector Group","nm":"Group 6","ix":6,"cix":2,"np":2,"it":[{"ty":"sh","bm":0,"cl":"","ln":"","hd":false,"mn":"ADBE Vector Shape - Group","nm":"Path 1","ix":1,"d":1,"ks":{"a":0,"k":{"c":true,"i":[[0.28,-0.32],[0,0],[0,0],[0,0],[1.39,1.23],[-1.22,1.4],[-0.01,0.01],[0,0],[0,0],[0,0],[-0.31,-0.29]],"o":[[0,0],[0,0],[0,0],[-1.22,1.39],[-1.4,-1.22],[0.01,0],[0,0],[0,0],[0,0],[0.28,-0.31],[0.31,0.28]],"v":[[128.23,-142.6],[126.33,-140.44],[-119.54,139.35],[-122.25,142.43],[-126.98,142.73],[-127.29,137.99],[-127.26,137.96],[-124.52,134.93],[125.16,-141.48],[127.09,-143.62],[128.17,-143.67]]},"ix":2}},{"ty":"fl","bm":0,"cl":"","ln":"","hd":false,"mn":"ADBE Vector Graphic - Fill","nm":"Fill 1","c":{"a":0,"k":[0,0.0863,0.2196],"ix":4},"r":1,"o":{"a":0,"k":100,"ix":5}},{"ty":"tr","a":{"a":0,"k":[0,0],"ix":1},"s":{"a":0,"k":[100,100],"ix":3},"sk":{"a":0,"k":0,"ix":4},"p":{"a":0,"k":[455.94,435.97],"ix":2},"r":{"a":0,"k":0,"ix":6},"sa":{"a":0,"k":0,"ix":5},"o":{"a":0,"k":100,"ix":7}}]},{"ty":"gr","bm":0,"cl":"","ln":"","hd":false,"mn":"ADBE Vector Group","nm":"Group 7","ix":7,"cix":2,"np":4,"it":[{"ty":"sh","bm":0,"cl":"","ln":"","hd":false,"mn":"ADBE Vector Shape - Group","nm":"Path 1","ix":1,"d":1,"ks":{"a":0,"k":{"c":true,"i":[[0,0],[0,0],[0,0],[0,0],[0,0],[6.91,-0.47],[5.03,4.64],[0.12,6.77],[-4.85,4.99],[0,0],[0,0],[0,0],[0,0],[0,0],[-6.81,0.62],[-5.12,-4.53],[-0.26,-6.88],[4.86,-5.18]],"o":[[0,0],[0,0],[0,0],[0,0],[-4.6,5.41],[-6.87,0.53],[-5.09,-4.57],[-0.17,-6.84],[0,0],[0,0],[0,0],[0,0],[0,0],[4.4,-5.38],[6.74,-0.65],[5.18,4.47],[0.32,6.92],[0,0]],"v":[[78.79,-48.82],[20.05,17.76],[-9.51,50.87],[-39.27,83.8],[-69.12,116.67],[-87.1,125.92],[-105.99,119.41],[-114.21,101.39],[-106.87,83.03],[-77.03,50.17],[-47.27,17.23],[-17.7,-15.88],[41.03,-82.46],[70.29,-115.85],[87.7,-125.24],[106.55,-119.14],[115.18,-101.12],[108.04,-82.21]]},"ix":2}},{"ty":"sh","bm":0,"cl":"","ln":"","hd":false,"mn":"ADBE Vector Shape - Group","nm":"Path 2","ix":2,"d":1,"ks":{"a":0,"k":{"c":true,"i":[[0.29,7.93],[5.97,5.33],[8.01,-0.63],[5.05,-6],[0,0],[0,0],[0,0],[0,0],[0,0],[-0.44,-8.01],[-6.05,-5.23],[-7.89,0.76],[-4.86,5.98],[0,0],[0,0],[0,0],[0,0],[0,0]],"o":[[-0.15,-7.92],[-5.88,-5.41],[-8.01,0.49],[0,0],[0,0],[0,0],[0,0],[0,0],[-5.39,5.71],[0.29,8.03],[5.98,5.31],[7.9,-0.63],[0,0],[0,0],[0,0],[0,0],[0,0],[5.39,-5.52]],"v":[[119.09,-101.26],[109.42,-122.36],[87.32,-129.94],[66.47,-119.25],[36.67,-86.35],[-22.72,-20.35],[-52.21,12.83],[-81.51,46.18],[-110.72,79.6],[-118.94,101.55],[-108.86,122.64],[-86.79,129.81],[-66.52,118.98],[-37.3,85.56],[-8.01,52.21],[21.49,19.03],[80.87,-46.97],[110.67,-79.86]]},"ix":2}},{"ty":"mm","bm":0,"cl":"","ln":"","hd":false,"mn":"ADBE Vector Filter - Merge","nm":"Merge Paths 1","mm":1},{"ty":"fl","bm":0,"cl":"","ln":"","hd":false,"mn":"ADBE Vector Graphic - Fill","nm":"Fill 1","c":{"a":0,"k":[0,0.0863,0.2196],"ix":4},"r":1,"o":{"a":0,"k":100,"ix":5}},{"ty":"tr","a":{"a":0,"k":[0,0],"ix":1},"s":{"a":0,"k":[100,100],"ix":3},"sk":{"a":0,"k":0,"ix":4},"p":{"a":0,"k":[512.64,480.02],"ix":2},"r":{"a":0,"k":0,"ix":6},"sa":{"a":0,"k":0,"ix":5},"o":{"a":0,"k":100,"ix":7}}]},{"ty":"gr","bm":0,"cl":"","ln":"","hd":false,"mn":"ADBE Vector Group","nm":"Group 8","ix":8,"cix":2,"np":2,"it":[{"ty":"sh","bm":0,"cl":"","ln":"","hd":false,"mn":"ADBE Vector Shape - Group","nm":"Path 1","ix":1,"d":1,"ks":{"a":0,"k":{"c":true,"i":[[0,0],[0,0],[0,0],[0,0]],"o":[[0,0],[0,0],[0,0],[0,0]],"v":[[114.353,132.92],[-145.182,-98.319],[-114.354,-132.919],[145.182,98.318]]},"ix":2}},{"ty":"fl","bm":0,"cl":"","ln":"","hd":false,"mn":"ADBE Vector Graphic - Fill","nm":"Fill 1","c":{"a":0,"k":[1,1,0.6667],"ix":4},"r":1,"o":{"a":0,"k":100,"ix":5}},{"ty":"tr","a":{"a":0,"k":[0,0],"ix":1},"s":{"a":0,"k":[100,100],"ix":3},"sk":{"a":0,"k":0,"ix":4},"p":{"a":0,"k":[214.114,377.797],"ix":2},"r":{"a":0,"k":0,"ix":6},"sa":{"a":0,"k":0,"ix":5},"o":{"a":0,"k":100,"ix":7}}]},{"ty":"gr","bm":0,"cl":"","ln":"","hd":false,"mn":"ADBE Vector Group","nm":"Group 9","ix":9,"cix":2,"np":2,"it":[{"ty":"sh","bm":0,"cl":"","ln":"","hd":false,"mn":"ADBE Vector Shape - Group","nm":"Path 1","ix":1,"d":1,"ks":{"a":0,"k":{"c":true,"i":[[-11.316,-10.082],[0,0],[-10.083,11.316],[0,0],[11.315,10.082],[0,0],[10.082,-11.316],[0,0]],"o":[[0,0],[11.316,10.082],[0,0],[10.082,-11.316],[0,0],[-11.316,-10.082],[0,0],[-10.082,11.316]],"v":[[-107.706,120.887],[-107.706,120.887],[-68.961,118.653],[109.94,-82.142],[107.708,-120.887],[107.706,-120.887],[68.961,-118.653],[-109.94,82.142]]},"ix":2}},{"ty":"fl","bm":0,"cl":"","ln":"","hd":false,"mn":"ADBE Vector Graphic - Fill","nm":"Fill 1","c":{"a":0,"k":[1,1,0.6667],"ix":4},"r":1,"o":{"a":0,"k":100,"ix":5}},{"ty":"tr","a":{"a":0,"k":[0,0],"ix":1},"s":{"a":0,"k":[100,100],"ix":3},"sk":{"a":0,"k":0,"ix":4},"p":{"a":0,"k":[512.92,480.159],"ix":2},"r":{"a":0,"k":0,"ix":6},"sa":{"a":0,"k":0,"ix":5},"o":{"a":0,"k":100,"ix":7}}]},{"ty":"gr","bm":0,"cl":"","ln":"","hd":false,"mn":"ADBE Vector Group","nm":"Group 10","ix":10,"cix":2,"np":7,"it":[{"ty":"sh","bm":0,"cl":"","ln":"","hd":false,"mn":"ADBE Vector Shape - Group","nm":"Path 1","ix":1,"d":1,"ks":{"a":0,"k":{"c":true,"i":[[0.31,0.27],[0,0],[-0.3,0.4],[0,0],[0,0],[0.03,0.81],[-0.2,0.26],[0,0],[0,0],[0.03,1.16],[-0.28,0.37],[0,0],[0,0],[0,0],[0.05,1.49],[-0.36,0.48],[0,0],[0,0],[0,0],[0.57,0.5],[0,0],[0,0],[-1.23,1.39],[-1.39,-1.22],[0,0],[0,0],[0,0],[0,0],[-0.04,-1.63],[0.41,-0.52],[0,0],[0,0],[0,0],[-0.03,-1.29],[0.32,-0.41],[0,0],[0,0],[-0.03,-0.95],[0.23,-0.31],[0,0],[0,0],[-0.02,-0.61],[0.15,-0.2],[0,0],[0,0],[0.28,-0.32]],"o":[[0,0],[-0.38,-0.34],[0,0],[0,0],[-0.81,0.02],[-0.01,-0.35],[0,0],[0,0],[-1.15,0.03],[-0.02,-0.49],[0,0],[0,0],[0,0],[-1.49,0.04],[-0.01,-0.65],[0,0],[0,0],[0,0],[-0.83,0.03],[0,0],[0,0],[-1.39,-1.23],[1.22,-1.39],[0,0],[0,0],[0,0],[0,0],[1.63,-0.04],[0.02,0.71],[0,0],[0,0],[0,0],[1.29,-0.03],[0.01,0.56],[0,0],[0,0],[0.95,-0.03],[0.01,0.41],[0,0],[0,0],[0.61,-0.02],[0,0.26],[0,0],[0,0],[0.31,0.28],[-0.28,0.31]],"v":[[208.94,30.585],[170.2,-3.645],[170.07,-4.965],[187.48,-28.335],[100.48,-25.905],[98.97,-27.335],[99.28,-28.275],[134.25,-73.925],[48.59,-71.535],[46.45,-73.565],[46.87,-74.885],[46.89,-74.905],[81.08,-119.505],[-3.29,-117.155],[-6.07,-119.775],[-5.51,-121.495],[-5.5,-121.515],[27.88,-165.065],[-11.42,-163.715],[-13.58,-164.485],[-13.61,-164.505],[-52.32,-198.715],[-52.61,-203.455],[-47.87,-203.755],[-47.85,-203.735],[-10.35,-170.035],[33.94,-171.185],[33.97,-171.185],[36.99,-168.305],[36.37,-166.415],[2.28,-122.675],[85.87,-124.325],[85.89,-124.325],[88.28,-122.035],[87.78,-120.555],[52.89,-75.805],[137.78,-77.475],[139.55,-75.805],[139.19,-74.695],[103.5,-28.905],[189.7,-30.605],[190.84,-29.535],[190.61,-28.835],[172.17,-4.505],[209.96,29.445],[210.01,30.525]]},"ix":2}},{"ty":"sh","bm":0,"cl":"","ln":"","hd":false,"mn":"ADBE Vector Shape - Group","nm":"Path 2","ix":2,"d":1,"ks":{"a":0,"k":{"c":true,"i":[[1.23,-1.39],[1.39,1.22],[0,0],[0,0],[-0.29,0.31],[-0.31,-0.27],[0,0]],"o":[[-1.22,1.39],[0,0],[0,0],[-0.31,-0.28],[0.28,-0.31],[0,0],[1.39,1.22]],"v":[[157.77,93.095],[153.04,93.405],[153,93.365],[-104.81,-139.805],[-104.86,-140.885],[-103.8,-140.945],[157.47,88.355]]},"ix":2}},{"ty":"sh","bm":0,"cl":"","ln":"","hd":false,"mn":"ADBE Vector Shape - Group","nm":"Path 3","ix":3,"d":1,"ks":{"a":0,"k":{"c":true,"i":[[1.22,-1.39],[1.4,1.22],[0.01,0],[0,0],[-0.28,0.32],[-0.31,-0.27],[0,0]],"o":[[-1.22,1.39],[-0.01,-0.01],[0,0],[-0.32,-0.28],[0.28,-0.31],[0,0],[1.39,1.23]],"v":[[113.91,142.325],[109.17,142.635],[109.13,142.605],[-148.67,-90.575],[-148.73,-91.655],[-147.66,-91.715],[113.6,137.585]]},"ix":2}},{"ty":"sh","bm":0,"cl":"","ln":"","hd":false,"mn":"ADBE Vector Shape - Group","nm":"Path 4","ix":4,"d":1,"ks":{"a":0,"k":{"c":true,"i":[[1.03,-1.14],[0,0],[10.79,-11.32],[0,0],[0,0],[21.75,19.25],[0,0],[-0.64,0.73],[0,0],[0,0],[-0.89,-0.78],[0,0],[0,0],[0,0],[-21.64,-19.25],[-21.5,-19.42],[0,0]],"o":[[0,0],[-10.86,11.91],[0,0],[0,0],[-21.65,-19.38],[0,0],[-0.73,-0.65],[0,0],[0,0],[0.78,-0.89],[0,0],[0,0],[0,0],[21.77,19.11],[21.65,19.24],[0,0],[1.13,1.02]],"v":[[68.25,188.365],[68.24,188.375],[35.45,223.265],[-29.71,164.505],[-94.76,106.415],[-159.96,48.745],[-225.4,-8.795],[-225.56,-11.295],[-225.54,-11.315],[-194.99,-46.165],[-191.97,-46.365],[-191.94,-46.335],[-126.59,10.945],[-61.45,68.465],[3.47,126.235],[68.02,184.425],[68.06,184.455]]},"ix":2}},{"ty":"sh","bm":0,"cl":"","ln":"","hd":false,"mn":"ADBE Vector Shape - Group","nm":"Path 5","ix":5,"d":1,"ks":{"a":0,"k":{"c":true,"i":[[0,0],[0,0],[0,0],[13.86,-0.72],[10.84,8.7],[0,0],[0,0],[-0.4,-6.22],[4.2,-4.64],[6.25,-0.17],[4.3,4.14],[0,0],[0,0],[0,0],[-0.41,-6.16],[4.16,-4.6],[6.18,-0.16],[4.28,4.11],[0,0],[0,0],[0,0],[-0.4,-6.06],[4.1,-4.5],[6.06,-0.15],[4.2,4.06],[0,0],[0,0],[-0.89,-14.12],[8.53,-10.91],[0,0],[0,0],[0,0]],"o":[[0,0],[0,0],[-9.81,9.82],[-13.9,0.83],[0,0],[0,0],[4.61,3.82],[0.54,6.23],[-4.13,4.7],[-6.21,0.3],[0,0],[0,0],[0,0],[4.58,3.79],[0.53,6.18],[-4.1,4.65],[-6.16,0.29],[0,0],[0,0],[0,0],[4.53,3.76],[0.51,6.07],[-4.03,4.57],[-6.04,0.27],[0,0],[0,0],[10.29,9.52],[0.99,13.7],[0,0],[0,0],[0,0],[0,0]],"v":[[179.09,-91.755],[71.41,-187.455],[-33.74,-281.295],[-70.89,-264.675],[-109.73,-277.095],[-129.09,-255.425],[-106.95,-235.645],[-98.59,-219.525],[-104.41,-202.215],[-120.94,-194.485],[-137.85,-200.965],[-160.12,-220.855],[-183.29,-194.915],[-161,-174.995],[-152.7,-159.035],[-158.46,-141.885],[-174.83,-134.245],[-191.59,-140.665],[-214.01,-160.705],[-237.57,-134.415],[-215.11,-114.265],[-206.96,-98.535],[-212.65,-81.705],[-228.72,-74.235],[-245.13,-80.575],[-267.94,-101.035],[-287.96,-78.725],[-270.28,-41.475],[-282.15,-2.805],[-68.62,186.405],[38.28,281.295],[287.96,4.885]]},"ix":2}},{"ty":"mm","bm":0,"cl":"","ln":"","hd":false,"mn":"ADBE Vector Filter - Merge","nm":"Merge Paths 1","mm":1},{"ty":"fl","bm":0,"cl":"","ln":"","hd":false,"mn":"ADBE Vector Graphic - Fill","nm":"Fill 1","c":{"a":0,"k":[1,1,1],"ix":4},"r":1,"o":{"a":0,"k":100,"ix":5}},{"ty":"tr","a":{"a":0,"k":[0,0],"ix":1},"s":{"a":0,"k":[100,100],"ix":3},"sk":{"a":0,"k":0,"ix":4},"p":{"a":0,"k":[293.14,289.605],"ix":2},"r":{"a":0,"k":0,"ix":6},"sa":{"a":0,"k":0,"ix":5},"o":{"a":0,"k":100,"ix":7}}]},{"ty":"gr","bm":0,"cl":"","ln":"","hd":false,"mn":"ADBE Vector Group","nm":"Group 11","ix":11,"cix":2,"np":4,"it":[{"ty":"sh","bm":0,"cl":"","ln":"","hd":false,"mn":"ADBE Vector Shape - Group","nm":"Path 1","ix":1,"d":1,"ks":{"a":0,"k":{"c":true,"i":[[5.39,-5.52],[0,0],[0,0],[0,0],[0,0],[0,0],[7.9,-0.63],[5.98,5.31],[0.29,8.03],[-5.39,5.71],[0,0],[0,0],[0,0],[0,0],[0,0],[-8.01,0.49],[-5.88,-5.41],[-0.15,-7.92]],"o":[[0,0],[0,0],[0,0],[0,0],[0,0],[-4.86,5.98],[-7.89,0.76],[-6.05,-5.23],[-0.44,-8.01],[0,0],[0,0],[0,0],[0,0],[0,0],[5.05,-6],[8.01,-0.63],[5.97,5.33],[0.29,7.93]],"v":[[109.87,-79.86],[80.07,-46.97],[20.69,19.03],[-8.81,52.21],[-38.1,85.56],[-67.32,118.98],[-87.59,129.81],[-109.66,122.64],[-119.74,101.55],[-111.52,79.6],[-82.31,46.18],[-53.01,12.83],[-23.52,-20.35],[35.87,-86.35],[65.67,-119.25],[86.52,-129.94],[108.62,-122.36],[118.29,-101.26]]},"ix":2}},{"ty":"sh","bm":0,"cl":"","ln":"","hd":false,"mn":"ADBE Vector Shape - Group","nm":"Path 2","ix":2,"d":1,"ks":{"a":0,"k":{"c":true,"i":[[0.79,13.97],[-8.76,10.83],[0,0],[0,0],[0,0],[-13.47,0.21],[-10.32,-9.48],[0,0],[0,0],[0.42,5.82],[-3.92,4.35],[-5.85,0.17],[-4.14,-3.95],[0,0],[0,0],[0,0],[0.42,5.91],[-3.98,4.42],[-5.94,0.18],[-4.18,-3.99],[0,0],[0,0],[0,0],[0.41,6],[-4.04,4.48],[-6.05,0.19],[-4.23,-4.04],[0,0],[0,0]],"o":[[-0.89,-13.88],[0,0],[0,0],[0,0],[10.24,-9.27],[14.42,-0.36],[0,0],[0,0],[-4.39,-3.63],[-0.52,-5.81],[3.86,-4.41],[5.85,-0.28],[0,0],[0,0],[0,0],[-4.45,-3.67],[-0.53,-5.91],[3.92,-4.48],[5.94,-0.28],[0,0],[0,0],[0,0],[-4.5,-3.71],[-0.54,-6.01],[3.98,-4.55],[6.02,-0.29],[0,0],[0,0],[-10.05,-9.67]],"v":[[159.93,-53.76],[172.35,-92.6],[68.83,-184.49],[-177.04,95.3],[-76.55,184.49],[-39.33,169.68],[-0.38,184.25],[20.47,160.76],[-3.03,139.92],[-10.91,124.88],[-5.53,108.7],[9.92,101.43],[25.85,107.5],[49.14,128.17],[73.85,100.32],[50.62,79.71],[42.61,64.44],[48.08,48],[63.78,40.61],[79.96,46.77],[102.98,67.21],[127.23,39.88],[104.25,19.49],[96.14,3.98],[101.71,-12.72],[117.67,-20.24],[134.1,-13.99],[156.85,6.18],[177.04,-16.6]]},"ix":2}},{"ty":"mm","bm":0,"cl":"","ln":"","hd":false,"mn":"ADBE Vector Filter - Merge","nm":"Merge Paths 1","mm":1},{"ty":"fl","bm":0,"cl":"","ln":"","hd":false,"mn":"ADBE Vector Graphic - Fill","nm":"Fill 1","c":{"a":0,"k":[1,1,1],"ix":4},"r":1,"o":{"a":0,"k":100,"ix":5}},{"ty":"tr","a":{"a":0,"k":[0,0],"ix":1},"s":{"a":0,"k":[100,100],"ix":3},"sk":{"a":0,"k":0,"ix":4},"p":{"a":0,"k":[513.44,480.02],"ix":2},"r":{"a":0,"k":0,"ix":6},"sa":{"a":0,"k":0,"ix":5},"o":{"a":0,"k":100,"ix":7}}]},{"ty":"gr","bm":0,"cl":"","ln":"","hd":false,"mn":"ADBE Vector Group","nm":"Group 12","ix":12,"cix":2,"np":4,"it":[{"ty":"sh","bm":0,"cl":"","ln":"","hd":false,"mn":"ADBE Vector Shape - Group","nm":"Path 1","ix":1,"d":1,"ks":{"a":0,"k":{"c":true,"i":[[0.58,0.56],[0,0],[0,0],[0,0],[0,0],[0,0],[6.02,-0.29],[3.98,-4.55],[-0.54,-6.01],[-4.5,-3.71],[0,0],[0,0],[0,0],[0,0],[0,0],[0,0],[0,0],[0,0],[0,0],[5.94,-0.28],[3.92,-4.48],[-0.53,-5.91],[-4.45,-3.67],[0,0],[0,0],[0,0],[0,0],[0,0],[0,0],[0,0],[0,0],[0,0],[5.85,-0.28],[3.86,-4.41],[-0.52,-5.81],[-4.39,-3.63],[0,0],[0,0],[0,0],[0,0],[0,0],[-0.3,-0.29],[0,0],[0,0],[0,0],[14.42,-0.36],[10.24,-9.27],[0,0],[0,0],[0,0],[-1.02,0.93],[0,0],[0,0],[0,0],[0,0],[0.67,-0.77],[0,0],[0,0],[0,0],[0.99,13.7],[10.29,9.52],[0,0],[0,0],[0,0],[-0.43,-0.41],[0,0],[0,0],[0,0],[0,0],[0,0],[-6.04,0.27],[-4.03,4.57],[0.51,6.07],[4.53,3.76],[0,0],[0,0],[0,0],[0,0],[0,0],[0,0],[0,0],[0,0],[0,0],[-6.16,0.29],[-4.1,4.65],[0.53,6.18],[4.58,3.79],[0,0],[0,0],[0,0],[0,0],[0,0],[0,0],[0,0],[0,0],[0,0],[-6.21,0.3],[-4.13,4.7],[0.54,6.23],[4.61,3.82],[0,0],[0,0],[0,0],[0,0],[0,0],[0.77,0.69],[0,0],[0,0],[-13.9,0.83],[-9.81,9.82],[0,0],[0,0],[0.76,-0.76],[0,0],[0,0],[0,0],[0,0],[0,0],[-0.58,0.65],[0,0],[0,0],[-0.89,-13.88],[-10.05,-9.67],[0,0],[0,0]],"o":[[0,0],[0,0],[0,0],[0,0],[0,0],[-4.23,-4.04],[-6.05,0.19],[-4.04,4.48],[0.41,6],[0,0],[0,0],[0,0],[0,0],[0,0],[0,0],[0,0],[0,0],[0,0],[-4.18,-3.99],[-5.94,0.18],[-3.98,4.42],[0.42,5.91],[0,0],[0,0],[0,0],[0,0],[0,0],[0,0],[0,0],[0,0],[0,0],[-4.14,-3.95],[-5.85,0.17],[-3.92,4.35],[0.42,5.82],[0,0],[0,0],[0,0],[0,0],[0,0],[0.31,0.28],[0,0],[0,0],[0,0],[-10.32,-9.48],[-13.47,0.21],[0,0],[0,0],[0,0],[0.96,-1.01],[0,0],[0,0],[0,0],[0,0],[-0.62,0.8],[0,0],[0,0],[0,0],[8.53,-10.91],[-0.89,-14.12],[0,0],[0,0],[0,0],[0.45,0.39],[0,0],[0,0],[0,0],[0,0],[0,0],[4.2,4.06],[6.06,-0.15],[4.1,-4.5],[-0.4,-6.06],[0,0],[0,0],[0,0],[0,0],[0,0],[0,0],[0,0],[0,0],[0,0],[4.28,4.11],[6.18,-0.16],[4.16,-4.6],[-0.41,-6.16],[0,0],[0,0],[0,0],[0,0],[0,0],[0,0],[0,0],[0,0],[0,0],[4.3,4.14],[6.25,-0.17],[4.2,-4.64],[-0.4,-6.22],[0,0],[0,0],[0,0],[0,0],[0,0],[-0.81,-0.64],[0,0],[0,0],[10.84,8.7],[13.86,-0.72],[0,0],[0,0],[-0.71,0.8],[0,0],[0,0],[0,0],[0,0],[0,0],[0.55,-0.68],[0,0],[0,0],[-8.76,10.83],[0.79,13.97],[0,0],[0,0],[-0.6,-0.53]],"v":[[342.085,125.66],[321.895,148.44],[323.635,149.98],[320.355,150.17],[321.895,148.44],[299.145,128.27],[282.715,122.02],[266.755,129.54],[261.185,146.24],[269.295,161.75],[292.275,182.14],[293.615,180.63],[293.785,183.48],[292.275,182.14],[268.025,209.47],[269.485,210.76],[266.745,210.91],[268.025,209.47],[245.005,189.03],[228.825,182.87],[213.125,190.26],[207.655,206.7],[215.665,221.97],[238.895,242.58],[240.005,241.33],[240.145,243.69],[238.895,242.58],[214.185,270.43],[215.375,271.48],[213.135,271.61],[214.185,270.43],[190.895,249.76],[174.965,243.69],[159.515,250.96],[154.135,267.14],[162.015,282.18],[185.515,303.02],[186.395,302.03],[186.505,303.9],[185.515,303.02],[164.665,326.51],[165.585,327.37],[163.805,327.48],[163.935,327.34],[164.665,326.51],[125.715,311.94],[88.495,326.75],[91.535,329.45],[85.375,329.8],[85.525,329.66],[88.495,326.75],[-11.995,237.56],[-16.975,233.14],[-123.875,138.25],[-337.405,-50.96],[-339.345,-48.61],[-339.595,-52.88],[-339.445,-52.76],[-337.405,-50.96],[-325.535,-89.63],[-343.215,-126.88],[-344.515,-125.43],[-344.685,-128.21],[-344.535,-128.07],[-343.215,-126.88],[-323.195,-149.19],[-324.745,-150.58],[-321.795,-150.75],[-323.195,-149.19],[-300.385,-128.73],[-283.975,-122.39],[-267.905,-129.86],[-262.215,-146.69],[-270.365,-162.42],[-292.825,-182.57],[-294.515,-180.68],[-294.725,-184.28],[-292.825,-182.57],[-269.265,-208.86],[-271.245,-210.63],[-267.495,-210.84],[-269.265,-208.86],[-246.845,-188.82],[-230.085,-182.4],[-213.715,-190.04],[-207.955,-207.19],[-216.255,-223.15],[-238.545,-243.07],[-240.435,-240.96],[-240.665,-244.96],[-238.545,-243.07],[-215.375,-269.01],[-217.525,-270.93],[-213.455,-271.16],[-215.375,-269.01],[-193.105,-249.12],[-176.195,-242.64],[-159.665,-250.37],[-153.845,-267.68],[-162.205,-283.8],[-184.345,-303.58],[-186.375,-301.31],[-186.615,-305.61],[-184.345,-303.58],[-164.985,-325.25],[-167.345,-327.25],[-162.975,-327.5],[-164.985,-325.25],[-126.145,-312.83],[-88.995,-329.45],[-91.325,-331.53],[-86.795,-331.79],[-88.995,-329.45],[16.155,-235.61],[123.835,-139.91],[232.705,-43.27],[233.875,-42.23],[337.395,49.66],[339.095,47.66],[339.305,51.35],[337.395,49.66],[324.975,88.5],[342.085,125.66],[343.655,123.89],[343.855,127.29]]},"ix":2}},{"ty":"sh","bm":0,"cl":"","ln":"","hd":false,"mn":"ADBE Vector Shape - Group","nm":"Path 2","ix":2,"d":1,"ks":{"a":0,"k":{"c":true,"i":[[1,0.88],[0.7,13.47],[-9.01,10],[0,0],[1.07,0.96],[0,0],[0,0],[0,0],[0,0],[0,0],[1.17,-1.32],[13.29,-0.73],[9.94,8.88],[0,0],[1.14,-1.28],[0,0],[0,0],[-1.26,-1.11],[0,0],[-0.4,-4.71],[3.14,-3.48],[4.67,-0.14],[3.59,3.39],[0,0],[1.05,-1.19],[0,0],[-1.17,-1.04],[0,0],[-0.4,-4.76],[3.16,-3.52],[4.73,-0.14],[3.62,3.43],[0,0],[0,0],[0.97,-1.1],[0,0],[0,0],[-1.05,-0.93],[0,0],[-0.42,-4.86],[3.23,-3.61],[4.86,-0.16],[3.7,3.48],[0,0],[0.76,-0.87],[0,0],[-0.73,-0.75],[0,0],[0,0],[-0.52,-13.45],[9.02,-9.8],[0,0],[-1.23,-1.1],[0,0],[0,0],[0,0],[0,0],[-1.62,1.69],[0,0],[0,0],[-13.34,1.21],[-10.61,-8.82],[0,0],[-0.44,0.52],[0,0],[0,0],[0.55,0.48],[0,0],[0.39,5.1],[-3.42,3.76],[-5.06,0.13],[-3.75,-3.58],[0,0],[0,0],[-0.58,0.66],[0,0],[0.69,0.61],[0,0],[0.39,5.01],[-3.35,3.7],[-4.97,0.13],[-3.71,-3.54],[0,0],[-0.71,0.8],[0,0],[0.84,0.74],[0,0],[0.38,4.93],[-3.3,3.63],[-4.87,0.13],[-3.67,-3.5],[0,0],[-0.85,0.96],[0,0],[0,0]],"o":[[-10.09,-8.98],[-0.79,-13.46],[0,0],[0.96,-1.07],[0,0],[0,0],[0,0],[0,0],[0,0],[-1.32,-1.17],[-8.8,9.97],[-13.3,0.83],[0,0],[-1.28,-1.13],[0,0],[0,0],[-1.11,1.26],[0,0],[3.78,3.16],[0.41,4.64],[-3.08,3.53],[-4.73,0.16],[0,0],[-1.19,-1.05],[0,0],[-1.04,1.17],[0,0],[3.82,3.18],[0.42,4.7],[-3.13,3.56],[-4.79,0.17],[0,0],[0,0],[-1.09,-0.97],[0,0],[0,0],[-0.93,1.05],[0,0],[3.88,3.22],[0.43,4.81],[-3.19,3.65],[-4.9,0.19],[0,0],[-0.86,-0.77],[0,0],[-0.68,0.77],[0,0],[0,0],[10.05,9.15],[0.62,13.44],[0,0],[-1.1,1.23],[0,0],[0,0],[0,0],[0,0],[1.74,1.55],[0,0],[0,0],[8.22,-10.05],[13.31,-1.31],[0,0],[0.51,0.43],[0,0],[0,0],[0.48,-0.55],[0,0],[-4,-3.35],[-0.43,-5.06],[3.36,-3.81],[5.09,-0.18],[0,0],[0,0],[0.66,0.58],[0,0],[0.62,-0.7],[0,0],[-3.95,-3.31],[-0.42,-4.97],[3.3,-3.73],[5.01,-0.16],[0,0],[0.8,0.71],[0,0],[0.74,-0.83],[0,0],[-3.9,-3.28],[-0.41,-4.88],[3.24,-3.67],[4.92,-0.16],[0,0],[0.96,0.85],[0,0],[0,0],[0.88,-0.99]],"v":[[347.055,123.69],[329.995,88.21],[343.005,51.14],[343.005,51.13],[342.805,47.46],[342.785,47.45],[128.025,-144.61],[20.585,-240.58],[-87.055,-336.32],[-87.075,-336.34],[-91.585,-336.06],[-126.505,-319.13],[-163.225,-331.87],[-163.225,-331.88],[-167.595,-331.62],[-190.925,-305.36],[-190.935,-305.36],[-190.675,-301.06],[-166.205,-279.31],[-159.795,-267.2],[-164.095,-254.32],[-176.395,-248.53],[-189.215,-253.48],[-213.685,-275.23],[-217.755,-274.99],[-244.655,-244.73],[-244.425,-240.73],[-219.965,-218.99],[-213.475,-206.74],[-217.805,-193.69],[-230.275,-187.84],[-243.245,-192.86],[-267.715,-214.6],[-267.725,-214.61],[-271.465,-214.38],[-298.325,-184.07],[-298.335,-184.06],[-298.115,-180.47],[-273.605,-158.79],[-266.955,-146.31],[-271.365,-132.94],[-284.135,-126.91],[-297.455,-132.02],[-321.965,-153.7],[-324.915,-153.53],[-347.465,-128.05],[-347.395,-125.35],[-347.305,-125.26],[-347.175,-125.13],[-330.525,-89.35],[-343.865,-52.64],[-343.885,-52.61],[-343.655,-48.4],[-343.615,-48.36],[-343.475,-48.24],[-128.955,143.96],[85.735,335.96],[91.775,335.73],[91.895,335.61],[92.015,335.48],[126.035,317.55],[163.905,329.26],[163.965,329.3],[165.685,329.15],[165.815,329.01],[188.375,303.79],[188.265,301.92],[163.875,280.1],[156.975,266.91],[161.695,252.9],[175.075,246.67],[188.865,252.04],[213.255,273.86],[213.265,273.87],[215.505,273.73],[242.505,243.56],[242.375,241.19],[217.975,219.37],[211.195,206.42],[215.825,192.66],[228.955,186.55],[242.505,191.83],[266.905,213.66],[269.645,213.5],[296.645,183.32],[296.475,180.46],[272.075,158.63],[265.415,145.9],[269.985,132.41],[282.865,126.42],[296.165,131.62],[320.545,153.45],[323.825,153.26],[347.255,127.09],[347.265,127.08]]},"ix":2}},{"ty":"mm","bm":0,"cl":"","ln":"","hd":false,"mn":"ADBE Vector Filter - Merge","nm":"Merge Paths 1","mm":1},{"ty":"fl","bm":0,"cl":"","ln":"","hd":false,"mn":"ADBE Vector Graphic - Fill","nm":"Fill 1","c":{"a":0,"k":[0,0.0863,0.2196],"ix":4},"r":1,"o":{"a":0,"k":100,"ix":5}},{"ty":"tr","a":{"a":0,"k":[0,0],"ix":1},"s":{"a":0,"k":[100,100],"ix":3},"sk":{"a":0,"k":0,"ix":4},"p":{"a":0,"k":[348.395,337.76],"ix":2},"r":{"a":0,"k":0,"ix":6},"sa":{"a":0,"k":0,"ix":5},"o":{"a":0,"k":100,"ix":7}}]}],"ind":2,"parent":5},{"ty":4,"nm":"Shadow","mn":"","sr":1,"st":0,"op":480,"ip":0,"hd":false,"cl":"","ln":"","ddd":0,"bm":0,"tt":1,"hasMask":false,"td":0,"ao":0,"ks":{"a":{"a":0,"k":[0,0,0],"ix":1},"s":{"a":0,"k":[100,100,100],"ix":6},"sk":{"a":0,"k":0},"p":{"a":0,"k":[0,0,0],"ix":2},"sa":{"a":0,"k":0},"o":{"a":0,"k":100,"ix":11},"r":{"a":0,"k":0,"ix":10}},"ef":[],"shapes":[{"ty":"gr","bm":0,"cl":"","ln":"","hd":false,"mn":"ADBE Vector Group","nm":"Rectangle 1","ix":1,"cix":2,"np":3,"it":[{"ty":"rc","bm":0,"cl":"","ln":"","hd":false,"mn":"ADBE Vector Shape - Rect","nm":"Rectangle Path 1","d":1,"p":{"a":0,"k":[0,0],"ix":3},"r":{"a":0,"k":0,"ix":4},"s":{"a":0,"k":[771,369],"ix":2}},{"ty":"fl","bm":0,"cl":"","ln":"","hd":false,"mn":"ADBE Vector Graphic - Fill","nm":"Fill 1","c":{"a":0,"k":[0,0.0863,0.2196],"ix":4},"r":1,"o":{"a":0,"k":30,"ix":5}},{"ty":"tr","a":{"a":0,"k":[0,0],"ix":1},"s":{"a":0,"k":[100,17.936],"ix":3},"sk":{"a":0,"k":0,"ix":4},"p":{"a":0,"k":[2.5,41.5],"ix":2},"r":{"a":0,"k":-22.248,"ix":6},"sa":{"a":0,"k":0,"ix":5},"o":{"a":0,"k":100,"ix":7}}]}],"ind":3,"parent":0},{"ty":4,"nm":"Mask","mn":"","sr":1,"st":0,"op":480,"ip":0,"hd":false,"cl":"","ln":"","ddd":0,"bm":0,"tt":0,"hasMask":false,"td":1,"ao":0,"ks":{"a":{"a":0,"k":[0,0,0],"ix":1},"s":{"a":0,"k":[100,100,100],"ix":6},"sk":{"a":0,"k":0},"p":{"a":0,"k":[540,540,0],"ix":2},"sa":{"a":0,"k":0},"o":{"a":0,"k":100,"ix":11},"r":{"a":0,"k":0,"ix":10}},"ef":[],"shapes":[{"ty":"gr","bm":0,"cl":"","ln":"","hd":false,"mn":"ADBE Vector Group","nm":"Rectangle 1","ix":1,"cix":2,"np":3,"it":[{"ty":"rc","bm":0,"cl":"","ln":"","hd":false,"mn":"ADBE Vector Shape - Rect","nm":"Rectangle Path 1","d":1,"p":{"a":0,"k":[0,0],"ix":3},"r":{"a":0,"k":0,"ix":4},"s":{"a":0,"k":[446,596],"ix":2}},{"ty":"fl","bm":0,"cl":"","ln":"","hd":false,"mn":"ADBE Vector Graphic - Fill","nm":"Fill 1","c":{"a":0,"k":[0,0.0863,0.2196],"ix":4},"r":1,"o":{"a":0,"k":100,"ix":5}},{"ty":"tr","a":{"a":0,"k":[0,0],"ix":1},"s":{"a":0,"k":[100,100],"ix":3},"sk":{"a":0,"k":0,"ix":4},"p":{"a":0,"k":[-297,-178],"ix":2},"r":{"a":0,"k":0,"ix":6},"sa":{"a":0,"k":0,"ix":5},"o":{"a":0,"k":100,"ix":7}}]}],"ind":4},{"ty":4,"nm":"Cinema tickets 03","mn":"","sr":1,"st":0,"op":480,"ip":0,"hd":false,"cl":"","ln":"","ddd":0,"bm":0,"tt":2,"hasMask":false,"td":0,"ao":0,"ks":{"a":{"a":0,"k":[185.219,317.034,0],"ix":1},"s":{"a":0,"k":[100,100,100],"ix":6},"sk":{"a":0,"k":0},"p":{"a":0,"k":[-143.721,12.194,0],"ix":2},"sa":{"a":0,"k":0},"o":{"a":0,"k":100,"ix":11},"r":{"a":1,"k":[{"o":{"x":0.333,"y":0},"i":{"x":0.667,"y":1},"s":[0],"t":0},{"o":{"x":0.333,"y":0},"i":{"x":0.667,"y":1},"s":[-20],"t":60},{"o":{"x":0.167,"y":0.167},"i":{"x":0.833,"y":0.833},"s":[0],"t":120}],"ix":10}},"ef":[],"shapes":[{"ty":"gr","bm":0,"cl":"","ln":"","hd":false,"mn":"ADBE Vector Group","nm":"Group 1","ix":1,"cix":2,"np":2,"it":[{"ty":"sh","bm":0,"cl":"","ln":"","hd":false,"mn":"ADBE Vector Shape - Group","nm":"Path 1","ix":1,"d":1,"ks":{"a":0,"k":{"c":true,"i":[[0.803,-0.91],[0,0],[1.389,1.228],[-1.228,1.39],[0,0],[0,0],[-0.909,-0.817]],"o":[[0,0],[-1.227,1.39],[-1.39,-1.228],[0,0],[0,0],[0.817,-0.909],[0.904,0.813]],"v":[[91.519,-99.312],[-86.062,101.719],[-90.8,102.013],[-91.094,97.274],[-91.075,97.252],[88.214,-102.257],[91.34,-102.424]]},"ix":2}},{"ty":"fl","bm":0,"cl":"","ln":"","hd":false,"mn":"ADBE Vector Graphic - Fill","nm":"Fill 1","c":{"a":0,"k":[0,0.0863,0.2196],"ix":4},"r":1,"o":{"a":0,"k":100,"ix":5}},{"ty":"tr","a":{"a":0,"k":[0,0],"ix":1},"s":{"a":0,"k":[100,100],"ix":3},"sk":{"a":0,"k":0,"ix":4},"p":{"a":0,"k":[513.62,483.625],"ix":2},"r":{"a":0,"k":0,"ix":6},"sa":{"a":0,"k":0,"ix":5},"o":{"a":0,"k":100,"ix":7}}]},{"ty":"gr","bm":0,"cl":"","ln":"","hd":false,"mn":"ADBE Vector Group","nm":"Group 2","ix":2,"cix":2,"np":2,"it":[{"ty":"sh","bm":0,"cl":"","ln":"","hd":false,"mn":"ADBE Vector Shape - Group","nm":"Path 1","ix":1,"d":1,"ks":{"a":0,"k":{"c":true,"i":[[1.22,-1.39],[1.4,1.22],[0.01,0],[0,0],[-0.28,0.32],[-0.31,-0.27],[0,0]],"o":[[-1.22,1.39],[-0.01,-0.01],[0,0],[-0.32,-0.28],[0.28,-0.31],[0,0],[1.39,1.23]],"v":[[130.85,116.39],[126.11,116.7],[126.07,116.67],[-131.73,-116.51],[-131.79,-117.59],[-130.72,-117.65],[130.54,111.65]]},"ix":2}},{"ty":"fl","bm":0,"cl":"","ln":"","hd":false,"mn":"ADBE Vector Graphic - Fill","nm":"Fill 1","c":{"a":0,"k":[0,0.0863,0.2196],"ix":4},"r":1,"o":{"a":0,"k":100,"ix":5}},{"ty":"tr","a":{"a":0,"k":[0,0],"ix":1},"s":{"a":0,"k":[100,100],"ix":3},"sk":{"a":0,"k":0,"ix":4},"p":{"a":0,"k":[276.2,315.54],"ix":2},"r":{"a":0,"k":0,"ix":6},"sa":{"a":0,"k":0,"ix":5},"o":{"a":0,"k":100,"ix":7}}]},{"ty":"gr","bm":0,"cl":"","ln":"","hd":false,"mn":"ADBE Vector Group","nm":"Group 3","ix":3,"cix":2,"np":2,"it":[{"ty":"sh","bm":0,"cl":"","ln":"","hd":false,"mn":"ADBE Vector Shape - Group","nm":"Path 1","ix":1,"d":1,"ks":{"a":0,"k":{"c":true,"i":[[1.23,-1.39],[1.39,1.22],[0,0],[0,0],[-0.29,0.31],[-0.31,-0.27],[0,0]],"o":[[-1.22,1.39],[0,0],[0,0],[-0.31,-0.28],[0.28,-0.31],[0,0],[1.39,1.22]],"v":[[130.845,116.39],[126.115,116.7],[126.075,116.66],[-131.735,-116.51],[-131.785,-117.59],[-130.725,-117.65],[130.545,111.65]]},"ix":2}},{"ty":"fl","bm":0,"cl":"","ln":"","hd":false,"mn":"ADBE Vector Graphic - Fill","nm":"Fill 1","c":{"a":0,"k":[0,0.0863,0.2196],"ix":4},"r":1,"o":{"a":0,"k":100,"ix":5}},{"ty":"tr","a":{"a":0,"k":[0,0],"ix":1},"s":{"a":0,"k":[100,100],"ix":3},"sk":{"a":0,"k":0,"ix":4},"p":{"a":0,"k":[320.065,266.31],"ix":2},"r":{"a":0,"k":0,"ix":6},"sa":{"a":0,"k":0,"ix":5},"o":{"a":0,"k":100,"ix":7}}]},{"ty":"gr","bm":0,"cl":"","ln":"","hd":false,"mn":"ADBE Vector Group","nm":"Group 4","ix":4,"cix":2,"np":2,"it":[{"ty":"sh","bm":0,"cl":"","ln":"","hd":false,"mn":"ADBE Vector Shape - Group","nm":"Path 1","ix":1,"d":1,"ks":{"a":0,"k":{"c":true,"i":[[0.28,-0.32],[0.31,0.27],[0,0],[-0.3,0.4],[0,0],[0,0],[0.03,0.81],[-0.2,0.26],[0,0],[0,0],[0.03,1.16],[-0.28,0.37],[0,0],[0,0],[0,0],[0.05,1.49],[-0.36,0.48],[0,0],[0,0],[0,0],[0.57,0.5],[0,0],[0,0],[-1.23,1.39],[-1.39,-1.22],[0,0],[0,0],[0,0],[0,0],[-0.04,-1.63],[0.41,-0.52],[0,0],[0,0],[0,0],[-0.03,-1.29],[0.32,-0.41],[0,0],[0,0],[-0.03,-0.95],[0.23,-0.31],[0,0],[0,0],[-0.02,-0.61],[0.15,-0.2],[0,0],[0,0]],"o":[[-0.28,0.31],[0,0],[-0.38,-0.34],[0,0],[0,0],[-0.81,0.02],[-0.01,-0.35],[0,0],[0,0],[-1.15,0.03],[-0.02,-0.49],[0,0],[0,0],[0,0],[-1.49,0.04],[-0.01,-0.65],[0,0],[0,0],[0,0],[-0.83,0.03],[0,0],[0,0],[-1.39,-1.23],[1.22,-1.39],[0,0],[0,0],[0,0],[0,0],[1.63,-0.04],[0.02,0.71],[0,0],[0,0],[0,0],[1.29,-0.03],[0.01,0.56],[0,0],[0,0],[0.95,-0.03],[0.01,0.41],[0,0],[0,0],[0.61,-0.02],[0,0.26],[0,0],[0,0],[0.31,0.28]],"v":[[131.785,117.585],[130.715,117.645],[91.975,83.415],[91.845,82.095],[109.255,58.725],[22.255,61.155],[20.745,59.725],[21.055,58.785],[56.025,13.135],[-29.635,15.525],[-31.775,13.495],[-31.355,12.175],[-31.335,12.155],[2.855,-32.445],[-81.515,-30.095],[-84.295,-32.715],[-83.735,-34.435],[-83.725,-34.455],[-50.345,-78.005],[-89.645,-76.655],[-91.805,-77.425],[-91.835,-77.445],[-130.545,-111.655],[-130.835,-116.395],[-126.095,-116.695],[-126.075,-116.675],[-88.575,-82.975],[-44.285,-84.125],[-44.255,-84.125],[-41.235,-81.245],[-41.855,-79.355],[-75.945,-35.615],[7.645,-37.265],[7.665,-37.265],[10.055,-34.975],[9.555,-33.495],[-25.335,11.255],[59.555,9.585],[61.325,11.255],[60.965,12.365],[25.275,58.155],[111.475,56.455],[112.615,57.525],[112.385,58.225],[93.945,82.555],[131.735,116.505]]},"ix":2}},{"ty":"fl","bm":0,"cl":"","ln":"","hd":false,"mn":"ADBE Vector Graphic - Fill","nm":"Fill 1","c":{"a":0,"k":[0,0.0863,0.2196],"ix":4},"r":1,"o":{"a":0,"k":100,"ix":5}},{"ty":"tr","a":{"a":0,"k":[0,0],"ix":1},"s":{"a":0,"k":[100,100],"ix":3},"sk":{"a":0,"k":0,"ix":4},"p":{"a":0,"k":[371.365,202.545],"ix":2},"r":{"a":0,"k":0,"ix":6},"sa":{"a":0,"k":0,"ix":5},"o":{"a":0,"k":100,"ix":7}}]},{"ty":"gr","bm":0,"cl":"","ln":"","hd":false,"mn":"ADBE Vector Group","nm":"Group 5","ix":5,"cix":2,"np":4,"it":[{"ty":"sh","bm":0,"cl":"","ln":"","hd":false,"mn":"ADBE Vector Shape - Group","nm":"Path 1","ix":1,"d":1,"ks":{"a":0,"k":{"c":true,"i":[[0,0],[0,0],[0,0],[0,0],[0,0],[0,0],[0,0],[-21.62,-19.28],[-21.08,-18.51],[-0.62,0.71],[0,0],[0.69,0.6],[9.15,-10.99],[0,0],[0,0],[21.51,19.29],[0,0],[0,0],[0,0]],"o":[[0,0],[0,0],[0,0],[0,0],[0,0],[0,0],[21.5,19.42],[20.92,18.69],[0.6,-0.71],[0,0],[-0.69,-0.6],[-9.05,10.47],[0,0],[0,0],[-21.6,-19.15],[0,0],[0,0],[0,0],[0,0]],"v":[[-143.23,-98.315],[-114.77,-129.735],[-116.35,-131.175],[-113.31,-131.355],[-114.77,-129.735],[-51.94,-72.845],[12.68,-14.735],[77.54,43.105],[140.69,98.725],[142.53,96.595],[142.75,100.535],[140.69,98.725],[113.66,130.895],[49.06,74.045],[-15.66,16.505],[-80.23,-41.435],[-143.23,-98.315],[-144.42,-97.005],[-144.56,-99.515]]},"ix":2}},{"ty":"sh","bm":0,"cl":"","ln":"","hd":false,"mn":"ADBE Vector Shape - Group","nm":"Path 2","ix":2,"d":1,"ks":{"a":0,"k":{"c":true,"i":[[1.13,1.02],[0,0],[21.65,19.24],[21.77,19.11],[0,0],[0,0],[0,0],[0.78,-0.89],[0,0],[0,0],[-0.73,-0.65],[0,0],[-21.65,-19.38],[0,0],[0,0],[-10.86,11.91],[0,0]],"o":[[0,0],[-21.5,-19.42],[-21.64,-19.25],[0,0],[0,0],[0,0],[-0.89,-0.78],[0,0],[0,0],[-0.64,0.73],[0,0],[21.75,19.25],[0,0],[0,0],[10.79,-11.32],[0,0],[1.03,-1.14]],"v":[[146.52,96.395],[146.48,96.365],[81.93,38.175],[17.01,-19.595],[-48.13,-77.115],[-113.48,-134.395],[-113.51,-134.425],[-116.53,-134.225],[-147.08,-99.375],[-147.1,-99.355],[-146.94,-96.855],[-81.5,-39.315],[-16.3,18.355],[48.75,76.445],[113.91,135.205],[146.7,100.315],[146.71,100.305]]},"ix":2}},{"ty":"mm","bm":0,"cl":"","ln":"","hd":false,"mn":"ADBE Vector Filter - Merge","nm":"Merge Paths 1","mm":1},{"ty":"fl","bm":0,"cl":"","ln":"","hd":false,"mn":"ADBE Vector Graphic - Fill","nm":"Fill 1","c":{"a":0,"k":[0,0.0863,0.2196],"ix":4},"r":1,"o":{"a":0,"k":100,"ix":5}},{"ty":"tr","a":{"a":0,"k":[0,0],"ix":1},"s":{"a":0,"k":[100,100],"ix":3},"sk":{"a":0,"k":0,"ix":4},"p":{"a":0,"k":[214.68,377.665],"ix":2},"r":{"a":0,"k":0,"ix":6},"sa":{"a":0,"k":0,"ix":5},"o":{"a":0,"k":100,"ix":7}}]},{"ty":"gr","bm":0,"cl":"","ln":"","hd":false,"mn":"ADBE Vector Group","nm":"Group 6","ix":6,"cix":2,"np":2,"it":[{"ty":"sh","bm":0,"cl":"","ln":"","hd":false,"mn":"ADBE Vector Shape - Group","nm":"Path 1","ix":1,"d":1,"ks":{"a":0,"k":{"c":true,"i":[[0.28,-0.32],[0,0],[0,0],[0,0],[1.39,1.23],[-1.22,1.4],[-0.01,0.01],[0,0],[0,0],[0,0],[-0.31,-0.29]],"o":[[0,0],[0,0],[0,0],[-1.22,1.39],[-1.4,-1.22],[0.01,0],[0,0],[0,0],[0,0],[0.28,-0.31],[0.31,0.28]],"v":[[128.23,-142.6],[126.33,-140.44],[-119.54,139.35],[-122.25,142.43],[-126.98,142.73],[-127.29,137.99],[-127.26,137.96],[-124.52,134.93],[125.16,-141.48],[127.09,-143.62],[128.17,-143.67]]},"ix":2}},{"ty":"fl","bm":0,"cl":"","ln":"","hd":false,"mn":"ADBE Vector Graphic - Fill","nm":"Fill 1","c":{"a":0,"k":[0,0.0863,0.2196],"ix":4},"r":1,"o":{"a":0,"k":100,"ix":5}},{"ty":"tr","a":{"a":0,"k":[0,0],"ix":1},"s":{"a":0,"k":[100,100],"ix":3},"sk":{"a":0,"k":0,"ix":4},"p":{"a":0,"k":[455.94,435.97],"ix":2},"r":{"a":0,"k":0,"ix":6},"sa":{"a":0,"k":0,"ix":5},"o":{"a":0,"k":100,"ix":7}}]},{"ty":"gr","bm":0,"cl":"","ln":"","hd":false,"mn":"ADBE Vector Group","nm":"Group 7","ix":7,"cix":2,"np":4,"it":[{"ty":"sh","bm":0,"cl":"","ln":"","hd":false,"mn":"ADBE Vector Shape - Group","nm":"Path 1","ix":1,"d":1,"ks":{"a":0,"k":{"c":true,"i":[[0,0],[0,0],[0,0],[0,0],[0,0],[6.91,-0.47],[5.03,4.64],[0.12,6.77],[-4.85,4.99],[0,0],[0,0],[0,0],[0,0],[0,0],[-6.81,0.62],[-5.12,-4.53],[-0.26,-6.88],[4.86,-5.18]],"o":[[0,0],[0,0],[0,0],[0,0],[-4.6,5.41],[-6.87,0.53],[-5.09,-4.57],[-0.17,-6.84],[0,0],[0,0],[0,0],[0,0],[0,0],[4.4,-5.38],[6.74,-0.65],[5.18,4.47],[0.32,6.92],[0,0]],"v":[[78.79,-48.82],[20.05,17.76],[-9.51,50.87],[-39.27,83.8],[-69.12,116.67],[-87.1,125.92],[-105.99,119.41],[-114.21,101.39],[-106.87,83.03],[-77.03,50.17],[-47.27,17.23],[-17.7,-15.88],[41.03,-82.46],[70.29,-115.85],[87.7,-125.24],[106.55,-119.14],[115.18,-101.12],[108.04,-82.21]]},"ix":2}},{"ty":"sh","bm":0,"cl":"","ln":"","hd":false,"mn":"ADBE Vector Shape - Group","nm":"Path 2","ix":2,"d":1,"ks":{"a":0,"k":{"c":true,"i":[[0.29,7.93],[5.97,5.33],[8.01,-0.63],[5.05,-6],[0,0],[0,0],[0,0],[0,0],[0,0],[-0.44,-8.01],[-6.05,-5.23],[-7.89,0.76],[-4.86,5.98],[0,0],[0,0],[0,0],[0,0],[0,0]],"o":[[-0.15,-7.92],[-5.88,-5.41],[-8.01,0.49],[0,0],[0,0],[0,0],[0,0],[0,0],[-5.39,5.71],[0.29,8.03],[5.98,5.31],[7.9,-0.63],[0,0],[0,0],[0,0],[0,0],[0,0],[5.39,-5.52]],"v":[[119.09,-101.26],[109.42,-122.36],[87.32,-129.94],[66.47,-119.25],[36.67,-86.35],[-22.72,-20.35],[-52.21,12.83],[-81.51,46.18],[-110.72,79.6],[-118.94,101.55],[-108.86,122.64],[-86.79,129.81],[-66.52,118.98],[-37.3,85.56],[-8.01,52.21],[21.49,19.03],[80.87,-46.97],[110.67,-79.86]]},"ix":2}},{"ty":"mm","bm":0,"cl":"","ln":"","hd":false,"mn":"ADBE Vector Filter - Merge","nm":"Merge Paths 1","mm":1},{"ty":"fl","bm":0,"cl":"","ln":"","hd":false,"mn":"ADBE Vector Graphic - Fill","nm":"Fill 1","c":{"a":0,"k":[0,0.0863,0.2196],"ix":4},"r":1,"o":{"a":0,"k":100,"ix":5}},{"ty":"tr","a":{"a":0,"k":[0,0],"ix":1},"s":{"a":0,"k":[100,100],"ix":3},"sk":{"a":0,"k":0,"ix":4},"p":{"a":0,"k":[512.64,480.02],"ix":2},"r":{"a":0,"k":0,"ix":6},"sa":{"a":0,"k":0,"ix":5},"o":{"a":0,"k":100,"ix":7}}]},{"ty":"gr","bm":0,"cl":"","ln":"","hd":false,"mn":"ADBE Vector Group","nm":"Group 8","ix":8,"cix":2,"np":2,"it":[{"ty":"sh","bm":0,"cl":"","ln":"","hd":false,"mn":"ADBE Vector Shape - Group","nm":"Path 1","ix":1,"d":1,"ks":{"a":0,"k":{"c":true,"i":[[0,0],[0,0],[0,0],[0,0]],"o":[[0,0],[0,0],[0,0],[0,0]],"v":[[114.353,132.92],[-145.182,-98.319],[-114.354,-132.919],[145.182,98.318]]},"ix":2}},{"ty":"fl","bm":0,"cl":"","ln":"","hd":false,"mn":"ADBE Vector Graphic - Fill","nm":"Fill 1","c":{"a":0,"k":[1,1,0.6667],"ix":4},"r":1,"o":{"a":0,"k":100,"ix":5}},{"ty":"tr","a":{"a":0,"k":[0,0],"ix":1},"s":{"a":0,"k":[100,100],"ix":3},"sk":{"a":0,"k":0,"ix":4},"p":{"a":0,"k":[214.114,377.797],"ix":2},"r":{"a":0,"k":0,"ix":6},"sa":{"a":0,"k":0,"ix":5},"o":{"a":0,"k":100,"ix":7}}]},{"ty":"gr","bm":0,"cl":"","ln":"","hd":false,"mn":"ADBE Vector Group","nm":"Group 9","ix":9,"cix":2,"np":2,"it":[{"ty":"sh","bm":0,"cl":"","ln":"","hd":false,"mn":"ADBE Vector Shape - Group","nm":"Path 1","ix":1,"d":1,"ks":{"a":0,"k":{"c":true,"i":[[-11.316,-10.082],[0,0],[-10.083,11.316],[0,0],[11.315,10.082],[0,0],[10.082,-11.316],[0,0]],"o":[[0,0],[11.316,10.082],[0,0],[10.082,-11.316],[0,0],[-11.316,-10.082],[0,0],[-10.082,11.316]],"v":[[-107.706,120.887],[-107.706,120.887],[-68.961,118.653],[109.94,-82.142],[107.708,-120.887],[107.706,-120.887],[68.961,-118.653],[-109.94,82.142]]},"ix":2}},{"ty":"fl","bm":0,"cl":"","ln":"","hd":false,"mn":"ADBE Vector Graphic - Fill","nm":"Fill 1","c":{"a":0,"k":[1,1,0.6667],"ix":4},"r":1,"o":{"a":0,"k":100,"ix":5}},{"ty":"tr","a":{"a":0,"k":[0,0],"ix":1},"s":{"a":0,"k":[100,100],"ix":3},"sk":{"a":0,"k":0,"ix":4},"p":{"a":0,"k":[512.92,480.159],"ix":2},"r":{"a":0,"k":0,"ix":6},"sa":{"a":0,"k":0,"ix":5},"o":{"a":0,"k":100,"ix":7}}]},{"ty":"gr","bm":0,"cl":"","ln":"","hd":false,"mn":"ADBE Vector Group","nm":"Group 10","ix":10,"cix":2,"np":7,"it":[{"ty":"sh","bm":0,"cl":"","ln":"","hd":false,"mn":"ADBE Vector Shape - Group","nm":"Path 1","ix":1,"d":1,"ks":{"a":0,"k":{"c":true,"i":[[0.31,0.27],[0,0],[-0.3,0.4],[0,0],[0,0],[0.03,0.81],[-0.2,0.26],[0,0],[0,0],[0.03,1.16],[-0.28,0.37],[0,0],[0,0],[0,0],[0.05,1.49],[-0.36,0.48],[0,0],[0,0],[0,0],[0.57,0.5],[0,0],[0,0],[-1.23,1.39],[-1.39,-1.22],[0,0],[0,0],[0,0],[0,0],[-0.04,-1.63],[0.41,-0.52],[0,0],[0,0],[0,0],[-0.03,-1.29],[0.32,-0.41],[0,0],[0,0],[-0.03,-0.95],[0.23,-0.31],[0,0],[0,0],[-0.02,-0.61],[0.15,-0.2],[0,0],[0,0],[0.28,-0.32]],"o":[[0,0],[-0.38,-0.34],[0,0],[0,0],[-0.81,0.02],[-0.01,-0.35],[0,0],[0,0],[-1.15,0.03],[-0.02,-0.49],[0,0],[0,0],[0,0],[-1.49,0.04],[-0.01,-0.65],[0,0],[0,0],[0,0],[-0.83,0.03],[0,0],[0,0],[-1.39,-1.23],[1.22,-1.39],[0,0],[0,0],[0,0],[0,0],[1.63,-0.04],[0.02,0.71],[0,0],[0,0],[0,0],[1.29,-0.03],[0.01,0.56],[0,0],[0,0],[0.95,-0.03],[0.01,0.41],[0,0],[0,0],[0.61,-0.02],[0,0.26],[0,0],[0,0],[0.31,0.28],[-0.28,0.31]],"v":[[208.94,30.585],[170.2,-3.645],[170.07,-4.965],[187.48,-28.335],[100.48,-25.905],[98.97,-27.335],[99.28,-28.275],[134.25,-73.925],[48.59,-71.535],[46.45,-73.565],[46.87,-74.885],[46.89,-74.905],[81.08,-119.505],[-3.29,-117.155],[-6.07,-119.775],[-5.51,-121.495],[-5.5,-121.515],[27.88,-165.065],[-11.42,-163.715],[-13.58,-164.485],[-13.61,-164.505],[-52.32,-198.715],[-52.61,-203.455],[-47.87,-203.755],[-47.85,-203.735],[-10.35,-170.035],[33.94,-171.185],[33.97,-171.185],[36.99,-168.305],[36.37,-166.415],[2.28,-122.675],[85.87,-124.325],[85.89,-124.325],[88.28,-122.035],[87.78,-120.555],[52.89,-75.805],[137.78,-77.475],[139.55,-75.805],[139.19,-74.695],[103.5,-28.905],[189.7,-30.605],[190.84,-29.535],[190.61,-28.835],[172.17,-4.505],[209.96,29.445],[210.01,30.525]]},"ix":2}},{"ty":"sh","bm":0,"cl":"","ln":"","hd":false,"mn":"ADBE Vector Shape - Group","nm":"Path 2","ix":2,"d":1,"ks":{"a":0,"k":{"c":true,"i":[[1.23,-1.39],[1.39,1.22],[0,0],[0,0],[-0.29,0.31],[-0.31,-0.27],[0,0]],"o":[[-1.22,1.39],[0,0],[0,0],[-0.31,-0.28],[0.28,-0.31],[0,0],[1.39,1.22]],"v":[[157.77,93.095],[153.04,93.405],[153,93.365],[-104.81,-139.805],[-104.86,-140.885],[-103.8,-140.945],[157.47,88.355]]},"ix":2}},{"ty":"sh","bm":0,"cl":"","ln":"","hd":false,"mn":"ADBE Vector Shape - Group","nm":"Path 3","ix":3,"d":1,"ks":{"a":0,"k":{"c":true,"i":[[1.22,-1.39],[1.4,1.22],[0.01,0],[0,0],[-0.28,0.32],[-0.31,-0.27],[0,0]],"o":[[-1.22,1.39],[-0.01,-0.01],[0,0],[-0.32,-0.28],[0.28,-0.31],[0,0],[1.39,1.23]],"v":[[113.91,142.325],[109.17,142.635],[109.13,142.605],[-148.67,-90.575],[-148.73,-91.655],[-147.66,-91.715],[113.6,137.585]]},"ix":2}},{"ty":"sh","bm":0,"cl":"","ln":"","hd":false,"mn":"ADBE Vector Shape - Group","nm":"Path 4","ix":4,"d":1,"ks":{"a":0,"k":{"c":true,"i":[[1.03,-1.14],[0,0],[10.79,-11.32],[0,0],[0,0],[21.75,19.25],[0,0],[-0.64,0.73],[0,0],[0,0],[-0.89,-0.78],[0,0],[0,0],[0,0],[-21.64,-19.25],[-21.5,-19.42],[0,0]],"o":[[0,0],[-10.86,11.91],[0,0],[0,0],[-21.65,-19.38],[0,0],[-0.73,-0.65],[0,0],[0,0],[0.78,-0.89],[0,0],[0,0],[0,0],[21.77,19.11],[21.65,19.24],[0,0],[1.13,1.02]],"v":[[68.25,188.365],[68.24,188.375],[35.45,223.265],[-29.71,164.505],[-94.76,106.415],[-159.96,48.745],[-225.4,-8.795],[-225.56,-11.295],[-225.54,-11.315],[-194.99,-46.165],[-191.97,-46.365],[-191.94,-46.335],[-126.59,10.945],[-61.45,68.465],[3.47,126.235],[68.02,184.425],[68.06,184.455]]},"ix":2}},{"ty":"sh","bm":0,"cl":"","ln":"","hd":false,"mn":"ADBE Vector Shape - Group","nm":"Path 5","ix":5,"d":1,"ks":{"a":0,"k":{"c":true,"i":[[0,0],[0,0],[0,0],[13.86,-0.72],[10.84,8.7],[0,0],[0,0],[-0.4,-6.22],[4.2,-4.64],[6.25,-0.17],[4.3,4.14],[0,0],[0,0],[0,0],[-0.41,-6.16],[4.16,-4.6],[6.18,-0.16],[4.28,4.11],[0,0],[0,0],[0,0],[-0.4,-6.06],[4.1,-4.5],[6.06,-0.15],[4.2,4.06],[0,0],[0,0],[-0.89,-14.12],[8.53,-10.91],[0,0],[0,0],[0,0]],"o":[[0,0],[0,0],[-9.81,9.82],[-13.9,0.83],[0,0],[0,0],[4.61,3.82],[0.54,6.23],[-4.13,4.7],[-6.21,0.3],[0,0],[0,0],[0,0],[4.58,3.79],[0.53,6.18],[-4.1,4.65],[-6.16,0.29],[0,0],[0,0],[0,0],[4.53,3.76],[0.51,6.07],[-4.03,4.57],[-6.04,0.27],[0,0],[0,0],[10.29,9.52],[0.99,13.7],[0,0],[0,0],[0,0],[0,0]],"v":[[179.09,-91.755],[71.41,-187.455],[-33.74,-281.295],[-70.89,-264.675],[-109.73,-277.095],[-129.09,-255.425],[-106.95,-235.645],[-98.59,-219.525],[-104.41,-202.215],[-120.94,-194.485],[-137.85,-200.965],[-160.12,-220.855],[-183.29,-194.915],[-161,-174.995],[-152.7,-159.035],[-158.46,-141.885],[-174.83,-134.245],[-191.59,-140.665],[-214.01,-160.705],[-237.57,-134.415],[-215.11,-114.265],[-206.96,-98.535],[-212.65,-81.705],[-228.72,-74.235],[-245.13,-80.575],[-267.94,-101.035],[-287.96,-78.725],[-270.28,-41.475],[-282.15,-2.805],[-68.62,186.405],[38.28,281.295],[287.96,4.885]]},"ix":2}},{"ty":"mm","bm":0,"cl":"","ln":"","hd":false,"mn":"ADBE Vector Filter - Merge","nm":"Merge Paths 1","mm":1},{"ty":"fl","bm":0,"cl":"","ln":"","hd":false,"mn":"ADBE Vector Graphic - Fill","nm":"Fill 1","c":{"a":0,"k":[1,1,1],"ix":4},"r":1,"o":{"a":0,"k":100,"ix":5}},{"ty":"tr","a":{"a":0,"k":[0,0],"ix":1},"s":{"a":0,"k":[100,100],"ix":3},"sk":{"a":0,"k":0,"ix":4},"p":{"a":0,"k":[293.14,289.605],"ix":2},"r":{"a":0,"k":0,"ix":6},"sa":{"a":0,"k":0,"ix":5},"o":{"a":0,"k":100,"ix":7}}]},{"ty":"gr","bm":0,"cl":"","ln":"","hd":false,"mn":"ADBE Vector Group","nm":"Group 11","ix":11,"cix":2,"np":4,"it":[{"ty":"sh","bm":0,"cl":"","ln":"","hd":false,"mn":"ADBE Vector Shape - Group","nm":"Path 1","ix":1,"d":1,"ks":{"a":0,"k":{"c":true,"i":[[5.39,-5.52],[0,0],[0,0],[0,0],[0,0],[0,0],[7.9,-0.63],[5.98,5.31],[0.29,8.03],[-5.39,5.71],[0,0],[0,0],[0,0],[0,0],[0,0],[-8.01,0.49],[-5.88,-5.41],[-0.15,-7.92]],"o":[[0,0],[0,0],[0,0],[0,0],[0,0],[-4.86,5.98],[-7.89,0.76],[-6.05,-5.23],[-0.44,-8.01],[0,0],[0,0],[0,0],[0,0],[0,0],[5.05,-6],[8.01,-0.63],[5.97,5.33],[0.29,7.93]],"v":[[109.87,-79.86],[80.07,-46.97],[20.69,19.03],[-8.81,52.21],[-38.1,85.56],[-67.32,118.98],[-87.59,129.81],[-109.66,122.64],[-119.74,101.55],[-111.52,79.6],[-82.31,46.18],[-53.01,12.83],[-23.52,-20.35],[35.87,-86.35],[65.67,-119.25],[86.52,-129.94],[108.62,-122.36],[118.29,-101.26]]},"ix":2}},{"ty":"sh","bm":0,"cl":"","ln":"","hd":false,"mn":"ADBE Vector Shape - Group","nm":"Path 2","ix":2,"d":1,"ks":{"a":0,"k":{"c":true,"i":[[0.79,13.97],[-8.76,10.83],[0,0],[0,0],[0,0],[-13.47,0.21],[-10.32,-9.48],[0,0],[0,0],[0.42,5.82],[-3.92,4.35],[-5.85,0.17],[-4.14,-3.95],[0,0],[0,0],[0,0],[0.42,5.91],[-3.98,4.42],[-5.94,0.18],[-4.18,-3.99],[0,0],[0,0],[0,0],[0.41,6],[-4.04,4.48],[-6.05,0.19],[-4.23,-4.04],[0,0],[0,0]],"o":[[-0.89,-13.88],[0,0],[0,0],[0,0],[10.24,-9.27],[14.42,-0.36],[0,0],[0,0],[-4.39,-3.63],[-0.52,-5.81],[3.86,-4.41],[5.85,-0.28],[0,0],[0,0],[0,0],[-4.45,-3.67],[-0.53,-5.91],[3.92,-4.48],[5.94,-0.28],[0,0],[0,0],[0,0],[-4.5,-3.71],[-0.54,-6.01],[3.98,-4.55],[6.02,-0.29],[0,0],[0,0],[-10.05,-9.67]],"v":[[159.93,-53.76],[172.35,-92.6],[68.83,-184.49],[-177.04,95.3],[-76.55,184.49],[-39.33,169.68],[-0.38,184.25],[20.47,160.76],[-3.03,139.92],[-10.91,124.88],[-5.53,108.7],[9.92,101.43],[25.85,107.5],[49.14,128.17],[73.85,100.32],[50.62,79.71],[42.61,64.44],[48.08,48],[63.78,40.61],[79.96,46.77],[102.98,67.21],[127.23,39.88],[104.25,19.49],[96.14,3.98],[101.71,-12.72],[117.67,-20.24],[134.1,-13.99],[156.85,6.18],[177.04,-16.6]]},"ix":2}},{"ty":"mm","bm":0,"cl":"","ln":"","hd":false,"mn":"ADBE Vector Filter - Merge","nm":"Merge Paths 1","mm":1},{"ty":"fl","bm":0,"cl":"","ln":"","hd":false,"mn":"ADBE Vector Graphic - Fill","nm":"Fill 1","c":{"a":0,"k":[1,1,1],"ix":4},"r":1,"o":{"a":0,"k":100,"ix":5}},{"ty":"tr","a":{"a":0,"k":[0,0],"ix":1},"s":{"a":0,"k":[100,100],"ix":3},"sk":{"a":0,"k":0,"ix":4},"p":{"a":0,"k":[513.44,480.02],"ix":2},"r":{"a":0,"k":0,"ix":6},"sa":{"a":0,"k":0,"ix":5},"o":{"a":0,"k":100,"ix":7}}]},{"ty":"gr","bm":0,"cl":"","ln":"","hd":false,"mn":"ADBE Vector Group","nm":"Group 12","ix":12,"cix":2,"np":4,"it":[{"ty":"sh","bm":0,"cl":"","ln":"","hd":false,"mn":"ADBE Vector Shape - Group","nm":"Path 1","ix":1,"d":1,"ks":{"a":0,"k":{"c":true,"i":[[0.58,0.56],[0,0],[0,0],[0,0],[0,0],[0,0],[6.02,-0.29],[3.98,-4.55],[-0.54,-6.01],[-4.5,-3.71],[0,0],[0,0],[0,0],[0,0],[0,0],[0,0],[0,0],[0,0],[0,0],[5.94,-0.28],[3.92,-4.48],[-0.53,-5.91],[-4.45,-3.67],[0,0],[0,0],[0,0],[0,0],[0,0],[0,0],[0,0],[0,0],[0,0],[5.85,-0.28],[3.86,-4.41],[-0.52,-5.81],[-4.39,-3.63],[0,0],[0,0],[0,0],[0,0],[0,0],[-0.3,-0.29],[0,0],[0,0],[0,0],[14.42,-0.36],[10.24,-9.27],[0,0],[0,0],[0,0],[-1.02,0.93],[0,0],[0,0],[0,0],[0,0],[0.67,-0.77],[0,0],[0,0],[0,0],[0.99,13.7],[10.29,9.52],[0,0],[0,0],[0,0],[-0.43,-0.41],[0,0],[0,0],[0,0],[0,0],[0,0],[-6.04,0.27],[-4.03,4.57],[0.51,6.07],[4.53,3.76],[0,0],[0,0],[0,0],[0,0],[0,0],[0,0],[0,0],[0,0],[0,0],[-6.16,0.29],[-4.1,4.65],[0.53,6.18],[4.58,3.79],[0,0],[0,0],[0,0],[0,0],[0,0],[0,0],[0,0],[0,0],[0,0],[-6.21,0.3],[-4.13,4.7],[0.54,6.23],[4.61,3.82],[0,0],[0,0],[0,0],[0,0],[0,0],[0.77,0.69],[0,0],[0,0],[-13.9,0.83],[-9.81,9.82],[0,0],[0,0],[0.76,-0.76],[0,0],[0,0],[0,0],[0,0],[0,0],[-0.58,0.65],[0,0],[0,0],[-0.89,-13.88],[-10.05,-9.67],[0,0],[0,0]],"o":[[0,0],[0,0],[0,0],[0,0],[0,0],[-4.23,-4.04],[-6.05,0.19],[-4.04,4.48],[0.41,6],[0,0],[0,0],[0,0],[0,0],[0,0],[0,0],[0,0],[0,0],[0,0],[-4.18,-3.99],[-5.94,0.18],[-3.98,4.42],[0.42,5.91],[0,0],[0,0],[0,0],[0,0],[0,0],[0,0],[0,0],[0,0],[0,0],[-4.14,-3.95],[-5.85,0.17],[-3.92,4.35],[0.42,5.82],[0,0],[0,0],[0,0],[0,0],[0,0],[0.31,0.28],[0,0],[0,0],[0,0],[-10.32,-9.48],[-13.47,0.21],[0,0],[0,0],[0,0],[0.96,-1.01],[0,0],[0,0],[0,0],[0,0],[-0.62,0.8],[0,0],[0,0],[0,0],[8.53,-10.91],[-0.89,-14.12],[0,0],[0,0],[0,0],[0.45,0.39],[0,0],[0,0],[0,0],[0,0],[0,0],[4.2,4.06],[6.06,-0.15],[4.1,-4.5],[-0.4,-6.06],[0,0],[0,0],[0,0],[0,0],[0,0],[0,0],[0,0],[0,0],[0,0],[4.28,4.11],[6.18,-0.16],[4.16,-4.6],[-0.41,-6.16],[0,0],[0,0],[0,0],[0,0],[0,0],[0,0],[0,0],[0,0],[0,0],[4.3,4.14],[6.25,-0.17],[4.2,-4.64],[-0.4,-6.22],[0,0],[0,0],[0,0],[0,0],[0,0],[-0.81,-0.64],[0,0],[0,0],[10.84,8.7],[13.86,-0.72],[0,0],[0,0],[-0.71,0.8],[0,0],[0,0],[0,0],[0,0],[0,0],[0.55,-0.68],[0,0],[0,0],[-8.76,10.83],[0.79,13.97],[0,0],[0,0],[-0.6,-0.53]],"v":[[342.085,125.66],[321.895,148.44],[323.635,149.98],[320.355,150.17],[321.895,148.44],[299.145,128.27],[282.715,122.02],[266.755,129.54],[261.185,146.24],[269.295,161.75],[292.275,182.14],[293.615,180.63],[293.785,183.48],[292.275,182.14],[268.025,209.47],[269.485,210.76],[266.745,210.91],[268.025,209.47],[245.005,189.03],[228.825,182.87],[213.125,190.26],[207.655,206.7],[215.665,221.97],[238.895,242.58],[240.005,241.33],[240.145,243.69],[238.895,242.58],[214.185,270.43],[215.375,271.48],[213.135,271.61],[214.185,270.43],[190.895,249.76],[174.965,243.69],[159.515,250.96],[154.135,267.14],[162.015,282.18],[185.515,303.02],[186.395,302.03],[186.505,303.9],[185.515,303.02],[164.665,326.51],[165.585,327.37],[163.805,327.48],[163.935,327.34],[164.665,326.51],[125.715,311.94],[88.495,326.75],[91.535,329.45],[85.375,329.8],[85.525,329.66],[88.495,326.75],[-11.995,237.56],[-16.975,233.14],[-123.875,138.25],[-337.405,-50.96],[-339.345,-48.61],[-339.595,-52.88],[-339.445,-52.76],[-337.405,-50.96],[-325.535,-89.63],[-343.215,-126.88],[-344.515,-125.43],[-344.685,-128.21],[-344.535,-128.07],[-343.215,-126.88],[-323.195,-149.19],[-324.745,-150.58],[-321.795,-150.75],[-323.195,-149.19],[-300.385,-128.73],[-283.975,-122.39],[-267.905,-129.86],[-262.215,-146.69],[-270.365,-162.42],[-292.825,-182.57],[-294.515,-180.68],[-294.725,-184.28],[-292.825,-182.57],[-269.265,-208.86],[-271.245,-210.63],[-267.495,-210.84],[-269.265,-208.86],[-246.845,-188.82],[-230.085,-182.4],[-213.715,-190.04],[-207.955,-207.19],[-216.255,-223.15],[-238.545,-243.07],[-240.435,-240.96],[-240.665,-244.96],[-238.545,-243.07],[-215.375,-269.01],[-217.525,-270.93],[-213.455,-271.16],[-215.375,-269.01],[-193.105,-249.12],[-176.195,-242.64],[-159.665,-250.37],[-153.845,-267.68],[-162.205,-283.8],[-184.345,-303.58],[-186.375,-301.31],[-186.615,-305.61],[-184.345,-303.58],[-164.985,-325.25],[-167.345,-327.25],[-162.975,-327.5],[-164.985,-325.25],[-126.145,-312.83],[-88.995,-329.45],[-91.325,-331.53],[-86.795,-331.79],[-88.995,-329.45],[16.155,-235.61],[123.835,-139.91],[232.705,-43.27],[233.875,-42.23],[337.395,49.66],[339.095,47.66],[339.305,51.35],[337.395,49.66],[324.975,88.5],[342.085,125.66],[343.655,123.89],[343.855,127.29]]},"ix":2}},{"ty":"sh","bm":0,"cl":"","ln":"","hd":false,"mn":"ADBE Vector Shape - Group","nm":"Path 2","ix":2,"d":1,"ks":{"a":0,"k":{"c":true,"i":[[1,0.88],[0.7,13.47],[-9.01,10],[0,0],[1.07,0.96],[0,0],[0,0],[0,0],[0,0],[0,0],[1.17,-1.32],[13.29,-0.73],[9.94,8.88],[0,0],[1.14,-1.28],[0,0],[0,0],[-1.26,-1.11],[0,0],[-0.4,-4.71],[3.14,-3.48],[4.67,-0.14],[3.59,3.39],[0,0],[1.05,-1.19],[0,0],[-1.17,-1.04],[0,0],[-0.4,-4.76],[3.16,-3.52],[4.73,-0.14],[3.62,3.43],[0,0],[0,0],[0.97,-1.1],[0,0],[0,0],[-1.05,-0.93],[0,0],[-0.42,-4.86],[3.23,-3.61],[4.86,-0.16],[3.7,3.48],[0,0],[0.76,-0.87],[0,0],[-0.73,-0.75],[0,0],[0,0],[-0.52,-13.45],[9.02,-9.8],[0,0],[-1.23,-1.1],[0,0],[0,0],[0,0],[0,0],[-1.62,1.69],[0,0],[0,0],[-13.34,1.21],[-10.61,-8.82],[0,0],[-0.44,0.52],[0,0],[0,0],[0.55,0.48],[0,0],[0.39,5.1],[-3.42,3.76],[-5.06,0.13],[-3.75,-3.58],[0,0],[0,0],[-0.58,0.66],[0,0],[0.69,0.61],[0,0],[0.39,5.01],[-3.35,3.7],[-4.97,0.13],[-3.71,-3.54],[0,0],[-0.71,0.8],[0,0],[0.84,0.74],[0,0],[0.38,4.93],[-3.3,3.63],[-4.87,0.13],[-3.67,-3.5],[0,0],[-0.85,0.96],[0,0],[0,0]],"o":[[-10.09,-8.98],[-0.79,-13.46],[0,0],[0.96,-1.07],[0,0],[0,0],[0,0],[0,0],[0,0],[-1.32,-1.17],[-8.8,9.97],[-13.3,0.83],[0,0],[-1.28,-1.13],[0,0],[0,0],[-1.11,1.26],[0,0],[3.78,3.16],[0.41,4.64],[-3.08,3.53],[-4.73,0.16],[0,0],[-1.19,-1.05],[0,0],[-1.04,1.17],[0,0],[3.82,3.18],[0.42,4.7],[-3.13,3.56],[-4.79,0.17],[0,0],[0,0],[-1.09,-0.97],[0,0],[0,0],[-0.93,1.05],[0,0],[3.88,3.22],[0.43,4.81],[-3.19,3.65],[-4.9,0.19],[0,0],[-0.86,-0.77],[0,0],[-0.68,0.77],[0,0],[0,0],[10.05,9.15],[0.62,13.44],[0,0],[-1.1,1.23],[0,0],[0,0],[0,0],[0,0],[1.74,1.55],[0,0],[0,0],[8.22,-10.05],[13.31,-1.31],[0,0],[0.51,0.43],[0,0],[0,0],[0.48,-0.55],[0,0],[-4,-3.35],[-0.43,-5.06],[3.36,-3.81],[5.09,-0.18],[0,0],[0,0],[0.66,0.58],[0,0],[0.62,-0.7],[0,0],[-3.95,-3.31],[-0.42,-4.97],[3.3,-3.73],[5.01,-0.16],[0,0],[0.8,0.71],[0,0],[0.74,-0.83],[0,0],[-3.9,-3.28],[-0.41,-4.88],[3.24,-3.67],[4.92,-0.16],[0,0],[0.96,0.85],[0,0],[0,0],[0.88,-0.99]],"v":[[347.055,123.69],[329.995,88.21],[343.005,51.14],[343.005,51.13],[342.805,47.46],[342.785,47.45],[128.025,-144.61],[20.585,-240.58],[-87.055,-336.32],[-87.075,-336.34],[-91.585,-336.06],[-126.505,-319.13],[-163.225,-331.87],[-163.225,-331.88],[-167.595,-331.62],[-190.925,-305.36],[-190.935,-305.36],[-190.675,-301.06],[-166.205,-279.31],[-159.795,-267.2],[-164.095,-254.32],[-176.395,-248.53],[-189.215,-253.48],[-213.685,-275.23],[-217.755,-274.99],[-244.655,-244.73],[-244.425,-240.73],[-219.965,-218.99],[-213.475,-206.74],[-217.805,-193.69],[-230.275,-187.84],[-243.245,-192.86],[-267.715,-214.6],[-267.725,-214.61],[-271.465,-214.38],[-298.325,-184.07],[-298.335,-184.06],[-298.115,-180.47],[-273.605,-158.79],[-266.955,-146.31],[-271.365,-132.94],[-284.135,-126.91],[-297.455,-132.02],[-321.965,-153.7],[-324.915,-153.53],[-347.465,-128.05],[-347.395,-125.35],[-347.305,-125.26],[-347.175,-125.13],[-330.525,-89.35],[-343.865,-52.64],[-343.885,-52.61],[-343.655,-48.4],[-343.615,-48.36],[-343.475,-48.24],[-128.955,143.96],[85.735,335.96],[91.775,335.73],[91.895,335.61],[92.015,335.48],[126.035,317.55],[163.905,329.26],[163.965,329.3],[165.685,329.15],[165.815,329.01],[188.375,303.79],[188.265,301.92],[163.875,280.1],[156.975,266.91],[161.695,252.9],[175.075,246.67],[188.865,252.04],[213.255,273.86],[213.265,273.87],[215.505,273.73],[242.505,243.56],[242.375,241.19],[217.975,219.37],[211.195,206.42],[215.825,192.66],[228.955,186.55],[242.505,191.83],[266.905,213.66],[269.645,213.5],[296.645,183.32],[296.475,180.46],[272.075,158.63],[265.415,145.9],[269.985,132.41],[282.865,126.42],[296.165,131.62],[320.545,153.45],[323.825,153.26],[347.255,127.09],[347.265,127.08]]},"ix":2}},{"ty":"mm","bm":0,"cl":"","ln":"","hd":false,"mn":"ADBE Vector Filter - Merge","nm":"Merge Paths 1","mm":1},{"ty":"fl","bm":0,"cl":"","ln":"","hd":false,"mn":"ADBE Vector Graphic - Fill","nm":"Fill 1","c":{"a":0,"k":[0,0.0863,0.2196],"ix":4},"r":1,"o":{"a":0,"k":100,"ix":5}},{"ty":"tr","a":{"a":0,"k":[0,0],"ix":1},"s":{"a":0,"k":[100,100],"ix":3},"sk":{"a":0,"k":0,"ix":4},"p":{"a":0,"k":[348.395,337.76],"ix":2},"r":{"a":0,"k":0,"ix":6},"sa":{"a":0,"k":0,"ix":5},"o":{"a":0,"k":100,"ix":7}}]}],"ind":5,"parent":0}],"ddd":0,"h":1080,"w":1080,"meta":{"a":"","k":"","d":"","g":"@lottiefiles/toolkit-js 0.21.1","tc":"#ffffff"},"v":"5.7.4","fr":60,"op":120,"ip":0,"assets":[]}