{"v":"5.7.3","fr":30,"ip":0,"op":210,"w":244,"h":172,"nm":"\ncard","ddd":0,"assets":[],"layers":[{"ddd":0,"ind":1,"ty":4,"nm":"Layer 56","sr":1,"ks":{"o":{"a":0,"k":100,"ix":11},"r":{"a":0,"k":0,"ix":10},"p":{"a":1,"k":[{"i":{"x":0.517,"y":1},"o":{"x":0.188,"y":0},"t":0,"s":[126.611,101.707,0],"to":[0,0,0],"ti":[0,0,0]},{"i":{"x":0.785,"y":1},"o":{"x":0.533,"y":0},"t":34.833,"s":[126.611,70.707,0],"to":[0,0,0],"ti":[0,0,0]},{"i":{"x":0.474,"y":1},"o":{"x":0.222,"y":0},"t":69.667,"s":[126.611,101.707,0],"to":[0,0,0],"ti":[0,0,0]},{"i":{"x":0.788,"y":1},"o":{"x":0.49,"y":0},"t":104.5,"s":[126.611,70.707,0],"to":[0,0,0],"ti":[0,0,0]},{"i":{"x":0.493,"y":1},"o":{"x":0.242,"y":0},"t":139.333,"s":[126.611,101.707,0],"to":[0,0,0],"ti":[0,0,0]},{"i":{"x":0.807,"y":1},"o":{"x":0.556,"y":0},"t":174.167,"s":[126.611,70.707,0],"to":[0,0,0],"ti":[0,0,0]},{"t":209,"s":[126.611,101.707,0]}],"ix":2},"a":{"a":0,"k":[381.611,293.707,0],"ix":1},"s":{"a":0,"k":[100,100,100],"ix":6}},"ao":0,"shapes":[{"ty":"gr","it":[{"ind":0,"ty":"sh","ix":1,"ks":{"a":0,"k":{"i":[[-1.187,0.76],[-0.293,0.616],[0.657,0.371],[1.01,-0.214],[1.187,-0.759],[0.286,-0.617],[-0.66,-0.371],[-1.003,0.214]],"o":[[1.194,-0.765],[0.293,-0.616],[-0.66,-0.371],[-1.014,0.214],[-1.184,0.76],[-0.289,0.618],[0.656,0.371],[1.003,-0.213]],"v":[[2.054,1.161],[4.282,-0.912],[3.735,-2.394],[1.231,-2.628],[-2.068,-1.167],[-4.275,0.9],[-3.721,2.385],[-1.231,2.62]],"c":true},"ix":2},"nm":"Path 1","mn":"ADBE Vector Shape - Group","hd":false},{"ind":1,"ty":"sh","ix":2,"ks":{"a":0,"k":{"i":[[-1.507,0.964],[-1.452,0.269],[-0.99,-0.559],[0.354,-0.891],[1.507,-0.964],[1.452,-0.269],[0.99,0.558],[-0.354,0.888]],"o":[[1.504,-0.964],[1.452,-0.269],[0.99,0.56],[-0.354,0.887],[-1.507,0.966],[-1.452,0.269],[-0.99,-0.561],[0.354,-0.889]],"v":[[-3.133,-1.77],[1.303,-3.62],[4.966,-3.183],[5.921,-1.009],[3.132,1.769],[-1.303,3.62],[-4.966,3.184],[-5.922,1.011]],"c":true},"ix":2},"nm":"Path 2","mn":"ADBE Vector Shape - Group","hd":false},{"ty":"fl","c":{"a":0,"k":[1,1,1,1],"ix":4},"o":{"a":0,"k":100,"ix":5},"r":1,"bm":0,"nm":"Fill 1","mn":"ADBE Vector Graphic - Fill","hd":false},{"ty":"tr","p":{"a":0,"k":[311.434,263.003],"ix":2},"a":{"a":0,"k":[0,0],"ix":1},"s":{"a":1,"k":[{"i":{"x":[0.833,0.833],"y":[0.833,0.833]},"o":{"x":[0.167,0.167],"y":[0.167,0.167]},"t":0,"s":[0,0]},{"i":{"x":[0.833,0.833],"y":[0.833,0.833]},"o":{"x":[0.167,0.167],"y":[0.167,0.167]},"t":6,"s":[100,100]},{"i":{"x":[0.833,0.833],"y":[0.833,0.833]},"o":{"x":[0.167,0.167],"y":[0.167,0.167]},"t":61,"s":[100,100]},{"i":{"x":[0.833,0.833],"y":[0.833,0.833]},"o":{"x":[0.167,0.167],"y":[0.167,0.167]},"t":68,"s":[0,0]},{"i":{"x":[0.833,0.833],"y":[0.833,0.833]},"o":{"x":[0.167,0.167],"y":[0.167,0.167]},"t":104,"s":[0,0]},{"i":{"x":[0.833,0.833],"y":[0.833,0.833]},"o":{"x":[0.167,0.167],"y":[0.167,0.167]},"t":110,"s":[100,100]},{"i":{"x":[0.833,0.833],"y":[0.833,0.833]},"o":{"x":[0.167,0.167],"y":[0.167,0.167]},"t":165,"s":[100,100]},{"t":172,"s":[0,0]}],"ix":3},"r":{"a":0,"k":0,"ix":6},"o":{"a":0,"k":100,"ix":7},"sk":{"a":0,"k":0,"ix":4},"sa":{"a":0,"k":0,"ix":5},"nm":"Transform"}],"nm":"Group 1","np":3,"cix":2,"bm":0,"ix":1,"mn":"ADBE Vector Group","hd":false},{"ty":"gr","it":[{"ind":0,"ty":"sh","ix":1,"ks":{"a":0,"k":{"i":[[-1.187,0.758],[-0.293,0.616],[0.657,0.372],[1.014,-0.215],[1.183,-0.76],[0.286,-0.619],[-0.657,-0.371],[-1,0.218]],"o":[[1.194,-0.766],[0.292,-0.615],[-0.656,-0.371],[-1.01,0.214],[-1.187,0.759],[-0.289,0.616],[0.657,0.374],[1.003,-0.211]],"v":[[2.054,1.16],[4.282,-0.912],[3.734,-2.394],[1.231,-2.629],[-2.065,-1.167],[-4.275,0.901],[-3.721,2.384],[-1.231,2.619]],"c":true},"ix":2},"nm":"Path 1","mn":"ADBE Vector Shape - Group","hd":false},{"ind":1,"ty":"sh","ix":2,"ks":{"a":0,"k":{"i":[[-1.507,0.964],[-1.452,0.269],[-0.989,-0.558],[0.354,-0.89],[1.507,-0.963],[1.452,-0.269],[0.99,0.558],[-0.354,0.888]],"o":[[1.503,-0.964],[1.452,-0.269],[0.99,0.561],[-0.354,0.888],[-1.504,0.966],[-1.452,0.269],[-0.99,-0.561],[0.354,-0.888]],"v":[[-3.133,-1.77],[1.303,-3.619],[4.966,-3.183],[5.922,-1.01],[3.133,1.769],[-1.303,3.619],[-4.966,3.183],[-5.921,1.01]],"c":true},"ix":2},"nm":"Path 2","mn":"ADBE Vector Shape - Group","hd":false},{"ty":"fl","c":{"a":0,"k":[1,1,1,1],"ix":4},"o":{"a":0,"k":100,"ix":5},"r":1,"bm":0,"nm":"Fill 1","mn":"ADBE Vector Graphic - Fill","hd":false},{"ty":"tr","p":{"a":0,"k":[318.743,267.133],"ix":2},"a":{"a":0,"k":[0,0],"ix":1},"s":{"a":1,"k":[{"i":{"x":[0.833,0.833],"y":[0.833,0.833]},"o":{"x":[0.167,0.167],"y":[0.167,0.167]},"t":0,"s":[0,0]},{"i":{"x":[0.833,0.833],"y":[0.833,0.833]},"o":{"x":[0.167,0.167],"y":[0.167,0.167]},"t":2,"s":[0,0]},{"i":{"x":[0.833,0.833],"y":[0.833,0.833]},"o":{"x":[0.167,0.167],"y":[0.167,0.167]},"t":8,"s":[100,100]},{"i":{"x":[0.833,0.833],"y":[0.833,0.833]},"o":{"x":[0.167,0.167],"y":[0.167,0.167]},"t":63,"s":[100,100]},{"i":{"x":[0.833,0.833],"y":[0.833,0.833]},"o":{"x":[0.167,0.167],"y":[0.167,0.167]},"t":70,"s":[0,0]},{"i":{"x":[0.833,0.833],"y":[0.833,0.833]},"o":{"x":[0.167,0.167],"y":[0.167,0.167]},"t":104,"s":[0,0]},{"i":{"x":[0.833,0.833],"y":[0.833,0.833]},"o":{"x":[0.167,0.167],"y":[0.167,0.167]},"t":106,"s":[0,0]},{"i":{"x":[0.833,0.833],"y":[0.833,0.833]},"o":{"x":[0.167,0.167],"y":[0.167,0.167]},"t":112,"s":[100,100]},{"i":{"x":[0.833,0.833],"y":[0.833,0.833]},"o":{"x":[0.167,0.167],"y":[0.167,0.167]},"t":167,"s":[100,100]},{"t":174,"s":[0,0]}],"ix":3},"r":{"a":0,"k":0,"ix":6},"o":{"a":0,"k":100,"ix":7},"sk":{"a":0,"k":0,"ix":4},"sa":{"a":0,"k":0,"ix":5},"nm":"Transform"}],"nm":"Group 2","np":3,"cix":2,"bm":0,"ix":2,"mn":"ADBE Vector Group","hd":false},{"ty":"gr","it":[{"ind":0,"ty":"sh","ix":1,"ks":{"a":0,"k":{"i":[[-1.184,0.762],[-0.293,0.616],[0.66,0.371],[1.01,-0.215],[1.187,-0.759],[0.286,-0.619],[-0.657,-0.374],[-1.003,0.214]],"o":[[1.194,-0.766],[0.289,-0.615],[-0.657,-0.374],[-1.01,0.214],[-1.187,0.762],[-0.289,0.619],[0.656,0.371],[1.003,-0.214]],"v":[[2.054,1.16],[4.285,-0.912],[3.734,-2.392],[1.23,-2.629],[-2.065,-1.167],[-4.276,0.901],[-3.722,2.387],[-1.229,2.622]],"c":true},"ix":2},"nm":"Path 1","mn":"ADBE Vector Shape - Group","hd":false},{"ind":1,"ty":"sh","ix":2,"ks":{"a":0,"k":{"i":[[-1.503,0.966],[-1.452,0.269],[-0.99,-0.561],[0.354,-0.888],[1.507,-0.966],[1.452,-0.269],[0.99,0.561],[-0.357,0.891]],"o":[[1.503,-0.966],[1.452,-0.269],[0.99,0.558],[-0.354,0.891],[-1.503,0.963],[-1.452,0.269],[-0.989,-0.558],[0.354,-0.888]],"v":[[-3.133,-1.769],[1.302,-3.619],[4.965,-3.18],[5.921,-1.011],[3.132,1.771],[-1.303,3.618],[-4.967,3.183],[-5.919,1.01]],"c":true},"ix":2},"nm":"Path 2","mn":"ADBE Vector Shape - Group","hd":false},{"ty":"fl","c":{"a":0,"k":[1,1,1,1],"ix":4},"o":{"a":0,"k":100,"ix":5},"r":1,"bm":0,"nm":"Fill 1","mn":"ADBE Vector Graphic - Fill","hd":false},{"ty":"tr","p":{"a":0,"k":[326.223,271.096],"ix":2},"a":{"a":0,"k":[0,0],"ix":1},"s":{"a":1,"k":[{"i":{"x":[0.833,0.833],"y":[0.833,0.833]},"o":{"x":[0.167,0.167],"y":[0.167,0.167]},"t":0,"s":[0,0]},{"i":{"x":[0.833,0.833],"y":[0.833,0.833]},"o":{"x":[0.167,0.167],"y":[0.167,0.167]},"t":4,"s":[0,0]},{"i":{"x":[0.833,0.833],"y":[0.833,0.833]},"o":{"x":[0.167,0.167],"y":[0.167,0.167]},"t":10,"s":[100,100]},{"i":{"x":[0.833,0.833],"y":[0.833,0.833]},"o":{"x":[0.167,0.167],"y":[0.167,0.167]},"t":65,"s":[100,100]},{"i":{"x":[0.833,0.833],"y":[0.833,0.833]},"o":{"x":[0.167,0.167],"y":[0.167,0.167]},"t":72,"s":[0,0]},{"i":{"x":[0.833,0.833],"y":[0.833,0.833]},"o":{"x":[0.167,0.167],"y":[0.167,0.167]},"t":104,"s":[0,0]},{"i":{"x":[0.833,0.833],"y":[0.833,0.833]},"o":{"x":[0.167,0.167],"y":[0.167,0.167]},"t":108,"s":[0,0]},{"i":{"x":[0.833,0.833],"y":[0.833,0.833]},"o":{"x":[0.167,0.167],"y":[0.167,0.167]},"t":114,"s":[100,100]},{"i":{"x":[0.833,0.833],"y":[0.833,0.833]},"o":{"x":[0.167,0.167],"y":[0.167,0.167]},"t":169,"s":[100,100]},{"t":176,"s":[0,0]}],"ix":3},"r":{"a":0,"k":0,"ix":6},"o":{"a":0,"k":100,"ix":7},"sk":{"a":0,"k":0,"ix":4},"sa":{"a":0,"k":0,"ix":5},"nm":"Transform"}],"nm":"Group 4","np":3,"cix":2,"bm":0,"ix":3,"mn":"ADBE Vector Group","hd":false},{"ty":"gr","it":[{"ind":0,"ty":"sh","ix":1,"ks":{"a":0,"k":{"i":[[-1.183,0.759],[-0.293,0.619],[0.66,0.371],[1.014,-0.215],[1.187,-0.762],[0.286,-0.616],[-0.656,-0.371],[-1.007,0.214]],"o":[[1.197,-0.765],[0.292,-0.615],[-0.657,-0.371],[-1.014,0.214],[-1.184,0.759],[-0.289,0.619],[0.657,0.371],[1.003,-0.211]],"v":[[2.053,1.16],[4.284,-0.915],[3.733,-2.395],[1.23,-2.629],[-2.066,-1.167],[-4.277,0.898],[-3.722,2.384],[-1.229,2.619]],"c":true},"ix":2},"nm":"Path 1","mn":"ADBE Vector Shape - Group","hd":false},{"ind":1,"ty":"sh","ix":2,"ks":{"a":0,"k":{"i":[[-1.504,0.966],[-1.452,0.269],[-0.99,-0.558],[0.353,-0.891],[1.507,-0.963],[1.452,-0.269],[0.99,0.558],[-0.354,0.888]],"o":[[1.507,-0.962],[1.452,-0.269],[0.99,0.558],[-0.354,0.888],[-1.503,0.966],[-1.452,0.269],[-0.99,-0.561],[0.354,-0.891]],"v":[[-3.134,-1.772],[1.301,-3.619],[4.964,-3.183],[5.92,-1.01],[3.131,1.769],[-1.304,3.619],[-4.967,3.184],[-5.919,1.01]],"c":true},"ix":2},"nm":"Path 2","mn":"ADBE Vector Shape - Group","hd":false},{"ty":"fl","c":{"a":0,"k":[1,1,1,1],"ix":4},"o":{"a":0,"k":100,"ix":5},"r":1,"bm":0,"nm":"Fill 1","mn":"ADBE Vector Graphic - Fill","hd":false},{"ty":"tr","p":{"a":0,"k":[333.499,275.102],"ix":2},"a":{"a":0,"k":[0,0],"ix":1},"s":{"a":1,"k":[{"i":{"x":[0.833,0.833],"y":[0.833,0.833]},"o":{"x":[0.167,0.167],"y":[0.167,0.167]},"t":0,"s":[0,0]},{"i":{"x":[0.833,0.833],"y":[0.833,0.833]},"o":{"x":[0.167,0.167],"y":[0.167,0.167]},"t":6,"s":[0,0]},{"i":{"x":[0.833,0.833],"y":[0.833,0.833]},"o":{"x":[0.167,0.167],"y":[0.167,0.167]},"t":12,"s":[100,100]},{"i":{"x":[0.833,0.833],"y":[0.833,0.833]},"o":{"x":[0.167,0.167],"y":[0.167,0.167]},"t":67,"s":[100,100]},{"i":{"x":[0.833,0.833],"y":[0.833,0.833]},"o":{"x":[0.167,0.167],"y":[0.167,0.167]},"t":74,"s":[0,0]},{"i":{"x":[0.833,0.833],"y":[0.833,0.833]},"o":{"x":[0.167,0.167],"y":[0.167,0.167]},"t":104,"s":[0,0]},{"i":{"x":[0.833,0.833],"y":[0.833,0.833]},"o":{"x":[0.167,0.167],"y":[0.167,0.167]},"t":110,"s":[0,0]},{"i":{"x":[0.833,0.833],"y":[0.833,0.833]},"o":{"x":[0.167,0.167],"y":[0.167,0.167]},"t":116,"s":[100,100]},{"i":{"x":[0.833,0.833],"y":[0.833,0.833]},"o":{"x":[0.167,0.167],"y":[0.167,0.167]},"t":171,"s":[100,100]},{"t":178,"s":[0,0]}],"ix":3},"r":{"a":0,"k":0,"ix":6},"o":{"a":0,"k":100,"ix":7},"sk":{"a":0,"k":0,"ix":4},"sa":{"a":0,"k":0,"ix":5},"nm":"Transform"}],"nm":"Group 3","np":3,"cix":2,"bm":0,"ix":4,"mn":"ADBE Vector Group","hd":false},{"ty":"gr","it":[{"ind":0,"ty":"sh","ix":1,"ks":{"a":0,"k":{"i":[[-1.187,0.759],[-0.289,0.616],[0.657,0.371],[1.01,-0.218],[1.184,-0.759],[0.289,-0.615],[-0.657,-0.371],[-1.007,0.214]],"o":[[1.193,-0.769],[0.293,-0.615],[-0.657,-0.374],[-1.014,0.215],[-1.187,0.762],[-0.289,0.619],[0.656,0.371],[1,-0.215]],"v":[[2.054,1.163],[4.281,-0.912],[3.734,-2.392],[1.23,-2.626],[-2.065,-1.167],[-4.276,0.901],[-3.721,2.387],[-1.228,2.622]],"c":true},"ix":2},"nm":"Path 1","mn":"ADBE Vector Shape - Group","hd":false},{"ind":1,"ty":"sh","ix":2,"ks":{"a":0,"k":{"i":[[-1.503,0.966],[-1.452,0.269],[-0.99,-0.561],[0.354,-0.888],[1.507,-0.966],[1.452,-0.265],[0.99,0.561],[-0.35,0.891]],"o":[[1.507,-0.962],[1.452,-0.269],[0.99,0.558],[-0.354,0.891],[-1.503,0.963],[-1.452,0.269],[-0.99,-0.558],[0.354,-0.888]],"v":[[-3.133,-1.769],[1.302,-3.619],[4.965,-3.18],[5.921,-1.011],[3.132,1.771],[-1.303,3.618],[-4.967,3.183],[-5.922,1.01]],"c":true},"ix":2},"nm":"Path 2","mn":"ADBE Vector Shape - Group","hd":false},{"ty":"fl","c":{"a":0,"k":[1,1,1,1],"ix":4},"o":{"a":0,"k":100,"ix":5},"r":1,"bm":0,"nm":"Fill 1","mn":"ADBE Vector Graphic - Fill","hd":false},{"ty":"tr","p":{"a":0,"k":[344.481,281.588],"ix":2},"a":{"a":0,"k":[0,0],"ix":1},"s":{"a":1,"k":[{"i":{"x":[0.833,0.833],"y":[0.833,0.833]},"o":{"x":[0.167,0.167],"y":[0.167,0.167]},"t":0,"s":[0,0]},{"i":{"x":[0.833,0.833],"y":[0.833,0.833]},"o":{"x":[0.167,0.167],"y":[0.167,0.167]},"t":8,"s":[0,0]},{"i":{"x":[0.833,0.833],"y":[0.833,0.833]},"o":{"x":[0.167,0.167],"y":[0.167,0.167]},"t":14,"s":[100,100]},{"i":{"x":[0.833,0.833],"y":[0.833,0.833]},"o":{"x":[0.167,0.167],"y":[0.167,0.167]},"t":69,"s":[100,100]},{"i":{"x":[0.833,0.833],"y":[0.833,0.833]},"o":{"x":[0.167,0.167],"y":[0.167,0.167]},"t":76,"s":[0,0]},{"i":{"x":[0.833,0.833],"y":[0.833,0.833]},"o":{"x":[0.167,0.167],"y":[0.167,0.167]},"t":104,"s":[0,0]},{"i":{"x":[0.833,0.833],"y":[0.833,0.833]},"o":{"x":[0.167,0.167],"y":[0.167,0.167]},"t":112,"s":[0,0]},{"i":{"x":[0.833,0.833],"y":[0.833,0.833]},"o":{"x":[0.167,0.167],"y":[0.167,0.167]},"t":118,"s":[100,100]},{"i":{"x":[0.833,0.833],"y":[0.833,0.833]},"o":{"x":[0.167,0.167],"y":[0.167,0.167]},"t":173,"s":[100,100]},{"t":180,"s":[0,0]}],"ix":3},"r":{"a":0,"k":0,"ix":6},"o":{"a":0,"k":100,"ix":7},"sk":{"a":0,"k":0,"ix":4},"sa":{"a":0,"k":0,"ix":5},"nm":"Transform"}],"nm":"Group 6","np":3,"cix":2,"bm":0,"ix":5,"mn":"ADBE Vector Group","hd":false},{"ty":"gr","it":[{"ind":0,"ty":"sh","ix":1,"ks":{"a":0,"k":{"i":[[-1.187,0.762],[-0.289,0.616],[0.657,0.371],[1.01,-0.215],[1.184,-0.759],[0.289,-0.619],[-0.657,-0.371],[-1.003,0.211]],"o":[[1.194,-0.765],[0.293,-0.615],[-0.656,-0.371],[-1.01,0.214],[-1.187,0.758],[-0.289,0.619],[0.657,0.371],[1,-0.215]],"v":[[2.054,1.16],[4.282,-0.912],[3.734,-2.395],[1.231,-2.629],[-2.065,-1.167],[-4.275,0.901],[-3.721,2.384],[-1.228,2.622]],"c":true},"ix":2},"nm":"Path 1","mn":"ADBE Vector Shape - Group","hd":false},{"ind":1,"ty":"sh","ix":2,"ks":{"a":0,"k":{"i":[[-1.507,0.966],[-1.452,0.269],[-0.99,-0.558],[0.354,-0.891],[1.507,-0.962],[1.452,-0.269],[0.99,0.558],[-0.354,0.888]],"o":[[1.503,-0.962],[1.452,-0.269],[0.989,0.561],[-0.354,0.888],[-1.503,0.966],[-1.452,0.269],[-0.99,-0.561],[0.354,-0.891]],"v":[[-3.132,-1.772],[1.303,-3.619],[4.966,-3.183],[5.922,-1.01],[3.133,1.768],[-1.302,3.619],[-4.966,3.184],[-5.921,1.01]],"c":true},"ix":2},"nm":"Path 2","mn":"ADBE Vector Shape - Group","hd":false},{"ty":"fl","c":{"a":0,"k":[1,1,1,1],"ix":4},"o":{"a":0,"k":100,"ix":5},"r":1,"bm":0,"nm":"Fill 1","mn":"ADBE Vector Graphic - Fill","hd":false},{"ty":"tr","p":{"a":0,"k":[351.755,285.594],"ix":2},"a":{"a":0,"k":[0,0],"ix":1},"s":{"a":1,"k":[{"i":{"x":[0.833,0.833],"y":[0.833,0.833]},"o":{"x":[0.167,0.167],"y":[0.167,0.167]},"t":0,"s":[0,0]},{"i":{"x":[0.833,0.833],"y":[0.833,0.833]},"o":{"x":[0.167,0.167],"y":[0.167,0.167]},"t":10,"s":[0,0]},{"i":{"x":[0.833,0.833],"y":[0.833,0.833]},"o":{"x":[0.167,0.167],"y":[0.167,0.167]},"t":16,"s":[100,100]},{"i":{"x":[0.833,0.833],"y":[0.833,0.833]},"o":{"x":[0.167,0.167],"y":[0.167,0.167]},"t":71,"s":[100,100]},{"i":{"x":[0.833,0.833],"y":[0.833,0.833]},"o":{"x":[0.167,0.167],"y":[0.167,0.167]},"t":78,"s":[0,0]},{"i":{"x":[0.833,0.833],"y":[0.833,0.833]},"o":{"x":[0.167,0.167],"y":[0.167,0.167]},"t":104,"s":[0,0]},{"i":{"x":[0.833,0.833],"y":[0.833,0.833]},"o":{"x":[0.167,0.167],"y":[0.167,0.167]},"t":114,"s":[0,0]},{"i":{"x":[0.833,0.833],"y":[0.833,0.833]},"o":{"x":[0.167,0.167],"y":[0.167,0.167]},"t":120,"s":[100,100]},{"i":{"x":[0.833,0.833],"y":[0.833,0.833]},"o":{"x":[0.167,0.167],"y":[0.167,0.167]},"t":175,"s":[100,100]},{"t":182,"s":[0,0]}],"ix":3},"r":{"a":0,"k":0,"ix":6},"o":{"a":0,"k":100,"ix":7},"sk":{"a":0,"k":0,"ix":4},"sa":{"a":0,"k":0,"ix":5},"nm":"Transform"}],"nm":"Group 5","np":3,"cix":2,"bm":0,"ix":6,"mn":"ADBE Vector Group","hd":false},{"ty":"gr","it":[{"ind":0,"ty":"sh","ix":1,"ks":{"a":0,"k":{"i":[[-1.183,0.759],[-0.293,0.615],[0.657,0.371],[1.014,-0.214],[1.187,-0.762],[0.286,-0.619],[-0.656,-0.374],[-1.003,0.215]],"o":[[1.197,-0.765],[0.293,-0.616],[-0.66,-0.374],[-1.01,0.214],[-1.184,0.759],[-0.289,0.619],[0.66,0.371],[1.003,-0.214]],"v":[[2.052,1.162],[4.283,-0.913],[3.735,-2.392],[1.229,-2.627],[-2.067,-1.164],[-4.275,0.9],[-3.724,2.386],[-1.231,2.621]],"c":true},"ix":2},"nm":"Path 1","mn":"ADBE Vector Shape - Group","hd":false},{"ind":1,"ty":"sh","ix":2,"ks":{"a":0,"k":{"i":[[-1.507,0.963],[-1.452,0.269],[-0.99,-0.561],[0.357,-0.888],[1.503,-0.966],[1.452,-0.265],[0.989,0.561],[-0.354,0.891]],"o":[[1.504,-0.966],[1.452,-0.265],[0.99,0.558],[-0.35,0.891],[-1.507,0.963],[-1.452,0.269],[-0.99,-0.558],[0.354,-0.887]],"v":[[-3.132,-1.77],[1.303,-3.62],[4.966,-3.181],[5.919,-1.011],[3.133,1.771],[-1.302,3.618],[-4.965,3.182],[-5.921,1.009]],"c":true},"ix":2},"nm":"Path 2","mn":"ADBE Vector Shape - Group","hd":false},{"ty":"fl","c":{"a":0,"k":[1,1,1,1],"ix":4},"o":{"a":0,"k":100,"ix":5},"r":1,"bm":0,"nm":"Fill 1","mn":"ADBE Vector Graphic - Fill","hd":false},{"ty":"tr","p":{"a":0,"k":[358.741,289.606],"ix":2},"a":{"a":0,"k":[0,0],"ix":1},"s":{"a":1,"k":[{"i":{"x":[0.833,0.833],"y":[0.833,0.833]},"o":{"x":[0.167,0.167],"y":[0.167,0.167]},"t":0,"s":[0,0]},{"i":{"x":[0.833,0.833],"y":[0.833,0.833]},"o":{"x":[0.167,0.167],"y":[0.167,0.167]},"t":12,"s":[0,0]},{"i":{"x":[0.833,0.833],"y":[0.833,0.833]},"o":{"x":[0.167,0.167],"y":[0.167,0.167]},"t":18,"s":[100,100]},{"i":{"x":[0.833,0.833],"y":[0.833,0.833]},"o":{"x":[0.167,0.167],"y":[0.167,0.167]},"t":73,"s":[100,100]},{"i":{"x":[0.833,0.833],"y":[0.833,0.833]},"o":{"x":[0.167,0.167],"y":[0.167,0.167]},"t":80,"s":[0,0]},{"i":{"x":[0.833,0.833],"y":[0.833,0.833]},"o":{"x":[0.167,0.167],"y":[0.167,0.167]},"t":104,"s":[0,0]},{"i":{"x":[0.833,0.833],"y":[0.833,0.833]},"o":{"x":[0.167,0.167],"y":[0.167,0.167]},"t":116,"s":[0,0]},{"i":{"x":[0.833,0.833],"y":[0.833,0.833]},"o":{"x":[0.167,0.167],"y":[0.167,0.167]},"t":122,"s":[100,100]},{"i":{"x":[0.833,0.833],"y":[0.833,0.833]},"o":{"x":[0.167,0.167],"y":[0.167,0.167]},"t":177,"s":[100,100]},{"t":184,"s":[0,0]}],"ix":3},"r":{"a":0,"k":0,"ix":6},"o":{"a":0,"k":100,"ix":7},"sk":{"a":0,"k":0,"ix":4},"sa":{"a":0,"k":0,"ix":5},"nm":"Transform"}],"nm":"Group 7","np":3,"cix":2,"bm":0,"ix":7,"mn":"ADBE Vector Group","hd":false},{"ty":"gr","it":[{"ind":0,"ty":"sh","ix":1,"ks":{"a":0,"k":{"i":[[-1.187,0.759],[-0.293,0.612],[0.657,0.371],[1.01,-0.214],[1.187,-0.762],[0.286,-0.615],[-0.66,-0.371],[-1,0.214]],"o":[[1.194,-0.765],[0.292,-0.619],[-0.656,-0.371],[-1.014,0.215],[-1.183,0.758],[-0.289,0.619],[0.657,0.371],[1.003,-0.211]],"v":[[2.054,1.161],[4.282,-0.91],[3.734,-2.393],[1.231,-2.628],[-2.068,-1.165],[-4.275,0.899],[-3.721,2.385],[-1.231,2.62]],"c":true},"ix":2},"nm":"Path 1","mn":"ADBE Vector Shape - Group","hd":false},{"ind":1,"ty":"sh","ix":2,"ks":{"a":0,"k":{"i":[[-1.507,0.966],[-1.452,0.265],[-0.99,-0.561],[0.354,-0.891],[1.507,-0.966],[1.452,-0.269],[0.99,0.561],[-0.354,0.887]],"o":[[1.503,-0.962],[1.452,-0.269],[0.989,0.558],[-0.354,0.888],[-1.504,0.963],[-1.452,0.265],[-0.99,-0.558],[0.354,-0.891]],"v":[[-3.132,-1.771],[1.303,-3.618],[4.966,-3.182],[5.922,-1.009],[3.133,1.77],[-1.303,3.62],[-4.966,3.181],[-5.921,1.011]],"c":true},"ix":2},"nm":"Path 2","mn":"ADBE Vector Shape - Group","hd":false},{"ty":"fl","c":{"a":0,"k":[1,1,1,1],"ix":4},"o":{"a":0,"k":100,"ix":5},"r":1,"bm":0,"nm":"Fill 1","mn":"ADBE Vector Graphic - Fill","hd":false},{"ty":"tr","p":{"a":0,"k":[366.051,293.736],"ix":2},"a":{"a":0,"k":[0,0],"ix":1},"s":{"a":1,"k":[{"i":{"x":[0.833,0.833],"y":[0.833,0.833]},"o":{"x":[0.167,0.167],"y":[0.167,0.167]},"t":0,"s":[0,0]},{"i":{"x":[0.833,0.833],"y":[0.833,0.833]},"o":{"x":[0.167,0.167],"y":[0.167,0.167]},"t":14,"s":[0,0]},{"i":{"x":[0.833,0.833],"y":[0.833,0.833]},"o":{"x":[0.167,0.167],"y":[0.167,0.167]},"t":20,"s":[100,100]},{"i":{"x":[0.833,0.833],"y":[0.833,0.833]},"o":{"x":[0.167,0.167],"y":[0.167,0.167]},"t":75,"s":[100,100]},{"i":{"x":[0.833,0.833],"y":[0.833,0.833]},"o":{"x":[0.167,0.167],"y":[0.167,0.167]},"t":82,"s":[0,0]},{"i":{"x":[0.833,0.833],"y":[0.833,0.833]},"o":{"x":[0.167,0.167],"y":[0.167,0.167]},"t":104,"s":[0,0]},{"i":{"x":[0.833,0.833],"y":[0.833,0.833]},"o":{"x":[0.167,0.167],"y":[0.167,0.167]},"t":118,"s":[0,0]},{"i":{"x":[0.833,0.833],"y":[0.833,0.833]},"o":{"x":[0.167,0.167],"y":[0.167,0.167]},"t":124,"s":[100,100]},{"i":{"x":[0.833,0.833],"y":[0.833,0.833]},"o":{"x":[0.167,0.167],"y":[0.167,0.167]},"t":179,"s":[100,100]},{"t":186,"s":[0,0]}],"ix":3},"r":{"a":0,"k":0,"ix":6},"o":{"a":0,"k":100,"ix":7},"sk":{"a":0,"k":0,"ix":4},"sa":{"a":0,"k":0,"ix":5},"nm":"Transform"}],"nm":"Group 8","np":3,"cix":2,"bm":0,"ix":8,"mn":"ADBE Vector Group","hd":false},{"ty":"gr","it":[{"ind":0,"ty":"sh","ix":1,"ks":{"a":0,"k":{"i":[[-1.187,0.759],[-0.292,0.615],[0.657,0.371],[1.01,-0.214],[1.183,-0.762],[0.286,-0.616],[-0.66,-0.371],[-1.003,0.215]],"o":[[1.194,-0.765],[0.293,-0.619],[-0.657,-0.371],[-1.014,0.214],[-1.187,0.759],[-0.289,0.619],[0.657,0.371],[1.003,-0.211]],"v":[[2.054,1.16],[4.282,-0.911],[3.734,-2.394],[1.231,-2.629],[-2.065,-1.167],[-4.275,0.898],[-3.721,2.384],[-1.231,2.619]],"c":true},"ix":2},"nm":"Path 1","mn":"ADBE Vector Shape - Group","hd":false},{"ind":1,"ty":"sh","ix":2,"ks":{"a":0,"k":{"i":[[-1.507,0.966],[-1.452,0.265],[-0.989,-0.558],[0.354,-0.891],[1.503,-0.963],[1.452,-0.269],[0.99,0.558],[-0.354,0.888]],"o":[[1.504,-0.963],[1.452,-0.269],[0.99,0.558],[-0.354,0.888],[-1.507,0.966],[-1.452,0.269],[-0.99,-0.561],[0.354,-0.891]],"v":[[-3.133,-1.772],[1.303,-3.619],[4.966,-3.184],[5.922,-1.01],[3.133,1.769],[-1.303,3.619],[-4.966,3.183],[-5.921,1.01]],"c":true},"ix":2},"nm":"Path 2","mn":"ADBE Vector Shape - Group","hd":false},{"ty":"fl","c":{"a":0,"k":[1,1,1,1],"ix":4},"o":{"a":0,"k":100,"ix":5},"r":1,"bm":0,"nm":"Fill 1","mn":"ADBE Vector Graphic - Fill","hd":false},{"ty":"tr","p":{"a":0,"k":[376.85,300.346],"ix":2},"a":{"a":0,"k":[0,0],"ix":1},"s":{"a":1,"k":[{"i":{"x":[0.833,0.833],"y":[0.833,0.833]},"o":{"x":[0.167,0.167],"y":[0.167,0.167]},"t":0,"s":[0,0]},{"i":{"x":[0.833,0.833],"y":[0.833,0.833]},"o":{"x":[0.167,0.167],"y":[0.167,0.167]},"t":16,"s":[0,0]},{"i":{"x":[0.833,0.833],"y":[0.833,0.833]},"o":{"x":[0.167,0.167],"y":[0.167,0.167]},"t":22,"s":[100,100]},{"i":{"x":[0.833,0.833],"y":[0.833,0.833]},"o":{"x":[0.167,0.167],"y":[0.167,0.167]},"t":77,"s":[100,100]},{"i":{"x":[0.833,0.833],"y":[0.833,0.833]},"o":{"x":[0.167,0.167],"y":[0.167,0.167]},"t":84,"s":[0,0]},{"i":{"x":[0.833,0.833],"y":[0.833,0.833]},"o":{"x":[0.167,0.167],"y":[0.167,0.167]},"t":104,"s":[0,0]},{"i":{"x":[0.833,0.833],"y":[0.833,0.833]},"o":{"x":[0.167,0.167],"y":[0.167,0.167]},"t":120,"s":[0,0]},{"i":{"x":[0.833,0.833],"y":[0.833,0.833]},"o":{"x":[0.167,0.167],"y":[0.167,0.167]},"t":126,"s":[100,100]},{"i":{"x":[0.833,0.833],"y":[0.833,0.833]},"o":{"x":[0.167,0.167],"y":[0.167,0.167]},"t":181,"s":[100,100]},{"t":188,"s":[0,0]}],"ix":3},"r":{"a":0,"k":0,"ix":6},"o":{"a":0,"k":100,"ix":7},"sk":{"a":0,"k":0,"ix":4},"sa":{"a":0,"k":0,"ix":5},"nm":"Transform"}],"nm":"Group 9","np":3,"cix":2,"bm":0,"ix":9,"mn":"ADBE Vector Group","hd":false},{"ty":"gr","it":[{"ind":0,"ty":"sh","ix":1,"ks":{"a":0,"k":{"i":[[-1.183,0.762],[-0.293,0.616],[0.66,0.371],[1.014,-0.214],[1.187,-0.759],[0.286,-0.619],[-0.66,-0.371],[-1.003,0.214]],"o":[[1.194,-0.765],[0.289,-0.615],[-0.657,-0.371],[-1.014,0.215],[-1.187,0.758],[-0.289,0.616],[0.657,0.371],[1.007,-0.215]],"v":[[2.054,1.16],[4.286,-0.912],[3.735,-2.395],[1.231,-2.629],[-2.065,-1.167],[-4.275,0.901],[-3.721,2.384],[-1.231,2.622]],"c":true},"ix":2},"nm":"Path 1","mn":"ADBE Vector Shape - Group","hd":false},{"ind":1,"ty":"sh","ix":2,"ks":{"a":0,"k":{"i":[[-1.504,0.966],[-1.452,0.269],[-0.99,-0.558],[0.354,-0.888],[1.507,-0.962],[1.452,-0.269],[0.99,0.558],[-0.354,0.888]],"o":[[1.503,-0.962],[1.452,-0.269],[0.989,0.561],[-0.354,0.888],[-1.503,0.966],[-1.452,0.269],[-0.99,-0.561],[0.357,-0.891]],"v":[[-3.132,-1.772],[1.303,-3.619],[4.966,-3.183],[5.922,-1.01],[3.133,1.768],[-1.302,3.619],[-4.966,3.184],[-5.921,1.01]],"c":true},"ix":2},"nm":"Path 2","mn":"ADBE Vector Shape - Group","hd":false},{"ty":"fl","c":{"a":0,"k":[1,1,1,1],"ix":4},"o":{"a":0,"k":100,"ix":5},"r":1,"bm":0,"nm":"Fill 1","mn":"ADBE Vector Graphic - Fill","hd":false},{"ty":"tr","p":{"a":0,"k":[384.159,304.475],"ix":2},"a":{"a":0,"k":[0,0],"ix":1},"s":{"a":1,"k":[{"i":{"x":[0.833,0.833],"y":[0.833,0.833]},"o":{"x":[0.167,0.167],"y":[0.167,0.167]},"t":0,"s":[0,0]},{"i":{"x":[0.833,0.833],"y":[0.833,0.833]},"o":{"x":[0.167,0.167],"y":[0.167,0.167]},"t":18,"s":[0,0]},{"i":{"x":[0.833,0.833],"y":[0.833,0.833]},"o":{"x":[0.167,0.167],"y":[0.167,0.167]},"t":24,"s":[100,100]},{"i":{"x":[0.833,0.833],"y":[0.833,0.833]},"o":{"x":[0.167,0.167],"y":[0.167,0.167]},"t":79,"s":[100,100]},{"i":{"x":[0.833,0.833],"y":[0.833,0.833]},"o":{"x":[0.167,0.167],"y":[0.167,0.167]},"t":86,"s":[0,0]},{"i":{"x":[0.833,0.833],"y":[0.833,0.833]},"o":{"x":[0.167,0.167],"y":[0.167,0.167]},"t":104,"s":[0,0]},{"i":{"x":[0.833,0.833],"y":[0.833,0.833]},"o":{"x":[0.167,0.167],"y":[0.167,0.167]},"t":122,"s":[0,0]},{"i":{"x":[0.833,0.833],"y":[0.833,0.833]},"o":{"x":[0.167,0.167],"y":[0.167,0.167]},"t":128,"s":[100,100]},{"i":{"x":[0.833,0.833],"y":[0.833,0.833]},"o":{"x":[0.167,0.167],"y":[0.167,0.167]},"t":183,"s":[100,100]},{"t":190,"s":[0,0]}],"ix":3},"r":{"a":0,"k":0,"ix":6},"o":{"a":0,"k":100,"ix":7},"sk":{"a":0,"k":0,"ix":4},"sa":{"a":0,"k":0,"ix":5},"nm":"Transform"}],"nm":"Group 10","np":3,"cix":2,"bm":0,"ix":10,"mn":"ADBE Vector Group","hd":false},{"ty":"gr","it":[{"ind":0,"ty":"sh","ix":1,"ks":{"a":0,"k":{"i":[[-1.184,0.762],[-0.293,0.616],[0.657,0.371],[1.01,-0.211],[1.187,-0.759],[0.289,-0.619],[-0.657,-0.374],[-1.007,0.214]],"o":[[1.194,-0.765],[0.293,-0.615],[-0.66,-0.374],[-1.01,0.218],[-1.184,0.762],[-0.289,0.619],[0.657,0.371],[1.003,-0.215]],"v":[[2.053,1.159],[4.284,-0.912],[3.737,-2.391],[1.23,-2.63],[-2.066,-1.167],[-4.277,0.901],[-3.722,2.387],[-1.229,2.622]],"c":true},"ix":2},"nm":"Path 1","mn":"ADBE Vector Shape - Group","hd":false},{"ind":1,"ty":"sh","ix":2,"ks":{"a":0,"k":{"i":[[-1.503,0.966],[-1.452,0.269],[-0.993,-0.558],[0.354,-0.888],[1.507,-0.966],[1.449,-0.269],[0.989,0.561],[-0.354,0.887]],"o":[[1.507,-0.966],[1.452,-0.269],[0.986,0.561],[-0.354,0.891],[-1.504,0.963],[-1.456,0.269],[-0.99,-0.558],[0.354,-0.888]],"v":[[-3.134,-1.769],[1.301,-3.619],[4.968,-3.184],[5.92,-1.01],[3.131,1.772],[-1.301,3.619],[-4.967,3.183],[-5.92,1.01]],"c":true},"ix":2},"nm":"Path 2","mn":"ADBE Vector Shape - Group","hd":false},{"ty":"fl","c":{"a":0,"k":[1,1,1,1],"ix":4},"o":{"a":0,"k":100,"ix":5},"r":1,"bm":0,"nm":"Fill 1","mn":"ADBE Vector Graphic - Fill","hd":false},{"ty":"tr","p":{"a":0,"k":[391.639,308.437],"ix":2},"a":{"a":0,"k":[0,0],"ix":1},"s":{"a":1,"k":[{"i":{"x":[0.833,0.833],"y":[0.833,0.833]},"o":{"x":[0.167,0.167],"y":[0.167,0.167]},"t":0,"s":[0,0]},{"i":{"x":[0.833,0.833],"y":[0.833,0.833]},"o":{"x":[0.167,0.167],"y":[0.167,0.167]},"t":20,"s":[0,0]},{"i":{"x":[0.833,0.833],"y":[0.833,0.833]},"o":{"x":[0.167,0.167],"y":[0.167,0.167]},"t":26,"s":[100,100]},{"i":{"x":[0.833,0.833],"y":[0.833,0.833]},"o":{"x":[0.167,0.167],"y":[0.167,0.167]},"t":81,"s":[100,100]},{"i":{"x":[0.833,0.833],"y":[0.833,0.833]},"o":{"x":[0.167,0.167],"y":[0.167,0.167]},"t":88,"s":[0,0]},{"i":{"x":[0.833,0.833],"y":[0.833,0.833]},"o":{"x":[0.167,0.167],"y":[0.167,0.167]},"t":104,"s":[0,0]},{"i":{"x":[0.833,0.833],"y":[0.833,0.833]},"o":{"x":[0.167,0.167],"y":[0.167,0.167]},"t":124,"s":[0,0]},{"i":{"x":[0.833,0.833],"y":[0.833,0.833]},"o":{"x":[0.167,0.167],"y":[0.167,0.167]},"t":130,"s":[100,100]},{"i":{"x":[0.833,0.833],"y":[0.833,0.833]},"o":{"x":[0.167,0.167],"y":[0.167,0.167]},"t":185,"s":[100,100]},{"t":192,"s":[0,0]}],"ix":3},"r":{"a":0,"k":0,"ix":6},"o":{"a":0,"k":100,"ix":7},"sk":{"a":0,"k":0,"ix":4},"sa":{"a":0,"k":0,"ix":5},"nm":"Transform"}],"nm":"Group 12","np":3,"cix":2,"bm":0,"ix":11,"mn":"ADBE Vector Group","hd":false},{"ty":"gr","it":[{"ind":0,"ty":"sh","ix":1,"ks":{"a":0,"k":{"i":[[-1.184,0.759],[-0.293,0.619],[0.656,0.371],[1.014,-0.214],[1.187,-0.762],[0.289,-0.615],[-0.657,-0.371],[-1.003,0.214]],"o":[[1.194,-0.765],[0.293,-0.612],[-0.66,-0.371],[-1.01,0.215],[-1.183,0.758],[-0.289,0.619],[0.656,0.371],[1.003,-0.215]],"v":[[2.053,1.16],[4.284,-0.915],[3.736,-2.395],[1.229,-2.629],[-2.066,-1.166],[-4.277,0.898],[-3.722,2.384],[-1.229,2.619]],"c":true},"ix":2},"nm":"Path 1","mn":"ADBE Vector Shape - Group","hd":false},{"ind":1,"ty":"sh","ix":2,"ks":{"a":0,"k":{"i":[[-1.503,0.963],[-1.449,0.269],[-0.993,-0.558],[0.354,-0.888],[1.503,-0.962],[1.456,-0.269],[0.99,0.558],[-0.354,0.887]],"o":[[1.507,-0.966],[1.452,-0.269],[0.99,0.561],[-0.354,0.888],[-1.507,0.966],[-1.452,0.269],[-0.989,-0.561],[0.354,-0.888]],"v":[[-3.134,-1.769],[1.301,-3.619],[4.968,-3.183],[5.92,-1.01],[3.134,1.769],[-1.304,3.619],[-4.968,3.184],[-5.92,1.01]],"c":true},"ix":2},"nm":"Path 2","mn":"ADBE Vector Shape - Group","hd":false},{"ty":"fl","c":{"a":0,"k":[1,1,1,1],"ix":4},"o":{"a":0,"k":100,"ix":5},"r":1,"bm":0,"nm":"Fill 1","mn":"ADBE Vector Graphic - Fill","hd":false},{"ty":"tr","p":{"a":0,"k":[398.915,312.444],"ix":2},"a":{"a":0,"k":[0,0],"ix":1},"s":{"a":1,"k":[{"i":{"x":[0.833,0.833],"y":[0.833,0.833]},"o":{"x":[0.167,0.167],"y":[0.167,0.167]},"t":0,"s":[0,0]},{"i":{"x":[0.833,0.833],"y":[0.833,0.833]},"o":{"x":[0.167,0.167],"y":[0.167,0.167]},"t":22,"s":[0,0]},{"i":{"x":[0.833,0.833],"y":[0.833,0.833]},"o":{"x":[0.167,0.167],"y":[0.167,0.167]},"t":28,"s":[100,100]},{"i":{"x":[0.833,0.833],"y":[0.833,0.833]},"o":{"x":[0.167,0.167],"y":[0.167,0.167]},"t":83,"s":[100,100]},{"i":{"x":[0.833,0.833],"y":[0.833,0.833]},"o":{"x":[0.167,0.167],"y":[0.167,0.167]},"t":90,"s":[0,0]},{"i":{"x":[0.833,0.833],"y":[0.833,0.833]},"o":{"x":[0.167,0.167],"y":[0.167,0.167]},"t":104,"s":[0,0]},{"i":{"x":[0.833,0.833],"y":[0.833,0.833]},"o":{"x":[0.167,0.167],"y":[0.167,0.167]},"t":126,"s":[0,0]},{"i":{"x":[0.833,0.833],"y":[0.833,0.833]},"o":{"x":[0.167,0.167],"y":[0.167,0.167]},"t":132,"s":[100,100]},{"i":{"x":[0.833,0.833],"y":[0.833,0.833]},"o":{"x":[0.167,0.167],"y":[0.167,0.167]},"t":187,"s":[100,100]},{"t":194,"s":[0,0]}],"ix":3},"r":{"a":0,"k":0,"ix":6},"o":{"a":0,"k":100,"ix":7},"sk":{"a":0,"k":0,"ix":4},"sa":{"a":0,"k":0,"ix":5},"nm":"Transform"}],"nm":"Group 11","np":3,"cix":2,"bm":0,"ix":12,"mn":"ADBE Vector Group","hd":false},{"ty":"gr","it":[{"ind":0,"ty":"sh","ix":1,"ks":{"a":0,"k":{"i":[[-1.187,0.762],[-0.293,0.619],[0.657,0.371],[1.014,-0.214],[1.183,-0.759],[0.289,-0.615],[-0.657,-0.371],[-1.003,0.214]],"o":[[1.194,-0.765],[0.293,-0.616],[-0.657,-0.374],[-1.01,0.214],[-1.187,0.762],[-0.289,0.619],[0.656,0.371],[1,-0.215]],"v":[[2.054,1.159],[4.281,-0.913],[3.734,-2.392],[1.231,-2.627],[-2.065,-1.168],[-4.276,0.9],[-3.721,2.387],[-1.229,2.621]],"c":true},"ix":2},"nm":"Path 1","mn":"ADBE Vector Shape - Group","hd":false},{"ind":1,"ty":"sh","ix":2,"ks":{"a":0,"k":{"i":[[-1.507,0.966],[-1.452,0.269],[-0.99,-0.558],[0.354,-0.888],[1.507,-0.966],[1.452,-0.269],[0.989,0.561],[-0.357,0.888]],"o":[[1.504,-0.966],[1.452,-0.269],[0.99,0.561],[-0.353,0.891],[-1.504,0.963],[-1.452,0.272],[-0.99,-0.558],[0.35,-0.891]],"v":[[-3.133,-1.77],[1.302,-3.62],[4.965,-3.185],[5.921,-1.011],[3.132,1.771],[-1.303,3.618],[-4.966,3.182],[-5.919,1.012]],"c":true},"ix":2},"nm":"Path 2","mn":"ADBE Vector Shape - Group","hd":false},{"ty":"fl","c":{"a":0,"k":[1,1,1,1],"ix":4},"o":{"a":0,"k":100,"ix":5},"r":1,"bm":0,"nm":"Fill 1","mn":"ADBE Vector Graphic - Fill","hd":false},{"ty":"tr","p":{"a":0,"k":[409.896,318.931],"ix":2},"a":{"a":0,"k":[0,0],"ix":1},"s":{"a":1,"k":[{"i":{"x":[0.833,0.833],"y":[0.833,0.833]},"o":{"x":[0.167,0.167],"y":[0.167,0.167]},"t":0,"s":[0,0]},{"i":{"x":[0.833,0.833],"y":[0.833,0.833]},"o":{"x":[0.167,0.167],"y":[0.167,0.167]},"t":24,"s":[0,0]},{"i":{"x":[0.833,0.833],"y":[0.833,0.833]},"o":{"x":[0.167,0.167],"y":[0.167,0.167]},"t":30,"s":[100,100]},{"i":{"x":[0.833,0.833],"y":[0.833,0.833]},"o":{"x":[0.167,0.167],"y":[0.167,0.167]},"t":85,"s":[100,100]},{"i":{"x":[0.833,0.833],"y":[0.833,0.833]},"o":{"x":[0.167,0.167],"y":[0.167,0.167]},"t":92,"s":[0,0]},{"i":{"x":[0.833,0.833],"y":[0.833,0.833]},"o":{"x":[0.167,0.167],"y":[0.167,0.167]},"t":104,"s":[0,0]},{"i":{"x":[0.833,0.833],"y":[0.833,0.833]},"o":{"x":[0.167,0.167],"y":[0.167,0.167]},"t":128,"s":[0,0]},{"i":{"x":[0.833,0.833],"y":[0.833,0.833]},"o":{"x":[0.167,0.167],"y":[0.167,0.167]},"t":134,"s":[100,100]},{"i":{"x":[0.833,0.833],"y":[0.833,0.833]},"o":{"x":[0.167,0.167],"y":[0.167,0.167]},"t":189,"s":[100,100]},{"t":196,"s":[0,0]}],"ix":3},"r":{"a":0,"k":0,"ix":6},"o":{"a":0,"k":100,"ix":7},"sk":{"a":0,"k":0,"ix":4},"sa":{"a":0,"k":0,"ix":5},"nm":"Transform"}],"nm":"Group 14","np":3,"cix":2,"bm":0,"ix":13,"mn":"ADBE Vector Group","hd":false},{"ty":"gr","it":[{"ind":0,"ty":"sh","ix":1,"ks":{"a":0,"k":{"i":[[-1.184,0.759],[-0.289,0.616],[0.66,0.371],[1.014,-0.214],[1.187,-0.762],[0.286,-0.615],[-0.656,-0.371],[-1.003,0.215]],"o":[[1.194,-0.765],[0.293,-0.616],[-0.656,-0.371],[-1.01,0.215],[-1.187,0.758],[-0.289,0.622],[0.657,0.371],[1.003,-0.214]],"v":[[2.054,1.16],[4.281,-0.912],[3.734,-2.395],[1.23,-2.629],[-2.065,-1.166],[-4.276,0.898],[-3.722,2.384],[-1.228,2.622]],"c":true},"ix":2},"nm":"Path 1","mn":"ADBE Vector Shape - Group","hd":false},{"ind":1,"ty":"sh","ix":2,"ks":{"a":0,"k":{"i":[[-1.507,0.963],[-1.452,0.269],[-0.99,-0.558],[0.354,-0.888],[1.507,-0.962],[1.452,-0.269],[0.99,0.558],[-0.357,0.887]],"o":[[1.503,-0.966],[1.452,-0.269],[0.99,0.561],[-0.354,0.888],[-1.503,0.966],[-1.452,0.269],[-0.99,-0.561],[0.353,-0.888]],"v":[[-3.133,-1.769],[1.302,-3.619],[4.965,-3.183],[5.921,-1.01],[3.132,1.769],[-1.303,3.619],[-4.967,3.184],[-5.919,1.01]],"c":true},"ix":2},"nm":"Path 2","mn":"ADBE Vector Shape - Group","hd":false},{"ty":"fl","c":{"a":0,"k":[1,1,1,1],"ix":4},"o":{"a":0,"k":100,"ix":5},"r":1,"bm":0,"nm":"Fill 1","mn":"ADBE Vector Graphic - Fill","hd":false},{"ty":"tr","p":{"a":0,"k":[417.171,322.936],"ix":2},"a":{"a":0,"k":[0,0],"ix":1},"s":{"a":1,"k":[{"i":{"x":[0.833,0.833],"y":[0.833,0.833]},"o":{"x":[0.167,0.167],"y":[0.167,0.167]},"t":0,"s":[0,0]},{"i":{"x":[0.833,0.833],"y":[0.833,0.833]},"o":{"x":[0.167,0.167],"y":[0.167,0.167]},"t":26,"s":[0,0]},{"i":{"x":[0.833,0.833],"y":[0.833,0.833]},"o":{"x":[0.167,0.167],"y":[0.167,0.167]},"t":32,"s":[100,100]},{"i":{"x":[0.833,0.833],"y":[0.833,0.833]},"o":{"x":[0.167,0.167],"y":[0.167,0.167]},"t":87,"s":[100,100]},{"i":{"x":[0.833,0.833],"y":[0.833,0.833]},"o":{"x":[0.167,0.167],"y":[0.167,0.167]},"t":94,"s":[0,0]},{"i":{"x":[0.833,0.833],"y":[0.833,0.833]},"o":{"x":[0.167,0.167],"y":[0.167,0.167]},"t":104,"s":[0,0]},{"i":{"x":[0.833,0.833],"y":[0.833,0.833]},"o":{"x":[0.167,0.167],"y":[0.167,0.167]},"t":130,"s":[0,0]},{"i":{"x":[0.833,0.833],"y":[0.833,0.833]},"o":{"x":[0.167,0.167],"y":[0.167,0.167]},"t":136,"s":[100,100]},{"i":{"x":[0.833,0.833],"y":[0.833,0.833]},"o":{"x":[0.167,0.167],"y":[0.167,0.167]},"t":191,"s":[100,100]},{"t":198,"s":[0,0]}],"ix":3},"r":{"a":0,"k":0,"ix":6},"o":{"a":0,"k":100,"ix":7},"sk":{"a":0,"k":0,"ix":4},"sa":{"a":0,"k":0,"ix":5},"nm":"Transform"}],"nm":"Group 13","np":3,"cix":2,"bm":0,"ix":14,"mn":"ADBE Vector Group","hd":false},{"ty":"gr","it":[{"ind":0,"ty":"sh","ix":1,"ks":{"a":0,"k":{"i":[[-1.187,0.758],[-0.293,0.615],[0.657,0.371],[1.01,-0.218],[1.187,-0.759],[0.286,-0.619],[-0.66,-0.371],[-1.003,0.214]],"o":[[1.194,-0.766],[0.292,-0.616],[-0.66,-0.371],[-1.014,0.214],[-1.183,0.762],[-0.289,0.619],[0.657,0.371],[1.003,-0.214]],"v":[[2.055,1.163],[4.283,-0.912],[3.735,-2.391],[1.232,-2.626],[-2.067,-1.167],[-4.274,0.901],[-3.72,2.387],[-1.23,2.622]],"c":true},"ix":2},"nm":"Path 1","mn":"ADBE Vector Shape - Group","hd":false},{"ind":1,"ty":"sh","ix":2,"ks":{"a":0,"k":{"i":[[-1.507,0.966],[-1.452,0.269],[-0.989,-0.561],[0.357,-0.891],[1.503,-0.966],[1.452,-0.265],[0.99,0.561],[-0.354,0.891]],"o":[[1.504,-0.963],[1.452,-0.269],[0.99,0.558],[-0.354,0.888],[-1.507,0.962],[-1.452,0.269],[-0.993,-0.558],[0.354,-0.888]],"v":[[-3.132,-1.769],[1.304,-3.619],[4.967,-3.181],[5.919,-1.007],[3.134,1.772],[-1.302,3.618],[-4.965,3.183],[-5.92,1.01]],"c":true},"ix":2},"nm":"Path 2","mn":"ADBE Vector Shape - Group","hd":false},{"ty":"fl","c":{"a":0,"k":[1,1,1,1],"ix":4},"o":{"a":0,"k":100,"ix":5},"r":1,"bm":0,"nm":"Fill 1","mn":"ADBE Vector Graphic - Fill","hd":false},{"ty":"tr","p":{"a":0,"k":[424.156,326.947],"ix":2},"a":{"a":0,"k":[0,0],"ix":1},"s":{"a":1,"k":[{"i":{"x":[0.833,0.833],"y":[0.833,0.833]},"o":{"x":[0.167,0.167],"y":[0.167,0.167]},"t":0,"s":[0,0]},{"i":{"x":[0.833,0.833],"y":[0.833,0.833]},"o":{"x":[0.167,0.167],"y":[0.167,0.167]},"t":28,"s":[0,0]},{"i":{"x":[0.833,0.833],"y":[0.833,0.833]},"o":{"x":[0.167,0.167],"y":[0.167,0.167]},"t":34,"s":[100,100]},{"i":{"x":[0.833,0.833],"y":[0.833,0.833]},"o":{"x":[0.167,0.167],"y":[0.167,0.167]},"t":89,"s":[100,100]},{"i":{"x":[0.833,0.833],"y":[0.833,0.833]},"o":{"x":[0.167,0.167],"y":[0.167,0.167]},"t":96,"s":[0,0]},{"i":{"x":[0.833,0.833],"y":[0.833,0.833]},"o":{"x":[0.167,0.167],"y":[0.167,0.167]},"t":104,"s":[0,0]},{"i":{"x":[0.833,0.833],"y":[0.833,0.833]},"o":{"x":[0.167,0.167],"y":[0.167,0.167]},"t":132,"s":[0,0]},{"i":{"x":[0.833,0.833],"y":[0.833,0.833]},"o":{"x":[0.167,0.167],"y":[0.167,0.167]},"t":138,"s":[100,100]},{"i":{"x":[0.833,0.833],"y":[0.833,0.833]},"o":{"x":[0.167,0.167],"y":[0.167,0.167]},"t":193,"s":[100,100]},{"t":200,"s":[0,0]}],"ix":3},"r":{"a":0,"k":0,"ix":6},"o":{"a":0,"k":100,"ix":7},"sk":{"a":0,"k":0,"ix":4},"sa":{"a":0,"k":0,"ix":5},"nm":"Transform"}],"nm":"Group 15","np":3,"cix":2,"bm":0,"ix":15,"mn":"ADBE Vector Group","hd":false},{"ty":"gr","it":[{"ind":0,"ty":"sh","ix":1,"ks":{"a":0,"k":{"i":[[-1.187,0.759],[-0.293,0.619],[0.656,0.371],[1.01,-0.214],[1.187,-0.759],[0.286,-0.619],[-0.66,-0.371],[-1,0.214]],"o":[[1.194,-0.765],[0.293,-0.615],[-0.657,-0.371],[-1.014,0.214],[-1.187,0.762],[-0.289,0.616],[0.657,0.371],[1.003,-0.215]],"v":[[2.054,1.16],[4.282,-0.914],[3.735,-2.394],[1.231,-2.629],[-2.065,-1.169],[-4.275,0.902],[-3.721,2.385],[-1.231,2.62]],"c":true},"ix":2},"nm":"Path 1","mn":"ADBE Vector Shape - Group","hd":false},{"ind":1,"ty":"sh","ix":2,"ks":{"a":0,"k":{"i":[[-1.507,0.966],[-1.452,0.269],[-0.99,-0.558],[0.354,-0.891],[1.507,-0.963],[1.452,-0.269],[0.99,0.561],[-0.354,0.888]],"o":[[1.503,-0.963],[1.452,-0.265],[0.99,0.558],[-0.354,0.887],[-1.503,0.966],[-1.452,0.269],[-0.99,-0.558],[0.354,-0.891]],"v":[[-3.132,-1.772],[1.303,-3.622],[4.966,-3.183],[5.922,-1.009],[3.132,1.769],[-1.303,3.62],[-4.966,3.181],[-5.922,1.011]],"c":true},"ix":2},"nm":"Path 2","mn":"ADBE Vector Shape - Group","hd":false},{"ty":"fl","c":{"a":0,"k":[1,1,1,1],"ix":4},"o":{"a":0,"k":100,"ix":5},"r":1,"bm":0,"nm":"Fill 1","mn":"ADBE Vector Graphic - Fill","hd":false},{"ty":"tr","p":{"a":0,"k":[431.466,331.078],"ix":2},"a":{"a":0,"k":[0,0],"ix":1},"s":{"a":1,"k":[{"i":{"x":[0.833,0.833],"y":[0.833,0.833]},"o":{"x":[0.167,0.167],"y":[0.167,0.167]},"t":0,"s":[0,0]},{"i":{"x":[0.833,0.833],"y":[0.833,0.833]},"o":{"x":[0.167,0.167],"y":[0.167,0.167]},"t":30,"s":[0,0]},{"i":{"x":[0.833,0.833],"y":[0.833,0.833]},"o":{"x":[0.167,0.167],"y":[0.167,0.167]},"t":36,"s":[100,100]},{"i":{"x":[0.833,0.833],"y":[0.833,0.833]},"o":{"x":[0.167,0.167],"y":[0.167,0.167]},"t":91,"s":[100,100]},{"i":{"x":[0.833,0.833],"y":[0.833,0.833]},"o":{"x":[0.167,0.167],"y":[0.167,0.167]},"t":98,"s":[0,0]},{"i":{"x":[0.833,0.833],"y":[0.833,0.833]},"o":{"x":[0.167,0.167],"y":[0.167,0.167]},"t":104,"s":[0,0]},{"i":{"x":[0.833,0.833],"y":[0.833,0.833]},"o":{"x":[0.167,0.167],"y":[0.167,0.167]},"t":134,"s":[0,0]},{"i":{"x":[0.833,0.833],"y":[0.833,0.833]},"o":{"x":[0.167,0.167],"y":[0.167,0.167]},"t":140,"s":[100,100]},{"i":{"x":[0.833,0.833],"y":[0.833,0.833]},"o":{"x":[0.167,0.167],"y":[0.167,0.167]},"t":195,"s":[100,100]},{"t":202,"s":[0,0]}],"ix":3},"r":{"a":0,"k":0,"ix":6},"o":{"a":0,"k":100,"ix":7},"sk":{"a":0,"k":0,"ix":4},"sa":{"a":0,"k":0,"ix":5},"nm":"Transform"}],"nm":"Group 16","np":3,"cix":2,"bm":0,"ix":16,"mn":"ADBE Vector Group","hd":false},{"ty":"gr","it":[{"ind":0,"ty":"sh","ix":1,"ks":{"a":0,"k":{"i":[[0,0],[0,0],[0,0],[0,0]],"o":[[0,0],[0,0],[0,0],[0,0]],"v":[[-32.24,-16.321],[28.577,18.433],[32.24,16.317],[-28.652,-18.433]],"c":true},"ix":2},"nm":"Path 1","mn":"ADBE Vector Shape - Group","hd":false},{"ty":"fl","c":{"a":0,"k":[1,1,1,1],"ix":4},"o":{"a":0,"k":100,"ix":5},"r":1,"bm":0,"nm":"Fill 1","mn":"ADBE Vector Graphic - Fill","hd":false},{"ty":"tr","p":{"a":0,"k":[385.557,326.672],"ix":2},"a":{"a":0,"k":[0,0],"ix":1},"s":{"a":0,"k":[100,100],"ix":3},"r":{"a":0,"k":0,"ix":6},"o":{"a":0,"k":100,"ix":7},"sk":{"a":0,"k":0,"ix":4},"sa":{"a":0,"k":0,"ix":5},"nm":"Transform"}],"nm":"Group 17","np":2,"cix":2,"bm":0,"ix":17,"mn":"ADBE Vector Group","hd":false},{"ty":"gr","it":[{"ind":0,"ty":"sh","ix":1,"ks":{"a":0,"k":{"i":[[0,0],[0,0],[0,0],[0,0]],"o":[[0,0],[0,0],[0,0],[0,0]],"v":[[-14.35,-6.088],[10.683,8.2],[14.35,6.085],[-10.762,-8.2]],"c":true},"ix":2},"nm":"Path 1","mn":"ADBE Vector Shape - Group","hd":false},{"ty":"fl","c":{"a":0,"k":[1,1,1,1],"ix":4},"o":{"a":0,"k":100,"ix":5},"r":1,"bm":0,"nm":"Fill 1","mn":"ADBE Vector Graphic - Fill","hd":false},{"ty":"tr","p":{"a":0,"k":[372.462,312.518],"ix":2},"a":{"a":0,"k":[0,0],"ix":1},"s":{"a":0,"k":[100,100],"ix":3},"r":{"a":0,"k":0,"ix":6},"o":{"a":0,"k":100,"ix":7},"sk":{"a":0,"k":0,"ix":4},"sa":{"a":0,"k":0,"ix":5},"nm":"Transform"}],"nm":"Group 18","np":2,"cix":2,"bm":0,"ix":18,"mn":"ADBE Vector Group","hd":false},{"ty":"gr","it":[{"ind":0,"ty":"sh","ix":1,"ks":{"a":0,"k":{"i":[[0,0],[0,0],[0,0],[0,0]],"o":[[0,0],[0,0],[0,0],[0,0]],"v":[[-34.061,-14.454],[25.358,19.464],[34.061,14.441],[-25.545,-19.464]],"c":true},"ix":2},"nm":"Path 1","mn":"ADBE Vector Shape - Group","hd":false},{"ty":"fl","c":{"a":0,"k":[1,1,1,1],"ix":4},"o":{"a":0,"k":100,"ix":5},"r":1,"bm":0,"nm":"Fill 1","mn":"ADBE Vector Graphic - Fill","hd":false},{"ty":"tr","p":{"a":0,"k":[391.436,275.8],"ix":2},"a":{"a":0,"k":[0,0],"ix":1},"s":{"a":0,"k":[100,100],"ix":3},"r":{"a":0,"k":0,"ix":6},"o":{"a":0,"k":100,"ix":7},"sk":{"a":0,"k":0,"ix":4},"sa":{"a":0,"k":0,"ix":5},"nm":"Transform"}],"nm":"Group 19","np":2,"cix":2,"bm":0,"ix":19,"mn":"ADBE Vector Group","hd":false},{"ty":"gr","it":[{"ind":0,"ty":"sh","ix":1,"ks":{"a":0,"k":{"i":[[0,-0.081],[-0.02,-0.041],[-0.102,-0.102],[0,0],[0,0],[0,0],[0,0],[0,0],[0,0],[0,0.16],[-0.122,0.102],[0,0],[-0.041,0.061],[0.021,0.163],[0.201,0.119],[0,0],[0,0],[0,0],[0,0],[0,0],[0,-0.16],[0.061,-0.081],[0.041,-0.021],[0,0],[0.041,-0.021],[0.041,-0.119],[0,-0.02]],"o":[[0,0.037],[0.02,0.123],[0,0],[0,0],[0,0],[0,0],[0,0],[0,0],[-0.123,-0.081],[-0.021,-0.163],[0,0],[0,0],[0.102,-0.14],[0,-0.242],[0,0],[0,0],[0,0],[0,0],[0,0],[0.139,0.081],[0.02,0.143],[0,0],[0,0],[-0.061,0.041],[-0.102,0.102],[0,0],[-0.02,0.061]],"v":[[-3.289,-0.566],[-3.269,-0.427],[-3.085,-0.08],[-1.85,0.668],[3.17,3.706],[3.289,3.542],[0.759,2.002],[-2.075,0.301],[-2.884,-0.182],[-3.085,-0.587],[-2.905,-1.012],[-2.843,-1.073],[-0.738,-2.491],[-0.595,-2.957],[-0.939,-3.542],[-1,-3.583],[-1.204,-3.706],[-1.405,-3.583],[-1.204,-3.461],[-1.041,-3.362],[-0.799,-2.957],[-0.861,-2.631],[-1.02,-2.512],[-2.945,-1.236],[-3.085,-1.134],[-3.269,-0.811],[-3.269,-0.791]],"c":true},"ix":2},"nm":"Path 1","mn":"ADBE Vector Shape - Group","hd":false},{"ty":"fl","c":{"a":0,"k":[1,1,1,1],"ix":4},"o":{"a":0,"k":100,"ix":5},"r":1,"bm":0,"nm":"Fill 1","mn":"ADBE Vector Graphic - Fill","hd":false},{"ty":"tr","p":{"a":0,"k":[440.928,308.602],"ix":2},"a":{"a":0,"k":[0,0],"ix":1},"s":{"a":0,"k":[100,100],"ix":3},"r":{"a":0,"k":0,"ix":6},"o":{"a":0,"k":100,"ix":7},"sk":{"a":0,"k":0,"ix":4},"sa":{"a":0,"k":0,"ix":5},"nm":"Transform"}],"nm":"Group 20","np":2,"cix":2,"bm":0,"ix":20,"mn":"ADBE Vector Group","hd":false},{"ty":"gr","it":[{"ind":0,"ty":"sh","ix":1,"ks":{"a":0,"k":{"i":[[0,0],[0,0],[0,0],[0.007,0.201],[-0.17,0.109],[0,0],[0.007,0.248],[0.211,0.126],[0,0],[0,0],[0,0],[-0.003,-0.173],[0.15,-0.099],[0,0],[-0.01,-0.272],[-0.238,-0.133]],"o":[[0,0],[0,0],[-0.174,-0.095],[-0.007,-0.201],[0,0],[0.211,-0.136],[-0.007,-0.245],[0,0],[0,0],[0,0],[0.149,0.088],[0.007,0.18],[0,0],[-0.228,0.15],[0.007,0.272],[0,0]],"v":[[2.231,3.648],[2.33,3.471],[-1.272,1.444],[-1.561,0.971],[-1.302,0.478],[0.623,-0.784],[0.946,-1.4],[0.595,-1.992],[-2.228,-3.648],[-2.33,-3.471],[0.493,-1.818],[0.742,-1.396],[0.514,-0.954],[-1.415,0.308],[-1.762,0.978],[-1.371,1.621]],"c":true},"ix":2},"nm":"Path 1","mn":"ADBE Vector Shape - Group","hd":false},{"ty":"fl","c":{"a":0,"k":[1,1,1,1],"ix":4},"o":{"a":0,"k":100,"ix":5},"r":1,"bm":0,"nm":"Fill 1","mn":"ADBE Vector Graphic - Fill","hd":false},{"ty":"tr","p":{"a":0,"k":[445.458,306.653],"ix":2},"a":{"a":0,"k":[0,0],"ix":1},"s":{"a":0,"k":[100,100],"ix":3},"r":{"a":0,"k":0,"ix":6},"o":{"a":0,"k":100,"ix":7},"sk":{"a":0,"k":0,"ix":4},"sa":{"a":0,"k":0,"ix":5},"nm":"Transform"}],"nm":"Group 21","np":2,"cix":2,"bm":0,"ix":21,"mn":"ADBE Vector Group","hd":false},{"ty":"gr","it":[{"ind":0,"ty":"sh","ix":1,"ks":{"a":0,"k":{"i":[[0,0],[0,0],[0,0],[0,0],[0,0],[0,0]],"o":[[0,0],[0,0],[0,0],[0,0],[0,0],[0,0]],"v":[[-2.874,-1.578],[2.449,1.578],[2.653,1.701],[2.874,1.578],[2.673,1.456],[-2.673,-1.701]],"c":true},"ix":2},"nm":"Path 1","mn":"ADBE Vector Shape - Group","hd":false},{"ty":"fl","c":{"a":0,"k":[1,1,1,1],"ix":4},"o":{"a":0,"k":100,"ix":5},"r":1,"bm":0,"nm":"Fill 1","mn":"ADBE Vector Graphic - Fill","hd":false},{"ty":"tr","p":{"a":0,"k":[434.279,305.019],"ix":2},"a":{"a":0,"k":[0,0],"ix":1},"s":{"a":0,"k":[100,100],"ix":3},"r":{"a":0,"k":0,"ix":6},"o":{"a":0,"k":100,"ix":7},"sk":{"a":0,"k":0,"ix":4},"sa":{"a":0,"k":0,"ix":5},"nm":"Transform"}],"nm":"Group 22","np":2,"cix":2,"bm":0,"ix":22,"mn":"ADBE Vector Group","hd":false},{"ty":"gr","it":[{"ind":0,"ty":"sh","ix":1,"ks":{"a":0,"k":{"i":[[0,0],[0,0],[0,0],[0,0],[0,0],[0,0]],"o":[[0,0],[0,0],[0,0],[0,0],[0,0],[0,0]],"v":[[-2.915,-1.609],[2.51,1.589],[2.711,1.711],[2.915,1.609],[2.711,1.49],[-2.734,-1.711]],"c":true},"ix":2},"nm":"Path 1","mn":"ADBE Vector Shape - Group","hd":false},{"ty":"fl","c":{"a":0,"k":[1,1,1,1],"ix":4},"o":{"a":0,"k":100,"ix":5},"r":1,"bm":0,"nm":"Fill 1","mn":"ADBE Vector Graphic - Fill","hd":false},{"ty":"tr","p":{"a":0,"k":[438.166,302.781],"ix":2},"a":{"a":0,"k":[0,0],"ix":1},"s":{"a":0,"k":[100,100],"ix":3},"r":{"a":0,"k":0,"ix":6},"o":{"a":0,"k":100,"ix":7},"sk":{"a":0,"k":0,"ix":4},"sa":{"a":0,"k":0,"ix":5},"nm":"Transform"}],"nm":"Group 23","np":2,"cix":2,"bm":0,"ix":23,"mn":"ADBE Vector Group","hd":false},{"ty":"gr","it":[{"ind":0,"ty":"sh","ix":1,"ks":{"a":0,"k":{"i":[[0,0],[0,0],[-0.303,0],[-0.265,0.143],[0,0],[0,0],[0,0],[0,0],[0,0],[0,0],[0,0],[0,0],[0,0],[0,0],[0,0],[0,0],[-0.024,0.347],[0.303,0.184],[0,0],[0,0],[0,0],[0,-0.282],[0.241,-0.123],[0,0],[0,0],[0,0],[0,0],[0,0],[0,0],[0,0],[0.507,0.282],[0,0]],"o":[[0,0],[0.282,0.163],[0.303,0],[0,0],[0,0],[0,0],[0,0],[0,0],[0,0],[0,0],[0,0],[0,0],[0,0],[0,0],[0,0],[0.303,-0.163],[0,-0.343],[0,0],[0,0],[0,0],[0.221,0.139],[0,0.265],[0,0],[0,0],[0,0],[0,0],[0,0],[0,0],[0,0],[-0.487,0.282],[0,0],[0,0]],"v":[[-8.817,2.357],[-4.182,4.99],[-3.27,5.234],[-2.379,5.01],[1.083,3.068],[1.304,2.945],[3.005,1.973],[3.025,1.973],[3.229,1.854],[3.876,1.49],[4.08,1.367],[5.029,0.84],[5.233,0.738],[7.338,-0.435],[7.522,-0.558],[8.331,-1],[8.817,-1.813],[8.351,-2.643],[4.1,-5.234],[3.896,-5.112],[8.249,-2.479],[8.613,-1.813],[8.229,-1.183],[5.029,0.619],[4.828,0.718],[3.876,1.245],[3.675,1.367],[1.104,2.823],[0.879,2.945],[-2.481,4.83],[-4.08,4.83],[-8.617,2.258]],"c":true},"ix":2},"nm":"Path 1","mn":"ADBE Vector Shape - Group","hd":false},{"ty":"fl","c":{"a":0,"k":[1,1,1,1],"ix":4},"o":{"a":0,"k":100,"ix":5},"r":1,"bm":0,"nm":"Fill 1","mn":"ADBE Vector Graphic - Fill","hd":false},{"ty":"tr","p":{"a":0,"k":[435.848,303.651],"ix":2},"a":{"a":0,"k":[0,0],"ix":1},"s":{"a":0,"k":[100,100],"ix":3},"r":{"a":0,"k":0,"ix":6},"o":{"a":0,"k":100,"ix":7},"sk":{"a":0,"k":0,"ix":4},"sa":{"a":0,"k":0,"ix":5},"nm":"Transform"}],"nm":"Group 24","np":2,"cix":2,"bm":0,"ix":24,"mn":"ADBE Vector Group","hd":false},{"ty":"gr","it":[{"ind":0,"ty":"sh","ix":1,"ks":{"a":0,"k":{"i":[[0,0],[0,0],[0,0],[0,0],[0,0],[0,0]],"o":[[0,0],[0,0],[0,0],[0,0],[0,0],[0,0]],"v":[[-3.644,-2.003],[-3.624,-1.983],[3.441,2.187],[3.644,2.065],[-3.399,-2.105],[-3.542,-2.187]],"c":true},"ix":2},"nm":"Path 1","mn":"ADBE Vector Shape - Group","hd":false},{"ty":"fl","c":{"a":0,"k":[1,1,1,1],"ix":4},"o":{"a":0,"k":100,"ix":5},"r":1,"bm":0,"nm":"Fill 1","mn":"ADBE Vector Graphic - Fill","hd":false},{"ty":"tr","p":{"a":0,"k":[449.321,313.461],"ix":2},"a":{"a":0,"k":[0,0],"ix":1},"s":{"a":0,"k":[100,100],"ix":3},"r":{"a":0,"k":0,"ix":6},"o":{"a":0,"k":100,"ix":7},"sk":{"a":0,"k":0,"ix":4},"sa":{"a":0,"k":0,"ix":5},"nm":"Transform"}],"nm":"Group 25","np":2,"cix":2,"bm":0,"ix":25,"mn":"ADBE Vector Group","hd":false},{"ty":"gr","it":[{"ind":0,"ty":"sh","ix":1,"ks":{"a":0,"k":{"i":[[0,0],[0,0],[0,0],[0,0],[0,0],[0,0],[0,0],[0,0],[0,0],[0,0]],"o":[[0,0],[0,0],[0,0],[0,0],[0,0],[0,0],[0,0],[0,0],[0,0],[0,0]],"v":[[-3.685,-2.054],[-3.542,-1.952],[-3.522,-1.952],[3.502,2.177],[3.685,2.075],[-3.342,-2.075],[-3.522,-2.177],[-3.542,-2.177],[-3.624,-2.136],[-3.644,-2.115]],"c":true},"ix":2},"nm":"Path 1","mn":"ADBE Vector Shape - Group","hd":false},{"ty":"fl","c":{"a":0,"k":[1,1,1,1],"ix":4},"o":{"a":0,"k":100,"ix":5},"r":1,"bm":0,"nm":"Fill 1","mn":"ADBE Vector Graphic - Fill","hd":false},{"ty":"tr","p":{"a":0,"k":[453.167,311.222],"ix":2},"a":{"a":0,"k":[0,0],"ix":1},"s":{"a":0,"k":[100,100],"ix":3},"r":{"a":0,"k":0,"ix":6},"o":{"a":0,"k":100,"ix":7},"sk":{"a":0,"k":0,"ix":4},"sa":{"a":0,"k":0,"ix":5},"nm":"Transform"}],"nm":"Group 26","np":2,"cix":2,"bm":0,"ix":26,"mn":"ADBE Vector Group","hd":false},{"ty":"gr","it":[{"ind":0,"ty":"sh","ix":1,"ks":{"a":0,"k":{"i":[[0.02,-0.327],[-0.262,-0.184],[0,0],[0,0],[0,0],[0,0],[0,0.262],[-0.241,0.122],[0,0],[0,0],[0,0],[0,0],[0,0],[0,0],[-0.425,-0.265],[0,0],[0,0],[0,0],[-0.021,0.021],[0,0],[0.483,-0.262],[0,0],[0,0],[0,0],[0,0],[0,0],[0,0],[0,0],[0,0],[0,0]],"o":[[0,0.323],[0,0],[0,0],[0,0],[0,0],[-0.225,-0.143],[0.02,-0.245],[0,0],[0,0],[0,0],[0,0],[0,0],[0,0],[0.446,-0.242],[0,0],[0,0],[0,0],[0.041,-0.021],[0,0],[-0.486,-0.282],[0,0],[0,0],[0,0],[0,0],[0,0],[0,0],[0,0],[0,0],[0,0],[-0.303,0.16]],"v":[[-9.647,1.303],[-9.223,2.112],[-3.45,5.775],[-3.372,5.714],[-3.25,5.636],[-9.1,1.949],[-9.443,1.303],[-9.059,0.694],[-5.74,-1.166],[-5.515,-1.289],[-1.811,-3.374],[-1.791,-3.374],[-1.61,-3.496],[1.791,-5.401],[3.189,-5.377],[9.464,-1.673],[9.545,-1.714],[9.566,-1.734],[9.647,-1.796],[3.291,-5.561],[1.713,-5.581],[-1.791,-3.598],[-1.811,-3.598],[-1.893,-3.557],[-1.913,-3.537],[-3.696,-2.544],[-3.899,-2.425],[-7.28,-0.541],[-7.481,-0.418],[-9.161,0.534]],"c":true},"ix":2},"nm":"Path 1","mn":"ADBE Vector Shape - Group","hd":false},{"ty":"fl","c":{"a":0,"k":[1,1,1,1],"ix":4},"o":{"a":0,"k":100,"ix":5},"r":1,"bm":0,"nm":"Fill 1","mn":"ADBE Vector Graphic - Fill","hd":false},{"ty":"tr","p":{"a":0,"k":[451.436,312.644],"ix":2},"a":{"a":0,"k":[0,0],"ix":1},"s":{"a":0,"k":[100,100],"ix":3},"r":{"a":0,"k":0,"ix":6},"o":{"a":0,"k":100,"ix":7},"sk":{"a":0,"k":0,"ix":4},"sa":{"a":0,"k":0,"ix":5},"nm":"Transform"}],"nm":"Group 27","np":2,"cix":2,"bm":0,"ix":27,"mn":"ADBE Vector Group","hd":false},{"ty":"gr","it":[{"ind":0,"ty":"sh","ix":1,"ks":{"a":0,"k":{"i":[[-0.731,-0.405],[0,0],[-0.326,0.184],[0,0],[0,0],[0,0],[0,0],[0,0],[0,0],[0,0],[0,0],[0,0],[0,0],[-0.021,0.021],[0.687,0.405],[0,0],[0.323,-0.184],[0,0],[0,0],[0,0],[0,0],[0,0],[0,0],[0,0],[0,0],[0,0]],"o":[[0,0],[0.323,0.184],[0,0],[0,0],[0,0],[0,0],[0,0],[0,0],[0,0],[0,0],[0,0],[0,0],[0.041,-0.021],[0.646,-0.445],[0,0],[-0.323,-0.184],[0,0],[0,0],[0,0],[0,0],[0,0],[0,0],[0,0],[0,0],[0,0],[-0.731,0.442]],"v":[[-17.285,-0.233],[1.986,10.576],[3.02,10.576],[4.275,9.868],[4.353,9.807],[4.476,9.729],[9.051,7.096],[9.254,6.974],[12.958,4.848],[13.142,4.746],[17.19,2.42],[17.271,2.379],[17.292,2.359],[17.373,2.297],[17.292,0.413],[-1.963,-10.576],[-3.014,-10.576],[-3.762,-10.134],[-3.966,-10.012],[-8.278,-7.481],[-8.459,-7.379],[-12.105,-5.233],[-12.306,-5.11],[-16.479,-2.641],[-16.679,-2.542],[-17.285,-2.175]],"c":true},"ix":2},"nm":"Path 1","mn":"ADBE Vector Shape - Group","hd":false},{"ty":"fl","c":{"a":0,"k":[0.498039215803,0.486274510622,0.976470589638,1],"ix":4},"o":{"a":0,"k":100,"ix":5},"r":1,"bm":0,"nm":"Fill 1","mn":"ADBE Vector Graphic - Fill","hd":false},{"ty":"tr","p":{"a":0,"k":[443.71,308.551],"ix":2},"a":{"a":0,"k":[0,0],"ix":1},"s":{"a":0,"k":[100,100],"ix":3},"r":{"a":0,"k":0,"ix":6},"o":{"a":0,"k":100,"ix":7},"sk":{"a":0,"k":0,"ix":4},"sa":{"a":0,"k":0,"ix":5},"nm":"Transform"}],"nm":"Group 28","np":2,"cix":2,"bm":0,"ix":28,"mn":"ADBE Vector Group","hd":false},{"ty":"gr","it":[{"ind":0,"ty":"sh","ix":1,"ks":{"a":0,"k":{"i":[[0,0],[0,0],[0,0],[0,0]],"o":[[0,0],[0,0],[0,0],[0,0]],"v":[[-1.036,4.911],[1.43,-4.813],[1.036,-4.911],[-1.43,4.813]],"c":true},"ix":2},"nm":"Path 1","mn":"ADBE Vector Shape - Group","hd":false},{"ty":"fl","c":{"a":0,"k":[1,1,1,1],"ix":4},"o":{"a":0,"k":100,"ix":5},"r":1,"bm":0,"nm":"Fill 1","mn":"ADBE Vector Graphic - Fill","hd":false},{"ty":"tr","p":{"a":0,"k":[310.677,283.846],"ix":2},"a":{"a":0,"k":[0,0],"ix":1},"s":{"a":0,"k":[100,100],"ix":3},"r":{"a":0,"k":0,"ix":6},"o":{"a":0,"k":100,"ix":7},"sk":{"a":0,"k":0,"ix":4},"sa":{"a":0,"k":0,"ix":5},"nm":"Transform"}],"nm":"Group 29","np":2,"cix":2,"bm":0,"ix":29,"mn":"ADBE Vector Group","hd":false},{"ty":"gr","it":[{"ind":0,"ty":"sh","ix":1,"ks":{"a":0,"k":{"i":[[-0.592,0.378],[-0.146,0.306],[0.33,0.187],[0.503,-0.106],[0.592,-0.378],[0.143,-0.306],[-0.326,-0.184],[-0.5,0.106]],"o":[[0.595,-0.384],[0.146,-0.31],[-0.327,-0.184],[-0.507,0.109],[-0.592,0.381],[-0.143,0.309],[0.33,0.187],[0.5,-0.105]],"v":[[1.026,0.58],[2.138,-0.454],[1.862,-1.195],[0.614,-1.315],[-1.032,-0.583],[-2.134,0.447],[-1.859,1.189],[-0.614,1.308]],"c":true},"ix":2},"nm":"Path 1","mn":"ADBE Vector Shape - Group","hd":false},{"ind":1,"ty":"sh","ix":2,"ks":{"a":0,"k":{"i":[[-0.752,0.48],[-0.721,0.129],[-0.493,-0.279],[0.177,-0.442],[0.752,-0.48],[0.724,-0.133],[0.493,0.282],[-0.177,0.442]],"o":[[0.748,-0.483],[0.728,-0.136],[0.493,0.279],[-0.177,0.445],[-0.752,0.483],[-0.724,0.136],[-0.497,-0.279],[0.173,-0.446]],"v":[[-1.563,-0.883],[0.648,-1.804],[2.478,-1.59],[2.954,-0.505],[1.563,0.883],[-0.651,1.804],[-2.477,1.587],[-2.954,0.505]],"c":true},"ix":2},"nm":"Path 2","mn":"ADBE Vector Shape - Group","hd":false},{"ty":"fl","c":{"a":0,"k":[1,1,1,1],"ix":4},"o":{"a":0,"k":100,"ix":5},"r":1,"bm":0,"nm":"Fill 1","mn":"ADBE Vector Graphic - Fill","hd":false},{"ty":"tr","p":{"a":0,"k":[304.63,280.355],"ix":2},"a":{"a":0,"k":[0,0],"ix":1},"s":{"a":0,"k":[100,100],"ix":3},"r":{"a":0,"k":0,"ix":6},"o":{"a":0,"k":100,"ix":7},"sk":{"a":0,"k":0,"ix":4},"sa":{"a":0,"k":0,"ix":5},"nm":"Transform"}],"nm":"Group 30","np":3,"cix":2,"bm":0,"ix":30,"mn":"ADBE Vector Group","hd":false},{"ty":"gr","it":[{"ind":0,"ty":"sh","ix":1,"ks":{"a":0,"k":{"i":[[0,0],[0,0],[0,0],[0,0],[0,0],[0,0],[0,0]],"o":[[0,0],[0,0],[0,0],[0,0],[0,0],[0,0],[0,0]],"v":[[2.935,-0.539],[2.258,-0.263],[1.694,-0.944],[-2.405,1.682],[-2.935,1.383],[1.844,-1.682],[2.306,-1.42]],"c":true},"ix":2},"nm":"Path 1","mn":"ADBE Vector Shape - Group","hd":false},{"ty":"fl","c":{"a":0,"k":[1,1,1,1],"ix":4},"o":{"a":0,"k":100,"ix":5},"r":1,"bm":0,"nm":"Fill 1","mn":"ADBE Vector Graphic - Fill","hd":false},{"ty":"tr","p":{"a":0,"k":[307.451,281.79],"ix":2},"a":{"a":0,"k":[0,0],"ix":1},"s":{"a":0,"k":[100,100],"ix":3},"r":{"a":0,"k":0,"ix":6},"o":{"a":0,"k":100,"ix":7},"sk":{"a":0,"k":0,"ix":4},"sa":{"a":0,"k":0,"ix":5},"nm":"Transform"}],"nm":"Group 31","np":2,"cix":2,"bm":0,"ix":31,"mn":"ADBE Vector Group","hd":false},{"ty":"gr","it":[{"ind":0,"ty":"sh","ix":1,"ks":{"a":0,"k":{"i":[[0,0],[0,0],[0,0],[0,0],[0,0],[0,0],[0,0]],"o":[[0,0],[0,0],[0,0],[0,0],[0,0],[0,0],[0,0]],"v":[[2.935,-0.539],[2.255,-0.264],[1.694,-0.944],[-2.401,1.682],[-2.935,1.383],[1.844,-1.682],[2.306,-1.42]],"c":true},"ix":2},"nm":"Path 1","mn":"ADBE Vector Shape - Group","hd":false},{"ty":"fl","c":{"a":0,"k":[1,1,1,1],"ix":4},"o":{"a":0,"k":100,"ix":5},"r":1,"bm":0,"nm":"Fill 1","mn":"ADBE Vector Graphic - Fill","hd":false},{"ty":"tr","p":{"a":0,"k":[313.897,285.617],"ix":2},"a":{"a":0,"k":[0,0],"ix":1},"s":{"a":0,"k":[100,100],"ix":3},"r":{"a":0,"k":0,"ix":6},"o":{"a":0,"k":100,"ix":7},"sk":{"a":0,"k":0,"ix":4},"sa":{"a":0,"k":0,"ix":5},"nm":"Transform"}],"nm":"Group 32","np":2,"cix":2,"bm":0,"ix":32,"mn":"ADBE Vector Group","hd":false},{"ty":"gr","it":[{"ind":0,"ty":"sh","ix":1,"ks":{"a":0,"k":{"i":[[-0.592,0.378],[-0.146,0.306],[0.33,0.187],[0.503,-0.109],[0.592,-0.378],[0.143,-0.31],[-0.327,-0.187],[-0.504,0.109]],"o":[[0.599,-0.384],[0.143,-0.309],[-0.326,-0.184],[-0.507,0.106],[-0.592,0.381],[-0.143,0.306],[0.33,0.184],[0.5,-0.106]],"v":[[1.024,0.579],[2.139,-0.455],[1.864,-1.196],[0.616,-1.312],[-1.03,-0.584],[-2.132,0.45],[-1.857,1.192],[-0.612,1.307]],"c":true},"ix":2},"nm":"Path 1","mn":"ADBE Vector Shape - Group","hd":false},{"ind":1,"ty":"sh","ix":2,"ks":{"a":0,"k":{"i":[[-0.752,0.48],[-0.724,0.133],[-0.493,-0.282],[0.177,-0.442],[0.752,-0.48],[0.724,-0.136],[0.497,0.279],[-0.177,0.442]],"o":[[0.748,-0.483],[0.728,-0.136],[0.493,0.279],[-0.177,0.445],[-0.752,0.483],[-0.724,0.133],[-0.493,-0.279],[0.177,-0.445]],"v":[[-1.561,-0.883],[0.65,-1.805],[2.48,-1.587],[2.956,-0.506],[1.565,0.882],[-0.65,1.807],[-2.48,1.589],[-2.956,0.504]],"c":true},"ix":2},"nm":"Path 2","mn":"ADBE Vector Shape - Group","hd":false},{"ty":"fl","c":{"a":0,"k":[1,1,1,1],"ix":4},"o":{"a":0,"k":100,"ix":5},"r":1,"bm":0,"nm":"Fill 1","mn":"ADBE Vector Graphic - Fill","hd":false},{"ty":"tr","p":{"a":0,"k":[316.669,287.342],"ix":2},"a":{"a":0,"k":[0,0],"ix":1},"s":{"a":0,"k":[100,100],"ix":3},"r":{"a":0,"k":0,"ix":6},"o":{"a":0,"k":100,"ix":7},"sk":{"a":0,"k":0,"ix":4},"sa":{"a":0,"k":0,"ix":5},"nm":"Transform"}],"nm":"Group 33","np":3,"cix":2,"bm":0,"ix":33,"mn":"ADBE Vector Group","hd":false},{"ty":"gr","it":[{"ind":0,"ty":"sh","ix":1,"ks":{"a":0,"k":{"i":[[-3.622,-2.044],[0,0],[-1.578,0.912],[0,0],[0,0],[0,0],[3.602,2.065],[0,0],[1.599,-0.932],[0,0]],"o":[[0,0],[1.578,0.871],[0,0],[0,0],[0,0],[3.602,-2.065],[0,0],[-1.602,-0.911],[0,0],[-3.564,2.105]],"v":[[-100.563,-10.697],[25.945,61.211],[31.006,61.17],[35.38,58.66],[47.689,51.555],[100.608,21.067],[100.608,11.591],[-25.879,-61.188],[-31.022,-61.147],[-100.665,-20.173]],"c":true},"ix":2},"nm":"Path 1","mn":"ADBE Vector Shape - Group","hd":false},{"ty":"fl","c":{"a":0,"k":[1,0.678431391716,0.376470595598,1],"ix":4},"o":{"a":0,"k":100,"ix":5},"r":1,"bm":0,"nm":"Fill 1","mn":"ADBE Vector Graphic - Fill","hd":false},{"ty":"tr","p":{"a":0,"k":[381.611,292.455],"ix":2},"a":{"a":0,"k":[0,0],"ix":1},"s":{"a":0,"k":[100,100],"ix":3},"r":{"a":0,"k":0,"ix":6},"o":{"a":0,"k":100,"ix":7},"sk":{"a":0,"k":0,"ix":4},"sa":{"a":0,"k":0,"ix":5},"nm":"Transform"}],"nm":"Group 34","np":2,"cix":2,"bm":0,"ix":34,"mn":"ADBE Vector Group","hd":false},{"ty":"gr","it":[{"ind":0,"ty":"sh","ix":1,"ks":{"a":0,"k":{"i":[[0,0],[1.588,-0.935],[0,0],[-3.605,-2.03],[0,0],[-1.571,0.904],[0,0],[3.598,2.055]],"o":[[-1.598,-0.911],[0,0],[-3.565,2.095],[0,0],[1.575,0.888],[0,0],[3.588,-2.068],[0,0]],"v":[[-25.891,-61.184],[-31.016,-61.148],[-100.659,-20.17],[-100.574,-10.705],[25.954,61.2],[31.005,61.173],[100.617,21.066],[100.604,11.593]],"c":true},"ix":2},"nm":"Path 1","mn":"ADBE Vector Shape - Group","hd":false},{"ty":"fl","c":{"a":0,"k":[1,0.352941185236,0.454901963472,1],"ix":4},"o":{"a":0,"k":100,"ix":5},"r":1,"bm":0,"nm":"Fill 1","mn":"ADBE Vector Graphic - Fill","hd":false},{"ty":"tr","p":{"a":0,"k":[381.612,294.959],"ix":2},"a":{"a":0,"k":[0,0],"ix":1},"s":{"a":0,"k":[100,100],"ix":3},"r":{"a":0,"k":0,"ix":6},"o":{"a":0,"k":100,"ix":7},"sk":{"a":0,"k":0,"ix":4},"sa":{"a":0,"k":0,"ix":5},"nm":"Transform"}],"nm":"Group 35","np":2,"cix":2,"bm":0,"ix":35,"mn":"ADBE Vector Group","hd":false}],"ip":0,"op":210,"st":0,"bm":0}],"markers":[]}