{"v":"5.9.6","fr":29.9700012207031,"ip":0,"op":150.000006109625,"w":600,"h":600,"nm":"Globallanguage_21","ddd":0,"assets":[],"layers":[{"ddd":0,"ind":1,"ty":4,"nm":"Chineese","sr":1,"ks":{"o":{"a":0,"k":100,"ix":11},"r":{"k":[{"s":[-90],"t":0,"i":{"x":[1],"y":[1]},"o":{"x":[0],"y":[0]}},{"s":[-79.212],"t":1,"i":{"x":[1],"y":[1]},"o":{"x":[0],"y":[0]}},{"s":[-69.323],"t":2,"i":{"x":[1],"y":[1]},"o":{"x":[0],"y":[0]}},{"s":[-60.293],"t":3,"i":{"x":[1],"y":[1]},"o":{"x":[0],"y":[0]}},{"s":[-52.083],"t":4,"i":{"x":[1],"y":[1]},"o":{"x":[0],"y":[0]}},{"s":[-44.655],"t":5,"i":{"x":[1],"y":[1]},"o":{"x":[0],"y":[0]}},{"s":[-37.969],"t":6,"i":{"x":[1],"y":[1]},"o":{"x":[0],"y":[0]}},{"s":[-31.986],"t":7,"i":{"x":[1],"y":[1]},"o":{"x":[0],"y":[0]}},{"s":[-26.667],"t":8,"i":{"x":[1],"y":[1]},"o":{"x":[0],"y":[0]}},{"s":[-21.973],"t":9,"i":{"x":[1],"y":[1]},"o":{"x":[0],"y":[0]}},{"s":[-17.865],"t":10,"i":{"x":[1],"y":[1]},"o":{"x":[0],"y":[0]}},{"s":[-14.303],"t":11,"i":{"x":[1],"y":[1]},"o":{"x":[0],"y":[0]}},{"s":[-11.25],"t":12,"i":{"x":[1],"y":[1]},"o":{"x":[0],"y":[0]}},{"s":[-8.665],"t":13,"i":{"x":[1],"y":[1]},"o":{"x":[0],"y":[0]}},{"s":[-6.51],"t":14,"i":{"x":[1],"y":[1]},"o":{"x":[0],"y":[0]}},{"s":[-4.746],"t":15,"i":{"x":[1],"y":[1]},"o":{"x":[0],"y":[0]}},{"s":[-3.333],"t":16,"i":{"x":[1],"y":[1]},"o":{"x":[0],"y":[0]}},{"s":[-2.233],"t":17,"i":{"x":[1],"y":[1]},"o":{"x":[0],"y":[0]}},{"s":[-1.406],"t":18,"i":{"x":[1],"y":[1]},"o":{"x":[0],"y":[0]}},{"s":[-0.814],"t":19,"i":{"x":[1],"y":[1]},"o":{"x":[0],"y":[0]}},{"s":[-0.417],"t":20,"i":{"x":[1],"y":[1]},"o":{"x":[0],"y":[0]}},{"s":[-0.176],"t":21,"i":{"x":[1],"y":[1]},"o":{"x":[0],"y":[0]}},{"s":[-0.052],"t":22,"i":{"x":[1],"y":[1]},"o":{"x":[0],"y":[0]}},{"s":[-0.007],"t":23,"i":{"x":[1],"y":[1]},"o":{"x":[0],"y":[0]}},{"s":[0],"t":24,"i":{"x":[1],"y":[1]},"o":{"x":[0],"y":[0]}}]},"p":{"k":[{"s":[-657.696,579,0],"t":0,"i":{"x":1,"y":1},"o":{"x":0,"y":0}},{"s":[-561.804,579,0],"t":1,"i":{"x":1,"y":1},"o":{"x":0,"y":0}},{"s":[-473.899,579,0],"t":2,"i":{"x":1,"y":1},"o":{"x":0,"y":0}},{"s":[-393.633,579,0],"t":3,"i":{"x":1,"y":1},"o":{"x":0,"y":0}},{"s":[-320.659,579,0],"t":4,"i":{"x":1,"y":1},"o":{"x":0,"y":0}},{"s":[-254.628,579,0],"t":5,"i":{"x":1,"y":1},"o":{"x":0,"y":0}},{"s":[-195.196,579,0],"t":6,"i":{"x":1,"y":1},"o":{"x":0,"y":0}},{"s":[-142.013,579,0],"t":7,"i":{"x":1,"y":1},"o":{"x":0,"y":0}},{"s":[-94.733,579,0],"t":8,"i":{"x":1,"y":1},"o":{"x":0,"y":0}},{"s":[-53.008,579,0],"t":9,"i":{"x":1,"y":1},"o":{"x":0,"y":0}},{"s":[-16.492,579,0],"t":10,"i":{"x":1,"y":1},"o":{"x":0,"y":0}},{"s":[15.163,579,0],"t":11,"i":{"x":1,"y":1},"o":{"x":0,"y":0}},{"s":[42.304,579,0],"t":12,"i":{"x":1,"y":1},"o":{"x":0,"y":0}},{"s":[65.279,579,0],"t":13,"i":{"x":1,"y":1},"o":{"x":0,"y":0}},{"s":[84.434,579,0],"t":14,"i":{"x":1,"y":1},"o":{"x":0,"y":0}},{"s":[100.117,579,0],"t":15,"i":{"x":1,"y":1},"o":{"x":0,"y":0}},{"s":[112.675,579,0],"t":16,"i":{"x":1,"y":1},"o":{"x":0,"y":0}},{"s":[122.455,579,0],"t":17,"i":{"x":1,"y":1},"o":{"x":0,"y":0}},{"s":[129.804,579,0],"t":18,"i":{"x":1,"y":1},"o":{"x":0,"y":0}},{"s":[135.071,579,0],"t":19,"i":{"x":1,"y":1},"o":{"x":0,"y":0}},{"s":[138.601,579,0],"t":20,"i":{"x":1,"y":1},"o":{"x":0,"y":0}},{"s":[140.742,579,0],"t":21,"i":{"x":1,"y":1},"o":{"x":0,"y":0}},{"s":[141.841,579,0],"t":22,"i":{"x":1,"y":1},"o":{"x":0,"y":0}},{"s":[142.247,579,0],"t":23,"i":{"x":1,"y":1},"o":{"x":0,"y":0}}],"l":2},"a":{"a":0,"k":[121.554,218.598,0],"ix":1,"l":2},"s":{"a":0,"k":[100,100,100],"ix":6,"l":2}},"ao":0,"ef":[{"ty":5,"nm":"AC IN [ZBS] Controls","np":4,"mn":"Pseudo/MHAC PrCtrl ZBS 6","ix":1,"en":1,"ef":[{"ty":3,"nm":"Position","mn":"Pseudo/MHAC PrCtrl ZBS 6-0001","ix":1,"v":{"a":0,"k":[-800,0],"ix":1}},{"ty":0,"nm":"Angle","mn":"Pseudo/MHAC PrCtrl ZBS 6-0002","ix":2,"v":{"a":0,"k":-90,"ix":2}}]}],"shapes":[{"ty":"gr","it":[{"ind":0,"ty":"sh","ix":1,"ks":{"a":0,"k":{"i":[[6.699,0.234],[0,0],[0,0],[6.7,0],[0,-6.7],[0,0],[0,0],[0,-6.699],[-6.7,0],[0,0],[11.388,-11.592],[3.112,4.274],[5.294,-4.104],[-3.276,-5.278],[-4.393,-4.722],[8.516,-4.565],[-3.454,-5.741],[-5.551,2.311],[-9.694,8.002],[-10.983,-5.761],[-2.575,6.184],[5.152,3.1],[7.634,5.887],[-3.781,22.118],[-0.235,6.699]],"o":[[0,0],[0,0],[0,-6.7],[-6.699,0],[0,0],[0,0],[-6.7,0],[0,6.7],[0,0],[-3.601,15.846],[-3.673,-3.803],[-4.105,-5.295],[-4.91,3.806],[3.684,5.294],[-7.629,5.93],[-5.74,3.454],[3.1,5.152],[11.115,-5.871],[9.586,7.869],[6.185,2.575],[2.312,-5.551],[-8.511,-4.526],[15.799,-15.935],[6.699,0.234],[0.234,-6.699]],"v":[[48.617,-49.192],[12.226,-49.192],[12.226,-61.322],[0.095,-73.453],[-12.035,-61.322],[-12.035,-49.192],[-48.426,-49.192],[-60.557,-37.062],[-48.426,-24.931],[23.022,-24.931],[0.095,17.04],[-10.094,4.91],[-27.113,2.754],[-29.988,18.738],[-17.858,33.78],[-42.119,49.55],[-46.258,66.198],[-31.201,71.142],[0.095,50.278],[31.028,70.778],[46.889,64.243],[41.945,49.186],[17.684,33.538],[47.768,-24.931],[60.323,-36.637]],"c":true},"ix":2},"nm":"Path 1","mn":"ADBE Vector Shape - Group","hd":false},{"ty":"fl","c":{"a":0,"k":[0.486274539723,0.490196108351,0.490196108351,1],"ix":4},"o":{"a":0,"k":100,"ix":5},"r":1,"bm":0,"nm":"Fill 1","mn":"ADBE Vector Graphic - Fill","hd":false},{"ty":"tr","p":{"a":0,"k":[121.459,110.094],"ix":2},"a":{"a":0,"k":[0,0],"ix":1},"s":{"a":0,"k":[100,100],"ix":3},"r":{"a":0,"k":0,"ix":6},"o":{"a":0,"k":100,"ix":7},"sk":{"a":0,"k":0,"ix":4},"sa":{"a":0,"k":0,"ix":5},"nm":"Transform"}],"nm":"Group 1","np":2,"cix":2,"bm":0,"ix":1,"mn":"ADBE Vector Group","hd":false},{"ty":"gr","it":[{"ind":0,"ty":"sh","ix":1,"ks":{"a":0,"k":{"i":[[0,-13.399],[0,0],[0,97.044],[0,0]],"o":[[0,0],[-132.586,0],[0,0],[13.399,0]],"v":[[103.109,-72.783],[103.109,97.044],[-103.108,-97.044],[78.848,-97.044]],"c":true},"ix":2},"nm":"Path 1","mn":"ADBE Vector Shape - Group","hd":false},{"ty":"fl","c":{"a":0,"k":[0.929411824544,0.921568687289,0.949019667682,1],"ix":4},"o":{"a":0,"k":100,"ix":5},"r":1,"bm":0,"nm":"Fill 1","mn":"ADBE Vector Graphic - Fill","hd":false},{"ty":"tr","p":{"a":0,"k":[139.75,97.294],"ix":2},"a":{"a":0,"k":[0,0],"ix":1},"s":{"a":0,"k":[100,100],"ix":3},"r":{"a":0,"k":0,"ix":6},"o":{"a":0,"k":100,"ix":7},"sk":{"a":0,"k":0,"ix":4},"sa":{"a":0,"k":0,"ix":5},"nm":"Transform"}],"nm":"Group 2","np":2,"cix":2,"bm":0,"ix":2,"mn":"ADBE Vector Group","hd":false},{"ty":"gr","it":[{"ind":0,"ty":"sh","ix":1,"ks":{"a":0,"k":{"i":[[-13.399,0],[0,0],[0,-13.399],[0,0],[13.399,0],[0,0],[0,13.399],[0,0]],"o":[[0,0],[13.399,0],[0,0],[0,13.399],[0,0],[-13.399,0],[0,0],[0,-13.399]],"v":[[-97.043,-109.174],[97.044,-109.174],[121.304,-84.913],[121.304,84.913],[97.044,109.174],[-97.043,109.174],[-121.304,84.913],[-121.304,-84.913]],"c":true},"ix":2},"nm":"Path 1","mn":"ADBE Vector Shape - Group","hd":false},{"ty":"fl","c":{"a":0,"k":[0.854902020623,0.84313731474,0.898039275525,1],"ix":4},"o":{"a":0,"k":100,"ix":5},"r":1,"bm":0,"nm":"Fill 1","mn":"ADBE Vector Graphic - Fill","hd":false},{"ty":"tr","p":{"a":0,"k":[121.554,109.424],"ix":2},"a":{"a":0,"k":[0,0],"ix":1},"s":{"a":0,"k":[100,100],"ix":3},"r":{"a":0,"k":0,"ix":6},"o":{"a":0,"k":100,"ix":7},"sk":{"a":0,"k":0,"ix":4},"sa":{"a":0,"k":0,"ix":5},"nm":"Transform"}],"nm":"Group 3","np":2,"cix":2,"bm":0,"ix":3,"mn":"ADBE Vector Group","hd":false}],"ip":0,"op":150.000006109625,"st":0,"ct":1,"bm":0},{"ddd":0,"ind":2,"ty":4,"nm":"English","sr":1,"ks":{"o":{"a":0,"k":100,"ix":11},"r":{"k":[{"s":[90],"t":21.0000008553475,"i":{"x":[1],"y":[1]},"o":{"x":[0],"y":[0]}},{"s":[79.626],"t":22.0000008553475,"i":{"x":[1],"y":[1]},"o":{"x":[0],"y":[0]}},{"s":[70.082],"t":23.0000008553475,"i":{"x":[1],"y":[1]},"o":{"x":[0],"y":[0]}},{"s":[61.332],"t":24.0000008553475,"i":{"x":[1],"y":[1]},"o":{"x":[0],"y":[0]}},{"s":[53.343],"t":25.0000008553475,"i":{"x":[1],"y":[1]},"o":{"x":[0],"y":[0]}},{"s":[46.08],"t":26.0000008553475,"i":{"x":[1],"y":[1]},"o":{"x":[0],"y":[0]}},{"s":[39.508],"t":27.0000008553475,"i":{"x":[1],"y":[1]},"o":{"x":[0],"y":[0]}},{"s":[33.592],"t":28.0000008553475,"i":{"x":[1],"y":[1]},"o":{"x":[0],"y":[0]}},{"s":[28.299],"t":29.0000008553475,"i":{"x":[1],"y":[1]},"o":{"x":[0],"y":[0]}},{"s":[23.593],"t":30.0000008553475,"i":{"x":[1],"y":[1]},"o":{"x":[0],"y":[0]}},{"s":[19.44],"t":31.0000008553475,"i":{"x":[1],"y":[1]},"o":{"x":[0],"y":[0]}},{"s":[15.805],"t":32.0000008553475,"i":{"x":[1],"y":[1]},"o":{"x":[0],"y":[0]}},{"s":[12.655],"t":33.0000008553475,"i":{"x":[1],"y":[1]},"o":{"x":[0],"y":[0]}},{"s":[9.953],"t":34.0000008553475,"i":{"x":[1],"y":[1]},"o":{"x":[0],"y":[0]}},{"s":[7.667],"t":35.0000008553475,"i":{"x":[1],"y":[1]},"o":{"x":[0],"y":[0]}},{"s":[5.76],"t":36.0000008553475,"i":{"x":[1],"y":[1]},"o":{"x":[0],"y":[0]}},{"s":[4.199],"t":37.0000008553475,"i":{"x":[1],"y":[1]},"o":{"x":[0],"y":[0]}},{"s":[2.949],"t":38.0000008553475,"i":{"x":[1],"y":[1]},"o":{"x":[0],"y":[0]}},{"s":[1.976],"t":39.0000008553475,"i":{"x":[1],"y":[1]},"o":{"x":[0],"y":[0]}},{"s":[1.244],"t":40.0000008553475,"i":{"x":[1],"y":[1]},"o":{"x":[0],"y":[0]}},{"s":[0.72],"t":41.0000008553475,"i":{"x":[1],"y":[1]},"o":{"x":[0],"y":[0]}},{"s":[0.369],"t":42.0000008553475,"i":{"x":[1],"y":[1]},"o":{"x":[0],"y":[0]}},{"s":[0.156],"t":43.0000008553475,"i":{"x":[1],"y":[1]},"o":{"x":[0],"y":[0]}},{"s":[0.046],"t":44.0000008553475,"i":{"x":[1],"y":[1]},"o":{"x":[0],"y":[0]}},{"s":[0.006],"t":45.0000008553475,"i":{"x":[1],"y":[1]},"o":{"x":[0],"y":[0]}},{"s":[0],"t":46.0000008553475,"i":{"x":[1],"y":[1]},"o":{"x":[0],"y":[0]}}]},"p":{"k":[{"s":[1257.696,239.348,0],"t":21.0000008553475,"i":{"x":1,"y":1},"o":{"x":0,"y":0}},{"s":[1165.484,239.348,0],"t":22.0000008553475,"i":{"x":1,"y":1},"o":{"x":0,"y":0}},{"s":[1080.646,239.348,0],"t":23.0000008553475,"i":{"x":1,"y":1},"o":{"x":0,"y":0}},{"s":[1002.873,239.348,0],"t":24.0000008553475,"i":{"x":1,"y":1},"o":{"x":0,"y":0}},{"s":[931.859,239.348,0],"t":25.0000008553475,"i":{"x":1,"y":1},"o":{"x":0,"y":0}},{"s":[867.296,239.348,0],"t":26.0000008553475,"i":{"x":1,"y":1},"o":{"x":0,"y":0}},{"s":[808.876,239.348,0],"t":27.0000008553475,"i":{"x":1,"y":1},"o":{"x":0,"y":0}},{"s":[756.294,239.348,0],"t":28.0000008553475,"i":{"x":1,"y":1},"o":{"x":0,"y":0}},{"s":[709.241,239.348,0],"t":29.0000008553475,"i":{"x":1,"y":1},"o":{"x":0,"y":0}},{"s":[667.411,239.348,0],"t":30.0000008553475,"i":{"x":1,"y":1},"o":{"x":0,"y":0}},{"s":[630.496,239.348,0],"t":31.0000008553475,"i":{"x":1,"y":1},"o":{"x":0,"y":0}},{"s":[598.188,239.348,0],"t":32.0000008553475,"i":{"x":1,"y":1},"o":{"x":0,"y":0}},{"s":[570.182,239.348,0],"t":33.0000008553475,"i":{"x":1,"y":1},"o":{"x":0,"y":0}},{"s":[546.169,239.348,0],"t":34.0000008553475,"i":{"x":1,"y":1},"o":{"x":0,"y":0}},{"s":[525.843,239.348,0],"t":35.0000008553475,"i":{"x":1,"y":1},"o":{"x":0,"y":0}},{"s":[508.896,239.348,0],"t":36.0000008553475,"i":{"x":1,"y":1},"o":{"x":0,"y":0}},{"s":[495.02,239.348,0],"t":37.0000008553475,"i":{"x":1,"y":1},"o":{"x":0,"y":0}},{"s":[483.91,239.348,0],"t":38.0000008553475,"i":{"x":1,"y":1},"o":{"x":0,"y":0}},{"s":[475.257,239.348,0],"t":39.0000008553475,"i":{"x":1,"y":1},"o":{"x":0,"y":0}},{"s":[468.755,239.348,0],"t":40.0000008553475,"i":{"x":1,"y":1},"o":{"x":0,"y":0}},{"s":[464.096,239.348,0],"t":41.0000008553475,"i":{"x":1,"y":1},"o":{"x":0,"y":0}},{"s":[460.972,239.348,0],"t":42.0000008553475,"i":{"x":1,"y":1},"o":{"x":0,"y":0}},{"s":[459.078,239.348,0],"t":43.0000008553475,"i":{"x":1,"y":1},"o":{"x":0,"y":0}},{"s":[458.105,239.348,0],"t":44.0000008553475,"i":{"x":1,"y":1},"o":{"x":0,"y":0}}],"l":2},"a":{"a":0,"k":[121.554,218.598,0],"ix":1,"l":2},"s":{"a":0,"k":[100,100,100],"ix":6,"l":2}},"ao":0,"ef":[{"ty":5,"nm":"AC IN [62A] Controls","np":4,"mn":"Pseudo/MHAC PrCtrl 62A 6","ix":1,"en":1,"ef":[{"ty":3,"nm":"Position","mn":"Pseudo/MHAC PrCtrl 62A 6-0001","ix":1,"v":{"a":0,"k":[800,0],"ix":1}},{"ty":0,"nm":"Angle","mn":"Pseudo/MHAC PrCtrl 62A 6-0002","ix":2,"v":{"a":0,"k":90,"ix":2}}]}],"shapes":[{"ty":"gr","it":[{"ind":0,"ty":"sh","ix":1,"ks":{"a":0,"k":{"i":[[0,0],[0,0],[0,0]],"o":[[0,0],[0,0],[0,0]],"v":[[-15.204,13.256],[0.808,-26.896],[16.82,13.256]],"c":true},"ix":2},"nm":"Path 1","mn":"ADBE Vector Shape - Group","hd":false},{"ind":1,"ty":"sh","ix":2,"ks":{"a":0,"k":{"i":[[0.57,1.432],[11.281,0],[53.131,-132.828],[-6.23,-2.479],[-2.479,6.23],[-2.062,0],[0,0],[-10.796,0],[-0.006,6.7]],"o":[[-52.646,-131.493],[-11.281,0],[-2.479,6.231],[6.231,2.479],[12.979,-33.48],[0,0],[10.19,25.474],[6.699,0.007],[0.002,-1.541]],"v":[[60.611,57.289],[0.808,-71.657],[-58.995,57.289],[-52.202,73.059],[-36.432,66.266],[-23.453,37.517],[26.403,37.517],[49.33,73.908],[61.472,61.789]],"c":true},"ix":2},"nm":"Path 2","mn":"ADBE Vector Shape - Group","hd":false},{"ty":"mm","mm":1,"nm":"Merge Paths 1","mn":"ADBE Vector Filter - Merge","hd":false},{"ty":"fl","c":{"a":0,"k":[0.486274539723,0.490196108351,0.490196108351,1],"ix":4},"o":{"a":0,"k":100,"ix":5},"r":1,"bm":0,"nm":"Fill 1","mn":"ADBE Vector Graphic - Fill","hd":false},{"ty":"tr","p":{"a":0,"k":[120.746,108.298],"ix":2},"a":{"a":0,"k":[0,0],"ix":1},"s":{"a":0,"k":[100,100],"ix":3},"r":{"a":0,"k":0,"ix":6},"o":{"a":0,"k":100,"ix":7},"sk":{"a":0,"k":0,"ix":4},"sa":{"a":0,"k":0,"ix":5},"nm":"Transform"}],"nm":"Group 1","np":4,"cix":2,"bm":0,"ix":1,"mn":"ADBE Vector Group","hd":false},{"ty":"gr","it":[{"ind":0,"ty":"sh","ix":1,"ks":{"a":0,"k":{"i":[[0,-13.399],[0,0],[0,97.044],[0,0]],"o":[[0,0],[-132.586,0],[0,0],[13.399,0]],"v":[[103.109,-72.783],[103.109,97.044],[-103.109,-97.044],[78.847,-97.044]],"c":true},"ix":2},"nm":"Path 1","mn":"ADBE Vector Shape - Group","hd":false},{"ty":"fl","c":{"a":0,"k":[0.929411824544,0.921568687289,0.949019667682,1],"ix":4},"o":{"a":0,"k":100,"ix":5},"r":1,"bm":0,"nm":"Fill 1","mn":"ADBE Vector Graphic - Fill","hd":false},{"ty":"tr","p":{"a":0,"k":[139.75,97.294],"ix":2},"a":{"a":0,"k":[0,0],"ix":1},"s":{"a":0,"k":[100,100],"ix":3},"r":{"a":0,"k":0,"ix":6},"o":{"a":0,"k":100,"ix":7},"sk":{"a":0,"k":0,"ix":4},"sa":{"a":0,"k":0,"ix":5},"nm":"Transform"}],"nm":"Group 2","np":2,"cix":2,"bm":0,"ix":2,"mn":"ADBE Vector Group","hd":false},{"ty":"gr","it":[{"ind":0,"ty":"sh","ix":1,"ks":{"a":0,"k":{"i":[[-13.399,0],[0,0],[0,-13.399],[0,0],[13.399,0],[0,0],[0,13.399],[0,0]],"o":[[0,0],[13.399,0],[0,0],[0,13.399],[0,0],[-13.399,0],[0,0],[0,-13.399]],"v":[[-97.043,-109.174],[97.044,-109.174],[121.305,-84.913],[121.305,84.913],[97.044,109.174],[-97.043,109.174],[-121.305,84.913],[-121.305,-84.913]],"c":true},"ix":2},"nm":"Path 1","mn":"ADBE Vector Shape - Group","hd":false},{"ty":"fl","c":{"a":0,"k":[0.854902020623,0.84313731474,0.898039275525,1],"ix":4},"o":{"a":0,"k":100,"ix":5},"r":1,"bm":0,"nm":"Fill 1","mn":"ADBE Vector Graphic - Fill","hd":false},{"ty":"tr","p":{"a":0,"k":[121.554,109.424],"ix":2},"a":{"a":0,"k":[0,0],"ix":1},"s":{"a":0,"k":[100,100],"ix":3},"r":{"a":0,"k":0,"ix":6},"o":{"a":0,"k":100,"ix":7},"sk":{"a":0,"k":0,"ix":4},"sa":{"a":0,"k":0,"ix":5},"nm":"Transform"}],"nm":"Group 3","np":2,"cix":2,"bm":0,"ix":3,"mn":"ADBE Vector Group","hd":false}],"ip":21.0000008553475,"op":171.000006964973,"st":21.0000008553475,"ct":1,"bm":0},{"ddd":0,"ind":3,"ty":4,"nm":"Globe","sr":1,"ks":{"o":{"k":[{"s":[0],"t":43.0000017514259,"i":{"x":[1],"y":[1]},"o":{"x":[0],"y":[0]}},{"s":[23.688],"t":44.0000017514259,"i":{"x":[1],"y":[1]},"o":{"x":[0],"y":[0]}},{"s":[42.658],"t":45.0000017514259,"i":{"x":[1],"y":[1]},"o":{"x":[0],"y":[0]}},{"s":[57.652],"t":46.0000017514259,"i":{"x":[1],"y":[1]},"o":{"x":[0],"y":[0]}},{"s":[69.332],"t":47.0000017514259,"i":{"x":[1],"y":[1]},"o":{"x":[0],"y":[0]}},{"s":[78.279],"t":48.0000017514259,"i":{"x":[1],"y":[1]},"o":{"x":[0],"y":[0]}},{"s":[85.005],"t":49.0000017514259,"i":{"x":[1],"y":[1]},"o":{"x":[0],"y":[0]}},{"s":[89.951],"t":50.0000017514259,"i":{"x":[1],"y":[1]},"o":{"x":[0],"y":[0]}},{"s":[93.496],"t":51.0000017514259,"i":{"x":[1],"y":[1]},"o":{"x":[0],"y":[0]}},{"s":[95.961],"t":52.0000017514259,"i":{"x":[1],"y":[1]},"o":{"x":[0],"y":[0]}},{"s":[97.615],"t":53.0000017514259,"i":{"x":[1],"y":[1]},"o":{"x":[0],"y":[0]}},{"s":[98.677],"t":54.0000017514259,"i":{"x":[1],"y":[1]},"o":{"x":[0],"y":[0]}},{"s":[99.321],"t":55.0000017514259,"i":{"x":[1],"y":[1]},"o":{"x":[0],"y":[0]}},{"s":[99.686],"t":56.0000017514259,"i":{"x":[1],"y":[1]},"o":{"x":[0],"y":[0]}},{"s":[99.874],"t":57.0000017514259,"i":{"x":[1],"y":[1]},"o":{"x":[0],"y":[0]}},{"s":[99.959],"t":58.0000017514259,"i":{"x":[1],"y":[1]},"o":{"x":[0],"y":[0]}}]},"r":{"a":0,"k":0,"ix":10},"p":{"a":0,"k":[305.074,309.401,0],"ix":2,"l":2},"a":{"a":0,"k":[286.307,270.698,0],"ix":1,"l":2},"s":{"k":[{"s":[30,30,100],"t":43.0000017514259,"i":{"x":[1,1,1],"y":[1,1,1]},"o":{"x":[0,0,0],"y":[0,0,0]}},{"s":[46.581,46.581,100],"t":44.0000017514259,"i":{"x":[1,1,1],"y":[1,1,1]},"o":{"x":[0,0,0],"y":[0,0,0]}},{"s":[59.86,59.86,100],"t":45.0000017514259,"i":{"x":[1,1,1],"y":[1,1,1]},"o":{"x":[0,0,0],"y":[0,0,0]}},{"s":[70.356,70.356,100],"t":46.0000017514259,"i":{"x":[1,1,1],"y":[1,1,1]},"o":{"x":[0,0,0],"y":[0,0,0]}},{"s":[78.532,78.532,100],"t":47.0000017514259,"i":{"x":[1,1,1],"y":[1,1,1]},"o":{"x":[0,0,0],"y":[0,0,0]}},{"s":[84.796,84.796,100],"t":48.0000017514259,"i":{"x":[1,1,1],"y":[1,1,1]},"o":{"x":[0,0,0],"y":[0,0,0]}},{"s":[89.503,89.503,100],"t":49.0000017514259,"i":{"x":[1,1,1],"y":[1,1,1]},"o":{"x":[0,0,0],"y":[0,0,0]}},{"s":[92.965,92.965,100],"t":50.0000017514259,"i":{"x":[1,1,1],"y":[1,1,1]},"o":{"x":[0,0,0],"y":[0,0,0]}},{"s":[95.447,95.447,100],"t":51.0000017514259,"i":{"x":[1,1,1],"y":[1,1,1]},"o":{"x":[0,0,0],"y":[0,0,0]}},{"s":[97.173,97.173,100],"t":52.0000017514259,"i":{"x":[1,1,1],"y":[1,1,1]},"o":{"x":[0,0,0],"y":[0,0,0]}},{"s":[98.331,98.331,100],"t":53.0000017514259,"i":{"x":[1,1,1],"y":[1,1,1]},"o":{"x":[0,0,0],"y":[0,0,0]}},{"s":[99.074,99.074,100],"t":54.0000017514259,"i":{"x":[1,1,1],"y":[1,1,1]},"o":{"x":[0,0,0],"y":[0,0,0]}},{"s":[99.525,99.525,100],"t":55.0000017514259,"i":{"x":[1,1,1],"y":[1,1,1]},"o":{"x":[0,0,0],"y":[0,0,0]}},{"s":[99.78,99.78,100],"t":56.0000017514259,"i":{"x":[1,1,1],"y":[1,1,1]},"o":{"x":[0,0,0],"y":[0,0,0]}},{"s":[99.912,99.912,100],"t":57.0000017514259,"i":{"x":[1,1,1],"y":[1,1,1]},"o":{"x":[0,0,0],"y":[0,0,0]}}],"l":2}},"ao":0,"ef":[{"ty":5,"nm":"AC IN [X9R] Controls","np":3,"mn":"Pseudo/MHAC PrCtrl X9R 6","ix":1,"en":1,"ef":[{"ty":0,"nm":"Size","mn":"Pseudo/MHAC PrCtrl X9R 6-0001","ix":1,"v":{"a":0,"k":30,"ix":1}}]}],"shapes":[{"ty":"gr","it":[{"ind":0,"ty":"sh","ix":1,"ks":{"a":0,"k":{"i":[[0,0],[17.56,-45.912],[-17.176,-18.97],[11.282,-8.127],[3.517,-2.062],[18.985,9.76],[16.165,-22.874],[-41.486,92.798],[31.756,-6.155],[0,28.021],[-34.019,-12.631],[-1.406,45.654],[0,0],[-2.232,-16.085],[0,0],[0.305,16.238],[0,0],[0,0],[0,0],[-17.561,45.912],[17.166,19.439],[-7.129,4.217],[-18.984,-9.76],[-16.164,22.874],[41.486,-92.919],[-32.389,6.742],[0,0],[34.152,12.616],[1.483,-45.667],[0,0],[2.245,15.472],[-27.294,0],[-0.264,-16.235],[0,0],[0,0]],"o":[[-1.226,49.141],[22.905,11.412],[0.849,1.213],[-3.396,2.305],[-14.567,-15.604],[-11.509,25.535],[-55.679,6.187],[-30.392,-11.075],[-3.275,0],[35.683,-6.598],[16.262,-42.683],[0,0],[0.353,16.235],[0,0],[-2.281,-16.08],[0,0],[0,0],[0,0],[1.226,-49.14],[-23.212,-11.566],[6.608,-4.995],[14.567,15.604],[11.51,-25.535],[55.558,-6.187],[31.021,11.498],[0,0],[-35.779,6.742],[-16.345,42.669],[0,0],[-0.259,-15.631],[0,-2.547],[2.24,16.083],[0,0],[0,0],[0,0]],"v":[[121.304,12.191],[92.919,155.815],[153.571,201.79],[144.594,209.917],[134.284,216.589],[83.578,178.257],[41.971,251.039],[61.137,168.188],[-33.844,160.668],[-36.149,136.407],[70.356,145.626],[97.043,12.191],[-97.044,12.191],[-93.162,60.713],[-117.423,60.713],[-121.305,12.191],[-254.739,12.191],[-254.739,-12.07],[-121.305,-12.07],[-92.919,-155.694],[-154.057,-202.639],[-133.435,-216.468],[-82.73,-178.136],[-41.123,-250.918],[-60.289,-168.067],[36.755,-160.789],[36.755,-136.528],[-70.114,-145.505],[-97.044,-12.07],[97.043,-12.07],[93.283,-58.772],[117.544,-60.592],[121.304,-12.07],[254.739,-12.07],[254.739,12.191]],"c":true},"ix":2},"nm":"Path 1","mn":"ADBE Vector Shape - Group","hd":false},{"ty":"fl","c":{"a":0,"k":[0.435294147566,0.670588235294,0.901960844152,1],"ix":4},"o":{"a":0,"k":100,"ix":5},"r":1,"bm":0,"nm":"Fill 1","mn":"ADBE Vector Graphic - Fill","hd":false},{"ty":"tr","p":{"a":0,"k":[281.234,261.236],"ix":2},"a":{"a":0,"k":[0,0],"ix":1},"s":{"a":0,"k":[100,100],"ix":3},"r":{"a":0,"k":0,"ix":6},"o":{"a":0,"k":100,"ix":7},"sk":{"a":0,"k":0,"ix":4},"sa":{"a":0,"k":0,"ix":5},"nm":"Transform"}],"nm":"Group 1","np":2,"cix":2,"bm":0,"ix":1,"mn":"ADBE Vector Group","hd":false},{"ty":"gr","it":[{"ind":0,"ty":"sh","ix":1,"ks":{"a":0,"k":{"i":[[74.464,-58.435],[64.787,19.491],[0,0],[13.399,0],[0,0],[-84.762,67.719],[-38.264,2.104],[-12.778,-1.235],[0,-22.32],[0,0],[-13.399,0],[0,0],[-4.552,6.476]],"o":[[-59.406,32.377],[0,0],[0,-13.399],[0,0],[-36.18,-102.281],[33.604,-18.418],[12.827,-0.508],[11.403,0],[0,0],[0,13.398],[0,0],[7.916,0.015],[17.519,93.019]],"v":[[143.736,207.583],[-50.351,227.719],[-50.351,92.708],[-74.612,68.447],[-217.751,68.447],[-136.598,-215.527],[-27.424,-246.702],[11.028,-245.61],[-1.829,-222.684],[-1.829,-52.857],[22.432,-28.597],[216.518,-28.597],[236.412,-38.907]],"c":true},"ix":2},"nm":"Path 1","mn":"ADBE Vector Shape - Group","hd":false},{"ty":"fl","c":{"a":0,"k":[0.509803921569,0.737254901961,0.956862804936,1],"ix":4},"o":{"a":0,"k":100,"ix":5},"r":1,"bm":0,"nm":"Fill 1","mn":"ADBE Vector Graphic - Fill","hd":false},{"ty":"tr","p":{"a":0,"k":[295.193,253.502],"ix":2},"a":{"a":0,"k":[0,0],"ix":1},"s":{"a":0,"k":[100,100],"ix":3},"r":{"a":0,"k":0,"ix":6},"o":{"a":0,"k":100,"ix":7},"sk":{"a":0,"k":0,"ix":4},"sa":{"a":0,"k":0,"ix":5},"nm":"Transform"}],"nm":"Group 2","np":2,"cix":2,"bm":0,"ix":2,"mn":"ADBE Vector Group","hd":false},{"ty":"gr","it":[{"ind":0,"ty":"sh","ix":1,"ks":{"a":0,"k":{"i":[[172.01,27.779],[0,0],[13.399,0],[0,0],[-136.636,33.522],[-28.8,-2.874],[-3.761,-0.607],[0,0],[-13.398,0],[0,0]],"o":[[0,0],[0,-13.399],[0,0],[-33.522,-136.637],[28.109,-6.896],[3.76,0],[0,0],[0,13.398],[0,0],[43.67,179.773]],"v":[[-41.465,240.346],[-41.465,73.189],[-65.726,48.928],[-252.535,48.928],[-65.83,-259.172],[20.158,-265.25],[31.318,-263.916],[31.318,-96.637],[55.578,-72.377],[242.387,-72.377]],"c":true},"ix":2},"nm":"Path 1","mn":"ADBE Vector Shape - Group","hd":false},{"ty":"fl","c":{"a":0,"k":[0.435294147566,0.670588235294,0.901960844152,1],"ix":4},"o":{"a":0,"k":100,"ix":5},"r":1,"bm":0,"nm":"Fill 1","mn":"ADBE Vector Graphic - Fill","hd":false},{"ty":"tr","p":{"a":0,"k":[286.307,273.021],"ix":2},"a":{"a":0,"k":[0,0],"ix":1},"s":{"a":0,"k":[100,100],"ix":3},"r":{"a":0,"k":0,"ix":6},"o":{"a":0,"k":100,"ix":7},"sk":{"a":0,"k":0,"ix":4},"sa":{"a":0,"k":0,"ix":5},"nm":"Transform"}],"nm":"Group 3","np":2,"cix":2,"bm":0,"ix":3,"mn":"ADBE Vector Group","hd":false}],"ip":43.0000017514259,"op":193.000007861051,"st":43.0000017514259,"ct":1,"bm":0}],"markers":[]}