{"v":"4.8.0","meta":{"g":"LottieFiles AE 1.1.0","a":"","k":"","d":"","tc":""},"fr":29.9700012207031,"ip":0,"op":46.0000018736184,"w":300,"h":300,"nm":"11_movieset","ddd":0,"assets":[],"layers":[{"ddd":0,"ind":1,"ty":4,"nm":"Cam2 Front","parent":4,"sr":1,"ks":{"o":{"a":0,"k":100,"ix":11},"r":{"a":0,"k":0,"ix":10},"p":{"a":1,"k":[{"i":{"x":0.833,"y":0.833},"o":{"x":0.167,"y":0.167},"t":37,"s":[-43.951,-1.227,0],"to":[0,1.833,0],"ti":[0,-1.833,0]},{"t":42.0000017106951,"s":[-43.951,9.773,0]}],"ix":2},"a":{"a":0,"k":[0,0,0],"ix":1},"s":{"a":0,"k":[100,100,100],"ix":6}},"ao":0,"shapes":[{"ty":"gr","it":[{"ind":0,"ty":"sh","ix":1,"ks":{"a":0,"k":{"i":[[0,0],[0,0],[0,0],[0,0]],"o":[[0,0],[0,0],[0,0],[0,0]],"v":[[-8.687,-15.141],[8.687,-7.381],[8.687,8.368],[-8.687,15.141]],"c":true},"ix":2},"nm":"Path 1","mn":"ADBE Vector Shape - Group","hd":false},{"ty":"st","c":{"a":0,"k":[0.411764705882,0.411764705882,0.411764705882,1],"ix":3},"o":{"a":0,"k":100,"ix":4},"w":{"a":0,"k":4,"ix":5},"lc":2,"lj":2,"bm":0,"nm":"Stroke 1","mn":"ADBE Vector Graphic - Stroke","hd":false},{"ty":"tr","p":{"a":0,"k":[-1,0.125],"ix":2},"a":{"a":0,"k":[0,0],"ix":1},"s":{"a":0,"k":[100,100],"ix":3},"r":{"a":0,"k":0,"ix":6},"o":{"a":0,"k":100,"ix":7},"sk":{"a":0,"k":0,"ix":4},"sa":{"a":0,"k":0,"ix":5},"nm":"Transform"}],"nm":"Group 1","np":2,"cix":2,"bm":0,"ix":1,"mn":"ADBE Vector Group","hd":false}],"ip":30.0000012219251,"op":46.0000018736184,"st":-13.0000005295009,"bm":0},{"ddd":0,"ind":2,"ty":4,"nm":"Cam2 CircleB","parent":4,"sr":1,"ks":{"o":{"a":0,"k":100,"ix":11},"r":{"a":0,"k":0,"ix":10},"p":{"a":1,"k":[{"i":{"x":0.833,"y":0.833},"o":{"x":0.167,"y":0.167},"t":36,"s":[18.773,-39.975,0],"to":[0,1.333,0],"ti":[0,-1.333,0]},{"t":41.0000016699642,"s":[18.773,-31.975,0]}],"ix":2},"a":{"a":0,"k":[0,0,0],"ix":1},"s":{"a":0,"k":[100,100,100],"ix":6}},"ao":0,"shapes":[{"ty":"gr","it":[{"ind":0,"ty":"sh","ix":1,"ks":{"a":0,"k":{"i":[[0,-7.319],[7.319,0],[0,7.319],[-7.319,0]],"o":[[0,7.319],[-7.319,0],[0,-7.319],[7.319,0]],"v":[[13.252,0],[0,13.252],[-13.252,0],[0,-13.252]],"c":true},"ix":2},"nm":"Path 1","mn":"ADBE Vector Shape - Group","hd":false},{"ty":"st","c":{"a":0,"k":[0.411764705882,0.411764705882,0.411764705882,1],"ix":3},"o":{"a":0,"k":100,"ix":4},"w":{"a":0,"k":4,"ix":5},"lc":2,"lj":2,"bm":0,"nm":"Stroke 1","mn":"ADBE Vector Graphic - Stroke","hd":false},{"ty":"tr","p":{"a":0,"k":[-1,0.125],"ix":2},"a":{"a":0,"k":[0,0],"ix":1},"s":{"a":0,"k":[100,100],"ix":3},"r":{"a":0,"k":0,"ix":6},"o":{"a":0,"k":100,"ix":7},"sk":{"a":0,"k":0,"ix":4},"sa":{"a":0,"k":0,"ix":5},"nm":"Transform"}],"nm":"Group 1","np":2,"cix":2,"bm":0,"ix":1,"mn":"ADBE Vector Group","hd":false}],"ip":30.0000012219251,"op":46.0000018736184,"st":-13.0000005295009,"bm":0},{"ddd":0,"ind":3,"ty":4,"nm":"Cam2 CircleA","parent":4,"sr":1,"ks":{"o":{"a":0,"k":100,"ix":11},"r":{"a":0,"k":0,"ix":10},"p":{"a":1,"k":[{"i":{"x":0.833,"y":0.833},"o":{"x":0.167,"y":0.167},"t":34,"s":[-14.209,-39.975,0],"to":[0,1.333,0],"ti":[0,-1.333,0]},{"t":39.0000015885026,"s":[-14.209,-31.975,0]}],"ix":2},"a":{"a":0,"k":[0,0,0],"ix":1},"s":{"a":0,"k":[100,100,100],"ix":6}},"ao":0,"shapes":[{"ty":"gr","it":[{"ind":0,"ty":"sh","ix":1,"ks":{"a":0,"k":{"i":[[0,-7.319],[7.319,0],[0,7.319],[-7.319,0]],"o":[[0,7.319],[-7.319,0],[0,-7.319],[7.319,0]],"v":[[13.252,0],[0,13.252],[-13.252,0],[0,-13.252]],"c":true},"ix":2},"nm":"Path 1","mn":"ADBE Vector Shape - Group","hd":false},{"ty":"st","c":{"a":0,"k":[0.411764705882,0.411764705882,0.411764705882,1],"ix":3},"o":{"a":0,"k":100,"ix":4},"w":{"a":0,"k":4,"ix":5},"lc":2,"lj":2,"bm":0,"nm":"Stroke 1","mn":"ADBE Vector Graphic - Stroke","hd":false},{"ty":"tr","p":{"a":0,"k":[-1,0.125],"ix":2},"a":{"a":0,"k":[0,0],"ix":1},"s":{"a":0,"k":[100,100],"ix":3},"r":{"a":0,"k":0,"ix":6},"o":{"a":0,"k":100,"ix":7},"sk":{"a":0,"k":0,"ix":4},"sa":{"a":0,"k":0,"ix":5},"nm":"Transform"}],"nm":"Group 1","np":2,"cix":2,"bm":0,"ix":1,"mn":"ADBE Vector Group","hd":false}],"ip":30.0000012219251,"op":46.0000018736184,"st":-13.0000005295009,"bm":0},{"ddd":0,"ind":4,"ty":4,"nm":"Cam2","sr":1,"ks":{"o":{"a":0,"k":100,"ix":11},"r":{"a":1,"k":[{"i":{"x":[0.667],"y":[1]},"o":{"x":[0.745],"y":[0]},"t":30,"s":[0]},{"i":{"x":[0.667],"y":[1]},"o":{"x":[0.333],"y":[0]},"t":38,"s":[-25]},{"t":47.0000019143492,"s":[28]}],"ix":10},"p":{"a":1,"k":[{"i":{"x":0.667,"y":0.932},"o":{"x":0.745,"y":0},"t":30,"s":[158.765,184.325,0],"to":[-1,15.583,0],"ti":[-6.5,-7.833,0]},{"i":{"x":0.778,"y":1},"o":{"x":1,"y":0.125},"t":38,"s":[166.265,213.325,0],"to":[-12.812,-21.658,0],"ti":[0.32,-4.982,0]},{"t":47.0000019143492,"s":[162.015,164.325,0]}],"ix":2},"a":{"a":0,"k":[0,0,0],"ix":1},"s":{"a":0,"k":[100,100,100],"ix":6}},"ao":0,"shapes":[{"ty":"gr","it":[{"ind":0,"ty":"sh","ix":1,"ks":{"a":0,"k":{"i":[[0,0],[0,0],[0,0],[0,0]],"o":[[0,0],[0,0],[0,0],[0,0]],"v":[[29.816,18.331],[-29.816,18.331],[-29.816,-18.331],[29.816,-18.331]],"c":true},"ix":2},"nm":"Path 1","mn":"ADBE Vector Shape - Group","hd":false},{"ty":"st","c":{"a":0,"k":[0.411764705882,0.411764705882,0.411764705882,1],"ix":3},"o":{"a":0,"k":100,"ix":4},"w":{"a":0,"k":4,"ix":5},"lc":2,"lj":2,"bm":0,"nm":"Stroke 1","mn":"ADBE Vector Graphic - Stroke","hd":false},{"ty":"tr","p":{"a":0,"k":[-1,0.125],"ix":2,"x":"var $bm_rt;\nvar amp, freq, decay, n, n, t, t, v;\ntry {\n    amp = $bm_div(effect('Elastic Controller')(1), 200);\n    freq = $bm_div(effect('Elastic Controller')(2), 30);\n    decay = $bm_div(effect('Elastic Controller')(3), 10);\n    $bm_rt = n = 0;\n    if (numKeys > 0) {\n        $bm_rt = n = nearestKey(time).index;\n        if (key(n).time > time) {\n            n--;\n        }\n    }\n    if (n == 0) {\n        $bm_rt = t = 0;\n    } else {\n        $bm_rt = t = $bm_sub(time, key(n).time);\n    }\n    if (n > 0) {\n        v = velocityAtTime($bm_sub(key(n).time, $bm_div(thisComp.frameDuration, 10)));\n        $bm_rt = $bm_sum(value, $bm_div($bm_mul($bm_mul(v, amp), Math.sin($bm_mul($bm_mul($bm_mul(freq, t), 2), Math.PI))), Math.exp($bm_mul(decay, t))));\n    } else {\n        $bm_rt = value;\n    }\n} catch (e$$4) {\n    $bm_rt = value = value;\n}"},"a":{"a":0,"k":[0,0],"ix":1},"s":{"a":0,"k":[100,100],"ix":3},"r":{"a":0,"k":0,"ix":6},"o":{"a":0,"k":100,"ix":7},"sk":{"a":0,"k":0,"ix":4},"sa":{"a":0,"k":0,"ix":5},"nm":"Transform"}],"nm":"Group 1","np":2,"cix":2,"bm":0,"ix":1,"mn":"ADBE Vector Group","hd":false}],"ip":30.0000012219251,"op":46.0000018736184,"st":-13.0000005295009,"bm":0},{"ddd":0,"ind":5,"ty":4,"nm":"Cam1 Front","sr":1,"ks":{"o":{"a":0,"k":100,"ix":11},"r":{"a":0,"k":-19,"ix":10},"p":{"a":0,"k":[117.809,220.474,0],"ix":2},"a":{"a":0,"k":[0,0,0],"ix":1},"s":{"a":0,"k":[100,100,100],"ix":6}},"ao":0,"shapes":[{"ty":"gr","it":[{"ind":0,"ty":"sh","ix":1,"ks":{"a":1,"k":[{"i":{"x":0.833,"y":0.833},"o":{"x":0.167,"y":0.167},"t":13,"s":[{"i":[[0,0],[0,0],[0,0],[0,0]],"o":[[0,0],[0,0],[0,0],[0,0]],"v":[[-2.833,-24.954],[12.23,-13.327],[8.527,1.98],[-9.953,4.478]],"c":true}]},{"i":{"x":0.833,"y":0.833},"o":{"x":0.167,"y":0.167},"t":14,"s":[{"i":[[0,0],[0,0],[0,0],[0,0]],"o":[[0,0],[0,0],[0,0],[0,0]],"v":[[-5.642,-17.467],[10.724,-7.761],[8.913,7.883],[-9.125,12.613]],"c":true}]},{"i":{"x":0.833,"y":0.833},"o":{"x":0.167,"y":0.167},"t":15,"s":[{"i":[[0,0],[0,0],[0,0],[0,0]],"o":[[0,0],[0,0],[0,0],[0,0]],"v":[[-8.467,-9.593],[8.795,-1.586],[8.569,14.161],[-8.9,20.685]],"c":true}]},{"i":{"x":0.833,"y":0.833},"o":{"x":0.167,"y":0.167},"t":16,"s":[{"i":[[0,0],[0,0],[0,0],[0,0]],"o":[[0,0],[0,0],[0,0],[0,0]],"v":[[-8.323,-16.154],[8.938,-8.146],[8.713,7.601],[-8.756,14.124]],"c":true}]},{"i":{"x":0.833,"y":0.833},"o":{"x":0.167,"y":0.167},"t":17,"s":[{"i":[[0,0],[0,0],[0,0],[0,0]],"o":[[0,0],[0,0],[0,0],[0,0]],"v":[[-6.728,-24.625],[10.27,-16.073],[9.543,-0.341],[-8.125,5.624]],"c":true}]},{"i":{"x":0.833,"y":0.833},"o":{"x":0.167,"y":0.167},"t":18,"s":[{"i":[[0,0],[0,0],[0,0],[0,0]],"o":[[0,0],[0,0],[0,0],[0,0]],"v":[[-3.73,-34.633],[12.696,-25.027],[10.981,-9.372],[-7.028,-4.532]],"c":true}]},{"i":{"x":0.833,"y":0.833},"o":{"x":0.167,"y":0.167},"t":19,"s":[{"i":[[0,0],[0,0],[0,0],[0,0]],"o":[[0,0],[0,0],[0,0],[0,0]],"v":[[8.211,-60.229],[22.213,-47.343],[17.201,-32.414],[-1.425,-31.521]],"c":true}]},{"i":{"x":0.833,"y":0.833},"o":{"x":0.167,"y":0.167},"t":20,"s":[{"i":[[0,0],[0,0],[0,0],[0,0]],"o":[[0,0],[0,0],[0,0],[0,0]],"v":[[11.548,-66.077],[24.785,-52.407],[18.923,-37.791],[0.276,-37.972]],"c":true}]},{"i":{"x":0.833,"y":0.833},"o":{"x":0.167,"y":0.167},"t":21,"s":[{"i":[[0,0],[0,0],[0,0],[0,0]],"o":[[0,0],[0,0],[0,0],[0,0]],"v":[[13.417,-69.097],[26.089,-54.901],[19.638,-40.535],[1.014,-41.472]],"c":true}]},{"i":{"x":0.833,"y":0.833},"o":{"x":0.167,"y":0.167},"t":22,"s":[{"i":[[0,0],[0,0],[0,0],[0,0]],"o":[[0,0],[0,0],[0,0],[0,0]],"v":[[13.582,-69.767],[26.254,-55.572],[19.803,-41.205],[1.179,-42.143]],"c":true}]},{"i":{"x":0.833,"y":0.833},"o":{"x":0.167,"y":0.167},"t":23,"s":[{"i":[[0,0],[0,0],[0,0],[0,0]],"o":[[0,0],[0,0],[0,0],[0,0]],"v":[[12.974,-68.192],[25.645,-53.996],[19.194,-39.63],[0.57,-40.568]],"c":true}]},{"i":{"x":0.833,"y":0.833},"o":{"x":0.167,"y":0.167},"t":24,"s":[{"i":[[0,0],[0,0],[0,0],[0,0]],"o":[[0,0],[0,0],[0,0],[0,0]],"v":[[12.003,-65.948],[24.674,-51.753],[18.223,-37.386],[-0.401,-38.324]],"c":true}]},{"i":{"x":0.833,"y":0.833},"o":{"x":0.167,"y":0.167},"t":25,"s":[{"i":[[0,0],[0,0],[0,0],[0,0]],"o":[[0,0],[0,0],[0,0],[0,0]],"v":[[10.774,-63.626],[23.544,-49.519],[17.193,-35.108],[-1.437,-35.916]],"c":true}]},{"i":{"x":0.833,"y":0.833},"o":{"x":0.167,"y":0.167},"t":26,"s":[{"i":[[0,0],[0,0],[0,0],[0,0]],"o":[[0,0],[0,0],[0,0],[0,0]],"v":[[9.432,-60.684],[22.462,-46.817],[16.381,-32.29],[-2.261,-32.751]],"c":true}]},{"i":{"x":0.833,"y":0.833},"o":{"x":0.167,"y":0.167},"t":27,"s":[{"i":[[0,0],[0,0],[0,0],[0,0]],"o":[[0,0],[0,0],[0,0],[0,0]],"v":[[8.283,-58.127],[21.578,-44.514],[15.779,-29.873],[-2.869,-29.974]],"c":true}]},{"i":{"x":0.833,"y":0.833},"o":{"x":0.167,"y":0.167},"t":28,"s":[{"i":[[0,0],[0,0],[0,0],[0,0]],"o":[[0,0],[0,0],[0,0],[0,0]],"v":[[7.261,-56.177],[20.965,-42.975],[15.614,-28.164],[-3.028,-27.697]],"c":true}]},{"t":29.0000011811942,"s":[{"i":[[0,0],[0,0],[0,0],[0,0]],"o":[[0,0],[0,0],[0,0],[0,0]],"v":[[6.593,-54.622],[20.297,-41.421],[14.947,-26.609],[-3.695,-26.142]],"c":true}]}],"ix":2},"nm":"Path 1","mn":"ADBE Vector Shape - Group","hd":false},{"ty":"st","c":{"a":0,"k":[0.411764705882,0.411764705882,0.411764705882,1],"ix":3},"o":{"a":0,"k":100,"ix":4},"w":{"a":0,"k":4,"ix":5},"lc":2,"lj":2,"bm":0,"nm":"Stroke 1","mn":"ADBE Vector Graphic - Stroke","hd":false},{"ty":"tr","p":{"a":0,"k":[-1,0.125],"ix":2},"a":{"a":0,"k":[0,0],"ix":1},"s":{"a":0,"k":[100,100],"ix":3},"r":{"a":0,"k":0,"ix":6},"o":{"a":0,"k":100,"ix":7},"sk":{"a":0,"k":0,"ix":4},"sa":{"a":0,"k":0,"ix":5},"nm":"Transform"}],"nm":"Group 1","np":2,"cix":2,"bm":0,"ix":1,"mn":"ADBE Vector Group","hd":false}],"ip":13.0000005295009,"op":30.0000012219251,"st":-13.0000005295009,"bm":0},{"ddd":0,"ind":6,"ty":4,"nm":"Cam1 CircleB","sr":1,"ks":{"o":{"a":0,"k":100,"ix":11},"r":{"a":0,"k":5.748,"ix":10},"p":{"a":0,"k":[181.143,139.454,0],"ix":2},"a":{"a":0,"k":[0,0,0],"ix":1},"s":{"a":0,"k":[100,100,100],"ix":6}},"ao":0,"shapes":[{"ty":"gr","it":[{"ind":0,"ty":"sh","ix":1,"ks":{"a":1,"k":[{"i":{"x":0.833,"y":0.833},"o":{"x":0.167,"y":0.167},"t":13,"s":[{"i":[[0,-7.319],[7.319,0],[0,7.319],[-7.319,0]],"o":[[0,7.319],[-7.319,0],[0,-7.319],[7.319,0]],"v":[[5.782,8.164],[-7.47,21.416],[-20.721,8.164],[-7.47,-5.087]],"c":true}]},{"i":{"x":0.833,"y":0.833},"o":{"x":0.167,"y":0.167},"t":14,"s":[{"i":[[0,-7.319],[7.319,0],[0,7.319],[-7.319,0]],"o":[[0,7.319],[-7.319,0],[0,-7.319],[7.319,0]],"v":[[2.989,17.868],[-10.262,31.119],[-23.514,17.868],[-10.262,4.616]],"c":true}]},{"i":{"x":0.833,"y":0.833},"o":{"x":0.167,"y":0.167},"t":15,"s":[{"i":[[0,-7.319],[7.319,0],[0,7.319],[-7.319,0]],"o":[[0,7.319],[-7.319,0],[0,-7.319],[7.319,0]],"v":[[0.26,28.193],[-12.992,41.444],[-26.243,28.193],[-12.992,14.941]],"c":true}]},{"i":{"x":0.833,"y":0.833},"o":{"x":0.167,"y":0.167},"t":16,"s":[{"i":[[0,-7.319],[7.319,0],[0,7.319],[-7.319,0]],"o":[[0,7.319],[-7.319,0],[0,-7.319],[7.319,0]],"v":[[2.04,30.903],[-11.211,44.155],[-24.463,30.903],[-11.211,17.652]],"c":true}]},{"i":{"x":0.833,"y":0.833},"o":{"x":0.167,"y":0.167},"t":17,"s":[{"i":[[0,-7.319],[7.319,0],[0,7.319],[-7.319,0]],"o":[[0,7.319],[-7.319,0],[0,-7.319],[7.319,0]],"v":[[4.391,30.541],[-8.861,43.792],[-22.112,30.541],[-8.861,17.289]],"c":true}]},{"i":{"x":0.833,"y":0.833},"o":{"x":0.167,"y":0.167},"t":18,"s":[{"i":[[0,-7.319],[7.319,0],[0,7.319],[-7.319,0]],"o":[[0,7.319],[-7.319,0],[0,-7.319],[7.319,0]],"v":[[5.893,26.746],[-7.358,39.998],[-20.61,26.746],[-7.358,13.495]],"c":true}]},{"i":{"x":0.833,"y":0.833},"o":{"x":0.167,"y":0.167},"t":19,"s":[{"i":[[0,-7.319],[7.319,0],[0,7.319],[-7.319,0]],"o":[[0,7.319],[-7.319,0],[0,-7.319],[7.319,0]],"v":[[10.859,12.427],[-2.392,25.679],[-15.644,12.427],[-2.392,-0.824]],"c":true}]},{"i":{"x":0.833,"y":0.833},"o":{"x":0.167,"y":0.167},"t":20,"s":[{"i":[[0,-7.319],[7.319,0],[0,7.319],[-7.319,0]],"o":[[0,7.319],[-7.319,0],[0,-7.319],[7.319,0]],"v":[[12.211,7.14],[-1.04,20.392],[-14.292,7.14],[-1.04,-6.111]],"c":true}]},{"i":{"x":0.833,"y":0.833},"o":{"x":0.167,"y":0.167},"t":21,"s":[{"i":[[0,-7.319],[7.319,0],[0,7.319],[-7.319,0]],"o":[[0,7.319],[-7.319,0],[0,-7.319],[7.319,0]],"v":[[12.928,0.535],[-0.323,13.787],[-13.575,0.535],[-0.323,-12.717]],"c":true}]},{"i":{"x":0.833,"y":0.833},"o":{"x":0.167,"y":0.167},"t":22,"s":[{"i":[[0,-7.319],[7.319,0],[0,7.319],[-7.319,0]],"o":[[0,7.319],[-7.319,0],[0,-7.319],[7.319,0]],"v":[[13.114,-1.368],[-0.138,11.883],[-13.389,-1.368],[-0.138,-14.62]],"c":true}]},{"i":{"x":0.833,"y":0.833},"o":{"x":0.167,"y":0.167},"t":23,"s":[{"i":[[0,-7.319],[7.319,0],[0,7.319],[-7.319,0]],"o":[[0,7.319],[-7.319,0],[0,-7.319],[7.319,0]],"v":[[13.176,-2.002],[-0.076,11.249],[-13.327,-2.002],[-0.076,-15.254]],"c":true}]},{"i":{"x":0.833,"y":0.833},"o":{"x":0.167,"y":0.167},"t":24,"s":[{"i":[[0,-7.319],[7.319,0],[0,7.319],[-7.319,0]],"o":[[0,7.319],[-7.319,0],[0,-7.319],[7.319,0]],"v":[[12.878,-1.219],[-0.374,12.033],[-13.625,-1.219],[-0.374,-14.47]],"c":true}]},{"i":{"x":0.833,"y":0.833},"o":{"x":0.167,"y":0.167},"t":25,"s":[{"i":[[0,-7.319],[7.319,0],[0,7.319],[-7.319,0]],"o":[[0,7.319],[-7.319,0],[0,-7.319],[7.319,0]],"v":[[12.493,-0.049],[-0.759,13.202],[-14.01,-0.049],[-0.759,-13.301]],"c":true}]},{"i":{"x":0.833,"y":0.833},"o":{"x":0.167,"y":0.167},"t":26,"s":[{"i":[[0,-7.319],[7.319,0],[0,7.319],[-7.319,0]],"o":[[0,7.319],[-7.319,0],[0,-7.319],[7.319,0]],"v":[[12.009,1.381],[-1.243,14.633],[-14.494,1.381],[-1.243,-11.87]],"c":true}]},{"i":{"x":0.833,"y":0.833},"o":{"x":0.167,"y":0.167},"t":27,"s":[{"i":[[0,-7.319],[7.319,0],[0,7.319],[-7.319,0]],"o":[[0,7.319],[-7.319,0],[0,-7.319],[7.319,0]],"v":[[11.537,2.936],[-1.715,16.188],[-14.966,2.936],[-1.715,-10.315]],"c":true}]},{"i":{"x":0.833,"y":0.833},"o":{"x":0.167,"y":0.167},"t":28,"s":[{"i":[[0,-7.319],[7.319,0],[0,7.319],[-7.319,0]],"o":[[0,7.319],[-7.319,0],[0,-7.319],[7.319,0]],"v":[[11.04,4.243],[-2.211,17.494],[-15.463,4.243],[-2.211,-9.009]],"c":true}]},{"t":29.0000011811942,"s":[{"i":[[0,-7.319],[7.319,0],[0,7.319],[-7.319,0]],"o":[[0,7.319],[-7.319,0],[0,-7.319],[7.319,0]],"v":[[10.643,5.288],[-2.609,18.539],[-15.86,5.288],[-2.609,-7.964]],"c":true}]}],"ix":2},"nm":"Path 1","mn":"ADBE Vector Shape - Group","hd":false},{"ty":"st","c":{"a":0,"k":[0.411764705882,0.411764705882,0.411764705882,1],"ix":3},"o":{"a":0,"k":100,"ix":4},"w":{"a":0,"k":4,"ix":5},"lc":2,"lj":2,"bm":0,"nm":"Stroke 1","mn":"ADBE Vector Graphic - Stroke","hd":false},{"ty":"tr","p":{"a":0,"k":[-1,0.125],"ix":2},"a":{"a":0,"k":[0,0],"ix":1},"s":{"a":0,"k":[100,100],"ix":3},"r":{"a":0,"k":0,"ix":6},"o":{"a":0,"k":100,"ix":7},"sk":{"a":0,"k":0,"ix":4},"sa":{"a":0,"k":0,"ix":5},"nm":"Transform"}],"nm":"Group 1","np":2,"cix":2,"bm":0,"ix":1,"mn":"ADBE Vector Group","hd":false}],"ip":13.0000005295009,"op":30.0000012219251,"st":-13.0000005295009,"bm":0},{"ddd":0,"ind":7,"ty":4,"nm":"Cam1 CircleA","sr":1,"ks":{"o":{"a":0,"k":100,"ix":11},"r":{"a":0,"k":5.748,"ix":10},"p":{"a":0,"k":[148.328,136.151,0],"ix":2},"a":{"a":0,"k":[0,0,0],"ix":1},"s":{"a":0,"k":[100,100,100],"ix":6}},"ao":0,"shapes":[{"ty":"gr","it":[{"ind":0,"ty":"sh","ix":1,"ks":{"a":1,"k":[{"i":{"x":0.833,"y":0.833},"o":{"x":0.167,"y":0.167},"t":13,"s":[{"i":[[0,-7.319],[7.319,0],[0,7.319],[-7.319,0]],"o":[[0,7.319],[-7.319,0],[0,-7.319],[7.319,0]],"v":[[7.144,17.952],[-6.108,31.203],[-19.359,17.952],[-6.108,4.7]],"c":true}]},{"i":{"x":0.833,"y":0.833},"o":{"x":0.167,"y":0.167},"t":14,"s":[{"i":[[0,-7.319],[7.319,0],[0,7.319],[-7.319,0]],"o":[[0,7.319],[-7.319,0],[0,-7.319],[7.319,0]],"v":[[6.022,33.015],[-7.23,46.267],[-20.481,33.015],[-7.23,19.764]],"c":true}]},{"i":{"x":0.833,"y":0.833},"o":{"x":0.167,"y":0.167},"t":15,"s":[{"i":[[0,-7.319],[7.319,0],[0,7.319],[-7.319,0]],"o":[[0,7.319],[-7.319,0],[0,-7.319],[7.319,0]],"v":[[5.894,47.978],[-7.357,61.23],[-20.609,47.978],[-7.357,34.726]],"c":true}]},{"i":{"x":0.833,"y":0.833},"o":{"x":0.167,"y":0.167},"t":16,"s":[{"i":[[0,-7.319],[7.319,0],[0,7.319],[-7.319,0]],"o":[[0,7.319],[-7.319,0],[0,-7.319],[7.319,0]],"v":[[6.504,47.791],[-6.748,61.043],[-19.999,47.791],[-6.748,34.54]],"c":true}]},{"i":{"x":0.833,"y":0.833},"o":{"x":0.167,"y":0.167},"t":17,"s":[{"i":[[0,-7.319],[7.319,0],[0,7.319],[-7.319,0]],"o":[[0,7.319],[-7.319,0],[0,-7.319],[7.319,0]],"v":[[6.526,43.015],[-6.726,56.266],[-19.977,43.015],[-6.726,29.763]],"c":true}]},{"i":{"x":0.833,"y":0.833},"o":{"x":0.167,"y":0.167},"t":18,"s":[{"i":[[0,-7.319],[7.319,0],[0,7.319],[-7.319,0]],"o":[[0,7.319],[-7.319,0],[0,-7.319],[7.319,0]],"v":[[6.682,34.582],[-6.57,47.833],[-19.821,34.582],[-6.57,21.33]],"c":true}]},{"i":{"x":0.833,"y":0.833},"o":{"x":0.167,"y":0.167},"t":19,"s":[{"i":[[0,-7.319],[7.319,0],[0,7.319],[-7.319,0]],"o":[[0,7.319],[-7.319,0],[0,-7.319],[7.319,0]],"v":[[10.347,8.584],[-2.905,21.836],[-16.156,8.584],[-2.905,-4.667]],"c":true}]},{"i":{"x":0.833,"y":0.833},"o":{"x":0.167,"y":0.167},"t":20,"s":[{"i":[[0,-7.319],[7.319,0],[0,7.319],[-7.319,0]],"o":[[0,7.319],[-7.319,0],[0,-7.319],[7.319,0]],"v":[[11.984,2.389],[-1.267,15.64],[-14.519,2.389],[-1.267,-10.863]],"c":true}]},{"i":{"x":0.833,"y":0.833},"o":{"x":0.167,"y":0.167},"t":21,"s":[{"i":[[0,-7.319],[7.319,0],[0,7.319],[-7.319,0]],"o":[[0,7.319],[-7.319,0],[0,-7.319],[7.319,0]],"v":[[12.778,-0.957],[-0.473,12.294],[-13.725,-0.957],[-0.473,-14.209]],"c":true}]},{"i":{"x":0.833,"y":0.833},"o":{"x":0.167,"y":0.167},"t":22,"s":[{"i":[[0,-7.319],[7.319,0],[0,7.319],[-7.319,0]],"o":[[0,7.319],[-7.319,0],[0,-7.319],[7.319,0]],"v":[[13.3,-2.015],[0.048,11.237],[-13.203,-2.015],[0.048,-15.267]],"c":true}]},{"i":{"x":0.833,"y":0.833},"o":{"x":0.167,"y":0.167},"t":23,"s":[{"i":[[0,-7.319],[7.319,0],[0,7.319],[-7.319,0]],"o":[[0,7.319],[-7.319,0],[0,-7.319],[7.319,0]],"v":[[13.35,-1.518],[0.099,11.734],[-13.153,-1.518],[0.099,-14.769]],"c":true}]},{"i":{"x":0.833,"y":0.833},"o":{"x":0.167,"y":0.167},"t":24,"s":[{"i":[[0,-7.319],[7.319,0],[0,7.319],[-7.319,0]],"o":[[0,7.319],[-7.319,0],[0,-7.319],[7.319,0]],"v":[[12.878,0.038],[-0.373,13.289],[-13.625,0.038],[-0.373,-13.214]],"c":true}]},{"i":{"x":0.833,"y":0.833},"o":{"x":0.167,"y":0.167},"t":25,"s":[{"i":[[0,-7.319],[7.319,0],[0,7.319],[-7.319,0]],"o":[[0,7.319],[-7.319,0],[0,-7.319],[7.319,0]],"v":[[12.444,1.966],[-0.807,15.217],[-14.059,1.966],[-0.807,-11.286]],"c":true}]},{"i":{"x":0.833,"y":0.833},"o":{"x":0.167,"y":0.167},"t":26,"s":[{"i":[[0,-7.319],[7.319,0],[0,7.319],[-7.319,0]],"o":[[0,7.319],[-7.319,0],[0,-7.319],[7.319,0]],"v":[[11.873,3.782],[-1.378,17.034],[-14.63,3.782],[-1.378,-9.47]],"c":true}]},{"i":{"x":0.833,"y":0.833},"o":{"x":0.167,"y":0.167},"t":27,"s":[{"i":[[0,-7.319],[7.319,0],[0,7.319],[-7.319,0]],"o":[[0,7.319],[-7.319,0],[0,-7.319],[7.319,0]],"v":[[11.676,5.561],[-1.576,18.812],[-14.828,5.561],[-1.576,-7.691]],"c":true}]},{"i":{"x":0.833,"y":0.833},"o":{"x":0.167,"y":0.167},"t":28,"s":[{"i":[[0,-7.319],[7.319,0],[0,7.319],[-7.319,0]],"o":[[0,7.319],[-7.319,0],[0,-7.319],[7.319,0]],"v":[[11.191,6.991],[-2.06,20.243],[-15.312,6.991],[-2.06,-6.26]],"c":true}]},{"t":29.0000011811942,"s":[{"i":[[0,-7.319],[7.319,0],[0,7.319],[-7.319,0]],"o":[[0,7.319],[-7.319,0],[0,-7.319],[7.319,0]],"v":[[10.67,8.049],[-2.582,21.301],[-15.833,8.049],[-2.582,-5.203]],"c":true}]}],"ix":2},"nm":"Path 1","mn":"ADBE Vector Shape - Group","hd":false},{"ty":"st","c":{"a":0,"k":[0.411764705882,0.411764705882,0.411764705882,1],"ix":3},"o":{"a":0,"k":100,"ix":4},"w":{"a":0,"k":4,"ix":5},"lc":2,"lj":2,"bm":0,"nm":"Stroke 1","mn":"ADBE Vector Graphic - Stroke","hd":false},{"ty":"tr","p":{"a":0,"k":[-1,0.125],"ix":2},"a":{"a":0,"k":[0,0],"ix":1},"s":{"a":0,"k":[100,100],"ix":3},"r":{"a":0,"k":0,"ix":6},"o":{"a":0,"k":100,"ix":7},"sk":{"a":0,"k":0,"ix":4},"sa":{"a":0,"k":0,"ix":5},"nm":"Transform"}],"nm":"Group 1","np":2,"cix":2,"bm":0,"ix":1,"mn":"ADBE Vector Group","hd":false}],"ip":13.0000005295009,"op":30.0000012219251,"st":-13.0000005295009,"bm":0},{"ddd":0,"ind":8,"ty":4,"nm":"Cam1","sr":1,"ks":{"o":{"a":0,"k":100,"ix":11},"r":{"a":0,"k":0,"ix":10},"p":{"a":0,"k":[158.765,184.325,0],"ix":2},"a":{"a":0,"k":[0,0,0],"ix":1},"s":{"a":0,"k":[100,100,100],"ix":6}},"ao":0,"shapes":[{"ty":"gr","it":[{"ind":0,"ty":"sh","ix":1,"ks":{"a":1,"k":[{"i":{"x":0.833,"y":0.833},"o":{"x":0.167,"y":0.167},"t":13,"s":[{"i":[[0,0],[0,0],[0,0],[0,0]],"o":[[0,0],[0,0],[0,0],[0,0]],"v":[[31.982,23.034],[-27.307,29.418],[-31.232,-7.034],[28.057,-13.418]],"c":true}]},{"i":{"x":0.833,"y":0.833},"o":{"x":0.167,"y":0.167},"t":14,"s":[{"i":[[0,0],[0,0],[0,0],[0,0]],"o":[[0,0],[0,0],[0,0],[0,0]],"v":[[33.604,26.75],[-24.338,40.452],[-32.463,4.442],[25.479,-9.261]],"c":true}]},{"i":{"x":0.833,"y":0.833},"o":{"x":0.167,"y":0.167},"t":15,"s":[{"i":[[0,0],[0,0],[0,0],[0,0]],"o":[[0,0],[0,0],[0,0],[0,0]],"v":[[35.181,30.992],[-21.217,50.352],[-33.024,15.891],[23.375,-3.469]],"c":true}]},{"i":{"x":0.833,"y":0.833},"o":{"x":0.167,"y":0.167},"t":16,"s":[{"i":[[0,0],[0,0],[0,0],[0,0]],"o":[[0,0],[0,0],[0,0],[0,0]],"v":[[34.932,30.362],[-20.959,49.389],[-32.657,15.026],[23.234,-4.001]],"c":true}]},{"i":{"x":0.833,"y":0.833},"o":{"x":0.167,"y":0.167},"t":17,"s":[{"i":[[0,0],[0,0],[0,0],[0,0]],"o":[[0,0],[0,0],[0,0],[0,0]],"v":[[34.448,29.29],[-22.672,45.678],[-32.748,10.56],[24.372,-5.828]],"c":true}]},{"i":{"x":0.833,"y":0.833},"o":{"x":0.167,"y":0.167},"t":18,"s":[{"i":[[0,0],[0,0],[0,0],[0,0]],"o":[[0,0],[0,0],[0,0],[0,0]],"v":[[33.717,27.13],[-24.621,39.486],[-32.217,3.62],[26.121,-8.736]],"c":true}]},{"i":{"x":0.833,"y":0.833},"o":{"x":0.167,"y":0.167},"t":19,"s":[{"i":[[0,0],[0,0],[0,0],[0,0]],"o":[[0,0],[0,0],[0,0],[0,0]],"v":[[29.816,18.331],[-29.816,18.331],[-29.816,-18.331],[29.816,-18.331]],"c":true}]},{"i":{"x":0.833,"y":0.833},"o":{"x":0.167,"y":0.167},"t":20,"s":[{"i":[[0,0],[0,0],[0,0],[0,0]],"o":[[0,0],[0,0],[0,0],[0,0]],"v":[[28.704,15.91],[-30.849,12.828],[-28.954,-23.785],[30.599,-20.703]],"c":true}]},{"i":{"x":0.833,"y":0.833},"o":{"x":0.167,"y":0.167},"t":21,"s":[{"i":[[0,0],[0,0],[0,0],[0,0]],"o":[[0,0],[0,0],[0,0],[0,0]],"v":[[27.667,14.632],[-31.722,9.256],[-28.417,-27.257],[30.972,-21.881]],"c":true}]},{"i":{"x":0.833,"y":0.833},"o":{"x":0.167,"y":0.167},"t":22,"s":[{"i":[[0,0],[0,0],[0,0],[0,0]],"o":[[0,0],[0,0],[0,0],[0,0]],"v":[[27.667,13.82],[-31.722,8.444],[-28.417,-28.07],[30.972,-22.694]],"c":true}]},{"i":{"x":0.833,"y":0.833},"o":{"x":0.167,"y":0.167},"t":23,"s":[{"i":[[0,0],[0,0],[0,0],[0,0]],"o":[[0,0],[0,0],[0,0],[0,0]],"v":[[27.667,13.82],[-31.722,8.444],[-28.417,-28.07],[30.972,-22.694]],"c":true}]},{"i":{"x":0.833,"y":0.833},"o":{"x":0.167,"y":0.167},"t":24,"s":[{"i":[[0,0],[0,0],[0,0],[0,0]],"o":[[0,0],[0,0],[0,0],[0,0]],"v":[[27.729,14.57],[-31.66,9.194],[-28.354,-27.32],[31.035,-21.944]],"c":true}]},{"i":{"x":0.833,"y":0.833},"o":{"x":0.167,"y":0.167},"t":25,"s":[{"i":[[0,0],[0,0],[0,0],[0,0]],"o":[[0,0],[0,0],[0,0],[0,0]],"v":[[28.31,15.071],[-31.184,11.006],[-28.685,-25.571],[30.809,-21.506]],"c":true}]},{"i":{"x":0.833,"y":0.833},"o":{"x":0.167,"y":0.167},"t":26,"s":[{"i":[[0,0],[0,0],[0,0],[0,0]],"o":[[0,0],[0,0],[0,0],[0,0]],"v":[[28.31,16.258],[-31.184,12.194],[-28.685,-24.383],[30.809,-20.319]],"c":true}]},{"i":{"x":0.833,"y":0.833},"o":{"x":0.167,"y":0.167},"t":27,"s":[{"i":[[0,0],[0,0],[0,0],[0,0]],"o":[[0,0],[0,0],[0,0],[0,0]],"v":[[28.946,16.803],[-30.639,14.456],[-29.196,-22.178],[30.389,-19.831]],"c":true}]},{"i":{"x":0.833,"y":0.833},"o":{"x":0.167,"y":0.167},"t":28,"s":[{"i":[[0,0],[0,0],[0,0],[0,0]],"o":[[0,0],[0,0],[0,0],[0,0]],"v":[[29.206,17.341],[-30.414,16.19],[-29.706,-20.466],[29.914,-19.315]],"c":true}]},{"t":29.0000011811942,"s":[{"i":[[0,0],[0,0],[0,0],[0,0]],"o":[[0,0],[0,0],[0,0],[0,0]],"v":[[29.519,18.341],[-30.102,17.19],[-29.394,-19.466],[30.227,-18.315]],"c":true}]}],"ix":2},"nm":"Path 1","mn":"ADBE Vector Shape - Group","hd":false},{"ty":"st","c":{"a":0,"k":[0.411764705882,0.411764705882,0.411764705882,1],"ix":3},"o":{"a":0,"k":100,"ix":4},"w":{"a":0,"k":4,"ix":5},"lc":2,"lj":2,"bm":0,"nm":"Stroke 1","mn":"ADBE Vector Graphic - Stroke","hd":false},{"ty":"tr","p":{"a":0,"k":[-1,0.125],"ix":2,"x":"var $bm_rt;\nvar amp, freq, decay, n, n, t, t, v;\ntry {\n    amp = $bm_div(effect('Elastic Controller')(1), 200);\n    freq = $bm_div(effect('Elastic Controller')(2), 30);\n    decay = $bm_div(effect('Elastic Controller')(3), 10);\n    $bm_rt = n = 0;\n    if (numKeys > 0) {\n        $bm_rt = n = nearestKey(time).index;\n        if (key(n).time > time) {\n            n--;\n        }\n    }\n    if (n == 0) {\n        $bm_rt = t = 0;\n    } else {\n        $bm_rt = t = $bm_sub(time, key(n).time);\n    }\n    if (n > 0) {\n        v = velocityAtTime($bm_sub(key(n).time, $bm_div(thisComp.frameDuration, 10)));\n        $bm_rt = $bm_sum(value, $bm_div($bm_mul($bm_mul(v, amp), Math.sin($bm_mul($bm_mul($bm_mul(freq, t), 2), Math.PI))), Math.exp($bm_mul(decay, t))));\n    } else {\n        $bm_rt = value;\n    }\n} catch (e$$4) {\n    $bm_rt = value = value;\n}"},"a":{"a":0,"k":[0,0],"ix":1},"s":{"a":0,"k":[100,100],"ix":3},"r":{"a":0,"k":0,"ix":6},"o":{"a":0,"k":100,"ix":7},"sk":{"a":0,"k":0,"ix":4},"sa":{"a":0,"k":0,"ix":5},"nm":"Transform"}],"nm":"Group 1","np":2,"cix":2,"bm":0,"ix":1,"mn":"ADBE Vector Group","hd":false}],"ip":13.0000005295009,"op":30.0000012219251,"st":-13.0000005295009,"bm":0},{"ddd":0,"ind":9,"ty":4,"nm":"Clapperboard2","sr":1,"ks":{"o":{"a":0,"k":100,"ix":11},"r":{"a":1,"k":[{"i":{"x":[0.573],"y":[1]},"o":{"x":[0.815],"y":[0]},"t":-8,"s":[0]},{"i":{"x":[0.858],"y":[1]},"o":{"x":[0.622],"y":[0]},"t":6,"s":[38]},{"t":14.0000005702317,"s":[0]}],"ix":10},"p":{"a":1,"k":[{"i":{"x":0.75,"y":0.907},"o":{"x":0.94,"y":0},"t":-11,"s":[150.046,178.743,0],"to":[0.266,5.01,0],"ti":[3.805,-3.271,0]},{"i":{"x":0.942,"y":1},"o":{"x":1,"y":0.204},"t":4,"s":[156.046,149.243,0],"to":[-9.5,8.167,0],"ti":[-0.5,-9.417,0]},{"t":12.00000048877,"s":[150.046,178.743,0]}],"ix":2},"a":{"a":0,"k":[834.546,674.493,0],"ix":1},"s":{"a":0,"k":[100,100,100],"ix":6}},"ao":0,"shapes":[{"ty":"gr","it":[{"ind":0,"ty":"sh","ix":1,"ks":{"a":0,"k":{"i":[[0,0],[0,0]],"o":[[0,0],[0,0]],"v":[[-37.767,0],[37.767,0]],"c":false},"ix":2},"nm":"Path 1","mn":"ADBE Vector Shape - Group","hd":false},{"ty":"st","c":{"a":0,"k":[0.411764705882,0.411764705882,0.411764705882,1],"ix":3},"o":{"a":0,"k":100,"ix":4},"w":{"a":0,"k":4,"ix":5},"lc":2,"lj":2,"bm":0,"nm":"Stroke 1","mn":"ADBE Vector Graphic - Stroke","hd":false},{"ty":"tr","p":{"a":0,"k":[834.546,664.039],"ix":2},"a":{"a":0,"k":[0,0],"ix":1},"s":{"a":0,"k":[100,100],"ix":3},"r":{"a":0,"k":0,"ix":6},"o":{"a":0,"k":100,"ix":7},"sk":{"a":0,"k":0,"ix":4},"sa":{"a":0,"k":0,"ix":5},"nm":"Transform"}],"nm":"Group 1","np":2,"cix":2,"bm":0,"ix":1,"mn":"ADBE Vector Group","hd":false},{"ty":"gr","it":[{"ind":0,"ty":"sh","ix":1,"ks":{"a":0,"k":{"i":[[0,0],[0,0],[0,0],[0,0]],"o":[[0,0],[0,0],[0,0],[0,0]],"v":[[-37.767,-24.294],[37.767,-24.294],[37.767,24.294],[-37.767,24.294]],"c":true},"ix":2},"nm":"Path 1","mn":"ADBE Vector Shape - Group","hd":false},{"ty":"st","c":{"a":0,"k":[0.411764705882,0.411764705882,0.411764705882,1],"ix":3},"o":{"a":0,"k":100,"ix":4},"w":{"a":0,"k":4,"ix":5},"lc":2,"lj":2,"bm":0,"nm":"Stroke 1","mn":"ADBE Vector Graphic - Stroke","hd":false},{"ty":"tr","p":{"a":0,"k":[834.546,674.493],"ix":2},"a":{"a":0,"k":[0,0],"ix":1},"s":{"a":0,"k":[100,100],"ix":3},"r":{"a":0,"k":0,"ix":6},"o":{"a":0,"k":100,"ix":7},"sk":{"a":0,"k":0,"ix":4},"sa":{"a":0,"k":0,"ix":5},"nm":"Transform"}],"nm":"Group 2","np":2,"cix":2,"bm":0,"ix":2,"mn":"ADBE Vector Group","hd":false}],"ip":0,"op":13.0000005295009,"st":-11.0000004480392,"bm":0},{"ddd":0,"ind":10,"ty":4,"nm":"Clapperboard1","parent":9,"sr":1,"ks":{"o":{"a":0,"k":100,"ix":11},"r":{"a":1,"k":[{"i":{"x":[0.667],"y":[1]},"o":{"x":[0.167],"y":[0]},"t":-11,"s":[-23]},{"i":{"x":[0.667],"y":[1]},"o":{"x":[0.866],"y":[0]},"t":-1,"s":[-23]},{"i":{"x":[0.913],"y":[0.892]},"o":{"x":[0.978],"y":[0]},"t":6,"s":[18]},{"i":{"x":[0.833],"y":[0.833]},"o":{"x":[0.167],"y":[0.167]},"t":12,"s":[0]},{"t":14.0000005702317,"s":[-23]}],"ix":10},"p":{"a":0,"k":[871.637,649.341,0],"ix":2},"a":{"a":0,"k":[32.045,20.376,0],"ix":1},"s":{"a":0,"k":[100,100,100],"ix":6}},"ao":0,"shapes":[{"ty":"gr","it":[{"ind":0,"ty":"sh","ix":1,"ks":{"a":0,"k":{"i":[[0,0],[0,0],[0,0],[0,0]],"o":[[0,0],[0,0],[0,0],[0,0]],"v":[[-32.423,-20.376],[37.295,8.689],[32.423,20.376],[-37.295,-8.689]],"c":true},"ix":2},"nm":"Path 1","mn":"ADBE Vector Shape - Group","hd":false},{"ty":"st","c":{"a":0,"k":[0.411764705882,0.411764705882,0.411764705882,1],"ix":3},"o":{"a":0,"k":100,"ix":4},"w":{"a":0,"k":4,"ix":5},"lc":2,"lj":2,"bm":0,"nm":"Stroke 1","mn":"ADBE Vector Graphic - Stroke","hd":false},{"ty":"tr","p":{"a":0,"k":[0,0],"ix":2},"a":{"a":0,"k":[0,0],"ix":1},"s":{"a":0,"k":[100,100],"ix":3},"r":{"a":0,"k":0,"ix":6},"o":{"a":0,"k":100,"ix":7},"sk":{"a":0,"k":0,"ix":4},"sa":{"a":0,"k":0,"ix":5},"nm":"Transform"}],"nm":"Group 1","np":2,"cix":2,"bm":0,"ix":1,"mn":"ADBE Vector Group","hd":false}],"ip":0,"op":13.0000005295009,"st":-11.0000004480392,"bm":0}],"markers":[]}