{"v":"5.7.4","fr":60,"ip":0,"op":180,"w":1080,"h":1080,"nm":"Advertising ","ddd":0,"assets":[],"layers":[{"ddd":0,"ind":1,"ty":4,"nm":"Speaker","sr":1,"ks":{"o":{"a":0,"k":100,"ix":11},"r":{"a":1,"k":[{"i":{"x":[0.667],"y":[1]},"o":{"x":[0.333],"y":[0]},"t":0,"s":[-8]},{"i":{"x":[0.667],"y":[1]},"o":{"x":[0.333],"y":[0]},"t":60,"s":[10]},{"i":{"x":[0.667],"y":[1]},"o":{"x":[0.333],"y":[0]},"t":90,"s":[10]},{"t":150,"s":[-8]}],"ix":10},"p":{"a":0,"k":[135.461,705.056,0],"ix":2,"l":2},"a":{"a":0,"k":[14.076,493.875,0],"ix":1,"l":2},"s":{"a":0,"k":[100,100,100],"ix":6,"l":2}},"ao":0,"shapes":[{"ty":"gr","it":[{"ind":0,"ty":"sh","ix":1,"ks":{"a":0,"k":{"i":[[-0.183,-0.353],[0,0],[1.573,-0.815],[0.815,1.573],[0.004,0.008],[0,0],[-0.359,0.18]],"o":[[0,0],[0.815,1.573],[-1.573,0.814],[-0.004,-0.009],[0,0],[-0.18,-0.36],[0.357,-0.178]],"v":[[-79.583,-156.592],[80.247,151.949],[78.874,156.273],[74.55,154.899],[74.53,154.859],[-80.882,-155.93],[-80.557,-156.908]],"c":true},"ix":2},"nm":"Path 1","mn":"ADBE Vector Shape - Group","hd":false},{"ty":"mm","mm":4,"nm":"Merge Paths 1","mn":"ADBE Vector Filter - Merge","hd":false},{"ty":"fl","c":{"a":0,"k":[0,0.086000001197,0.219999994016,1],"ix":4},"o":{"a":0,"k":100,"ix":5},"r":1,"bm":0,"nm":"Fill 1","mn":"ADBE Vector Graphic - Fill","hd":false},{"ty":"tr","p":{"a":0,"k":[520.076,237.521],"ix":2},"a":{"a":0,"k":[0,0],"ix":1},"s":{"a":0,"k":[100,100],"ix":3},"r":{"a":0,"k":0,"ix":6},"o":{"a":0,"k":100,"ix":7},"sk":{"a":0,"k":0,"ix":4},"sa":{"a":0,"k":0,"ix":5},"nm":"Transform"}],"nm":"Group 1","np":3,"cix":2,"bm":0,"ix":1,"mn":"ADBE Vector Group","hd":false},{"ty":"gr","it":[{"ind":0,"ty":"sh","ix":1,"ks":{"a":0,"k":{"i":[[0,0],[0.166,2.969],[1.796,2.194],[0.505,0.492],[0.771,0.544],[0,0],[2.7,2.22],[0,0],[5.679,-2.585],[0,0],[0,0],[-6.291,-5.08],[-3.206,-2.463],[-3.252,-2.404],[0,0]],"o":[[1.72,-2.507],[-0.111,-2.968],[-0.432,-0.567],[-0.554,-0.433],[0,0],[-2.776,-2.123],[0,0],[-5.597,2.744],[0,0],[0,0],[6.141,5.269],[3.117,2.575],[3.157,2.524],[0,0],[0,0]],"v":[[20.978,9.082],[23.501,0.604],[20.436,-7.379],[18.971,-8.918],[17.13,-10.331],[12.982,-13.535],[4.777,-20.06],[8.113,-19.734],[-8.799,-11.736],[-25.817,-3.947],[-25.523,-6.955],[-6.933,8.641],[2.563,16.183],[12.3,23.417],[10.512,23.63]],"c":true},"ix":2},"nm":"Path 1","mn":"ADBE Vector Shape - Group","hd":false},{"ind":1,"ty":"sh","ix":2,"ks":{"a":0,"k":{"i":[[2.505,-3.041],[0,0],[0,0],[0.517,0.43],[3.201,2.47],[3.24,2.419],[6.573,4.719],[-0.561,0.782],[-0.212,0.119],[0,0],[0,0],[-5.513,2.911],[-0.911,-0.68],[0,0],[-2.722,-2.192],[0,0],[-0.761,-0.718],[-0.578,-0.865],[0.22,-4.018]],"o":[[0,0],[0,0],[-0.441,0.512],[-3.105,-2.591],[-3.151,-2.532],[-6.424,-4.908],[-0.782,-0.561],[0.152,-0.211],[0,0],[0,0],[5.431,-3.071],[1.072,-0.566],[0,0],[2.798,2.095],[0,0],[0.627,0.507],[0.704,0.768],[2.435,3.375],[-0.147,4.044]],"v":[[24.224,11.626],[12.514,25.209],[12.453,25.28],[10.725,25.423],[1.39,17.675],[-8.185,10.234],[-27.738,-4.135],[-28.138,-6.566],[-27.584,-7.064],[-27.444,-7.144],[-11.132,-16.32],[5.287,-25.287],[8.527,-25.034],[8.624,-24.961],[16.912,-18.542],[21.01,-15.274],[23.19,-13.326],[25.174,-10.927],[28.479,0.658]],"c":true},"ix":2},"nm":"Path 2","mn":"ADBE Vector Shape - Group","hd":false},{"ty":"mm","mm":1,"nm":"Merge Paths 1","mn":"ADBE Vector Filter - Merge","hd":false},{"ty":"mm","mm":4,"nm":"Merge Paths 2","mn":"ADBE Vector Filter - Merge","hd":false},{"ty":"fl","c":{"a":0,"k":[0,0.086000001197,0.219999994016,1],"ix":4},"o":{"a":0,"k":100,"ix":5},"r":1,"bm":0,"nm":"Fill 1","mn":"ADBE Vector Graphic - Fill","hd":false},{"ty":"tr","p":{"a":0,"k":[253.139,510.782],"ix":2},"a":{"a":0,"k":[0,0],"ix":1},"s":{"a":0,"k":[100,100],"ix":3},"r":{"a":0,"k":0,"ix":6},"o":{"a":0,"k":100,"ix":7},"sk":{"a":0,"k":0,"ix":4},"sa":{"a":0,"k":0,"ix":5},"nm":"Transform"}],"nm":"Group 2","np":5,"cix":2,"bm":0,"ix":2,"mn":"ADBE Vector Group","hd":false},{"ty":"gr","it":[{"ind":0,"ty":"sh","ix":1,"ks":{"a":0,"k":{"i":[[-0.107,-0.377],[3.694,-6.145],[7.064,-1.601],[6.146,4.004],[5.533,4.167],[0,0],[-1.073,1.41],[-1.409,-1.073],[-0.022,-0.017],[0,0],[-5.225,-4.048],[-6.379,1.309],[-3.494,5.62],[1.617,6.495],[-0.391,0.097]],"o":[[1.917,6.803],[-3.587,6.186],[-7.04,1.667],[-5.767,-4.186],[0,0],[-1.409,-1.073],[1.073,-1.409],[0.022,0.017],[0,0],[5.313,4.262],[5.278,3.674],[6.397,-1.25],[3.574,-5.557],[-0.097,-0.391],[0.383,-0.096]],"v":[[61.22,2.302],[58.513,22.872],[41.602,35.289],[20.682,31.655],[4.134,19.158],[-61.455,-30.778],[-62.064,-35.274],[-57.569,-35.883],[-57.492,-35.823],[6.565,16.062],[22.523,28.896],[41.026,32.654],[56.741,21.787],[59.81,2.672],[60.341,1.789]],"c":true},"ix":2},"nm":"Path 1","mn":"ADBE Vector Shape - Group","hd":false},{"ty":"mm","mm":4,"nm":"Merge Paths 1","mn":"ADBE Vector Filter - Merge","hd":false},{"ty":"fl","c":{"a":0,"k":[0,0.086000001197,0.219999994016,1],"ix":4},"o":{"a":0,"k":100,"ix":5},"r":1,"bm":0,"nm":"Fill 1","mn":"ADBE Vector Graphic - Fill","hd":false},{"ty":"tr","p":{"a":0,"k":[233.498,590.446],"ix":2},"a":{"a":0,"k":[0,0],"ix":1},"s":{"a":0,"k":[100,100],"ix":3},"r":{"a":0,"k":0,"ix":6},"o":{"a":0,"k":100,"ix":7},"sk":{"a":0,"k":0,"ix":4},"sa":{"a":0,"k":0,"ix":5},"nm":"Transform"}],"nm":"Group 3","np":3,"cix":2,"bm":0,"ix":3,"mn":"ADBE Vector Group","hd":false},{"ty":"gr","it":[{"ind":0,"ty":"sh","ix":1,"ks":{"a":0,"k":{"i":[[-5.209,6.627],[2.863,12.875],[3.96,5.189],[1.183,1.136],[0,0],[0,0],[2.679,2.121],[0,0],[0,0],[0,0],[23.673,-11.733],[0,0],[0.488,0.983],[0,0],[0,0],[0,0],[0,0],[0,0],[-13.815,-10.967],[-13.932,-10.818],[0,0],[-3.856,-1.956],[-4.25,-0.657],[-4.248,0.472],[-2.1,0.342],[-1.95,0.868]],"o":[[8.16,-10.606],[-1.367,-6.45],[-0.992,-1.303],[0,0],[0,0],[-2.396,-2.12],[0,0],[0,0],[0,0],[-23.596,11.884],[0,0],[-0.983,0.487],[0,0],[0,0],[0,0],[0,0],[0,0],[13.714,11.096],[13.819,10.962],[0,0],[3.503,2.751],[3.888,1.802],[4.208,0.751],[2.138,-0.085],[2.038,-0.623],[7.999,-2.958]],"v":[[79.316,52.279],[87.611,14.675],[79.351,-3.017],[76.168,-6.741],[74.474,-8.51],[72.604,-10.096],[64.504,-16.459],[31.599,-42.204],[-1.084,-68.231],[2.016,-67.928],[-69.019,-32.762],[-69.061,-32.741],[-71.723,-33.639],[-71.725,-33.642],[-71.738,-33.67],[-69.034,-32.79],[-92.882,-21.025],[-92.607,-23.84],[-51.304,9.241],[-9.831,42.107],[11.053,58.352],[21.861,65.547],[34.034,69.598],[46.803,70.172],[53.121,69.203],[59.204,67.281]],"c":true},"ix":2},"nm":"Path 1","mn":"ADBE Vector Shape - Group","hd":false},{"ind":1,"ty":"sh","ix":2,"ks":{"a":0,"k":{"i":[[9.191,-11.297],[8.668,-2.952],[2.195,-0.598],[2.282,-0.038],[4.431,0.914],[4.047,1.976],[3.37,2.766],[0,0],[13.925,10.826],[14.03,10.692],[-0.556,0.73],[-0.206,0.109],[0,0],[0,0],[-0.51,-0.972],[0,0],[0,0],[0,0],[-23.494,12.084],[-0.856,-0.66],[0,0],[0,0],[0,0],[-2.787,-2.537],[0,0],[0,0],[-1.088,-1.493],[-1.343,-7.222]],"o":[[-5.852,7.072],[-2.118,0.868],[-2.257,0.316],[-4.538,0.378],[-4.474,-0.824],[-3.984,-2.115],[0,0],[-13.812,-10.971],[-13.929,-10.822],[-0.73,-0.557],[0.151,-0.197],[0,0],[0,0],[0.971,-0.51],[0,0],[0,0],[0,0],[23.417,-12.236],[1.025,-0.527],[0,0],[0,0],[0,0],[2.732,2.259],[0,0],[0,0],[1.302,1.317],[4.337,5.964],[2.818,14.427]],"v":[[82.559,54.827],[60.387,70.494],[53.815,72.377],[47.044,73.236],[33.502,72.269],[20.763,67.686],[9.739,60.024],[-10.993,43.586],[-52.752,11.085],[-94.68,-21.2],[-94.995,-23.531],[-94.452,-23.992],[-94.405,-24.016],[-70.859,-36.375],[-68.177,-35.539],[-68.154,-35.495],[-68.139,-35.467],[-70.844,-36.347],[-0.61,-73.087],[2.464,-72.806],[2.491,-72.784],[35.526,-47.204],[68.338,-21.343],[76.522,-14.627],[78.591,-12.785],[80.472,-10.748],[83.979,-6.466],[92.733,13.615]],"c":true},"ix":2},"nm":"Path 2","mn":"ADBE Vector Shape - Group","hd":false},{"ty":"mm","mm":1,"nm":"Merge Paths 1","mn":"ADBE Vector Filter - Merge","hd":false},{"ty":"mm","mm":4,"nm":"Merge Paths 2","mn":"ADBE Vector Filter - Merge","hd":false},{"ty":"fl","c":{"a":0,"k":[0,0.086000001197,0.219999994016,1],"ix":4},"o":{"a":0,"k":100,"ix":5},"r":1,"bm":0,"nm":"Fill 1","mn":"ADBE Vector Graphic - Fill","hd":false},{"ty":"tr","p":{"a":0,"k":[226.119,575.584],"ix":2},"a":{"a":0,"k":[0,0],"ix":1},"s":{"a":0,"k":[100,100],"ix":3},"r":{"a":0,"k":0,"ix":6},"o":{"a":0,"k":100,"ix":7},"sk":{"a":0,"k":0,"ix":4},"sa":{"a":0,"k":0,"ix":5},"nm":"Transform"}],"nm":"Group 4","np":5,"cix":2,"bm":0,"ix":4,"mn":"ADBE Vector Group","hd":false},{"ty":"gr","it":[{"ind":0,"ty":"sh","ix":1,"ks":{"a":0,"k":{"i":[[0.192,0.16],[0,0],[0,0],[0,0],[0,0],[0,0],[0,0],[0,0],[0,0],[0,0],[0,0],[0,0],[0,0],[0,0]],"o":[[0,0],[0,0],[0,0],[0,0],[0,0],[0,0],[0,0],[0,0],[0,0],[0,0],[0,0],[0,0],[0,0],[-0.192,-0.225]],"v":[[69.973,-27.473],[56.79,-37.833],[23.784,-21.026],[23.463,-20.866],[-46.846,14.931],[-46.879,14.9],[-48.097,15.508],[-70.582,26.959],[-56.758,37.833],[-40.848,29.75],[-40.848,29.782],[37.288,-9.992],[37.609,-10.152],[70.582,-26.927]],"c":true},"ix":2},"nm":"Path 1","mn":"ADBE Vector Shape - Group","hd":false},{"ty":"mm","mm":4,"nm":"Merge Paths 1","mn":"ADBE Vector Filter - Merge","hd":false},{"ty":"fl","c":{"a":0,"k":[0,0.086000001197,0.219999994016,1],"ix":4},"o":{"a":0,"k":30,"ix":5},"r":1,"bm":0,"nm":"Fill 1","mn":"ADBE Vector Graphic - Fill","hd":false},{"ty":"tr","p":{"a":0,"k":[203.048,526.097],"ix":2},"a":{"a":0,"k":[0,0],"ix":1},"s":{"a":0,"k":[100,100],"ix":3},"r":{"a":0,"k":0,"ix":6},"o":{"a":0,"k":100,"ix":7},"sk":{"a":0,"k":0,"ix":4},"sa":{"a":0,"k":0,"ix":5},"nm":"Transform"}],"nm":"Group 5","np":3,"cix":2,"bm":0,"ix":5,"mn":"ADBE Vector Group","hd":false},{"ty":"gr","it":[{"ind":0,"ty":"sh","ix":1,"ks":{"a":0,"k":{"i":[[0,0],[5.132,-2.706],[2.658,-1.561],[2.271,-2.021],[0.029,-12.256],[-2.536,-5.794],[0,0],[0,0],[0,0],[0,0],[0,0],[0,0],[0,0],[-1.592,-2.578],[-5.096,-3.83],[-12.611,2.276],[-5.993,3.074],[0,0],[0,0],[8.015,15.63],[0,0],[0,0],[0,0]],"o":[[-5.171,3.211],[-2.56,1.374],[-2.633,1.52],[-9.09,8.134],[-0.016,6.164],[0,0],[0,0],[0,0],[0,0],[0,0],[0,0],[0,0],[1.511,2.939],[3.224,5.57],[10.128,7.617],[6.372,-1],[0,0],[0,0],[-7.433,-15.903],[0,0],[0,0],[0,0],[0,0]],"v":[[-23.309,-98.381],[-38.534,-89.471],[-46.395,-85.31],[-53.727,-79.923],[-68.09,-47.325],[-64.354,-29.329],[-63.421,-27.286],[-62.311,-25.056],[-60.09,-20.595],[-55.648,-11.673],[-37.893,24.021],[-20.146,59.719],[-15.71,68.642],[-11.225,77.3],[1.354,91.442],[37.43,100.417],[55.5,93.556],[73.348,84.682],[72.715,86.629],[49.424,39.301],[37.352,15.913],[25.111,-7.218],[0.792,-53.157]],"c":true},"ix":2},"nm":"Path 1","mn":"ADBE Vector Shape - Group","hd":false},{"ind":1,"ty":"sh","ix":2,"ks":{"a":0,"k":{"i":[[-6.671,2.816],[0,0],[0,0],[0,0],[0,0],[-8.56,-15.518],[0.678,-0.374],[0,0],[0,0],[0,0],[3.218,-1.384],[3.384,-0.68],[11.212,8.101],[3.539,5.865],[1.587,2.935],[0,0],[0,0],[0,0],[0,0],[0,0],[0,0],[0,0],[0.079,7.118],[-10.588,9.849],[-6.79,3.272]],"o":[[0,0],[0,0],[0,0],[0,0],[7.978,15.791],[0.374,0.678],[0,0],[0,0],[0,0],[-2.962,1.526],[-3.157,1.383],[-13.609,2.712],[-5.61,-4.026],[-1.943,-3.053],[0,0],[0,0],[0,0],[0,0],[0,0],[0,0],[0,0],[-2.912,-6.331],[-0.226,-14.289],[5.241,-5.057],[6.71,-3.321]],"v":[[-20.596,-106.718],[3.282,-57.682],[26.942,-9.36],[38.691,14.64],[50.609,38.382],[75.296,85.315],[74.745,87.219],[74.723,87.231],[74.663,87.262],[56.984,96.472],[47.952,100.969],[38.081,104.006],[-1.251,94.988],[-15.275,79.834],[-20.135,70.895],[-24.741,62.056],[-43.16,26.701],[-61.572,-8.658],[-66.171,-17.5],[-68.471,-21.921],[-69.62,-24.131],[-70.801,-26.6],[-75.443,-47.275],[-59.219,-85.824],[-40.898,-97.546]],"c":true},"ix":2},"nm":"Path 2","mn":"ADBE Vector Shape - Group","hd":false},{"ty":"mm","mm":1,"nm":"Merge Paths 1","mn":"ADBE Vector Filter - Merge","hd":false},{"ty":"mm","mm":4,"nm":"Merge Paths 2","mn":"ADBE Vector Filter - Merge","hd":false},{"ty":"fl","c":{"a":0,"k":[0,0.086000001197,0.219999994016,1],"ix":4},"o":{"a":0,"k":100,"ix":5},"r":1,"bm":0,"nm":"Fill 1","mn":"ADBE Vector Graphic - Fill","hd":false},{"ty":"tr","p":{"a":0,"k":[82.167,455.03],"ix":2},"a":{"a":0,"k":[0,0],"ix":1},"s":{"a":0,"k":[100,100],"ix":3},"r":{"a":0,"k":0,"ix":6},"o":{"a":0,"k":100,"ix":7},"sk":{"a":0,"k":0,"ix":4},"sa":{"a":0,"k":0,"ix":5},"nm":"Transform"}],"nm":"Group 6","np":5,"cix":2,"bm":0,"ix":6,"mn":"ADBE Vector Group","hd":false},{"ty":"gr","it":[{"ind":0,"ty":"sh","ix":1,"ks":{"a":0,"k":{"i":[[0,0],[0,0],[3.227,6.231],[3.043,6.324],[0,0],[0,0],[0.786,1.875],[0,0],[0,0],[1.626,-1.714],[0.233,-4.845],[-0.758,-2.325],[-1.115,-2.376],[0,0],[-2.444,-4.669],[-1.381,-2.054],[-2.09,-1.377],[-4.863,0.649],[-2.162,1.177],[0,0],[0,0]],"o":[[0,0],[-3.364,-6.16],[-3.237,-6.225],[0,0],[0,0],[-0.77,-1.554],[0,0],[0,0],[-2.125,1.005],[-3.26,3.433],[-0.136,2.42],[0.746,2.258],[0,0],[2.345,4.718],[1.225,2.323],[1.397,2.1],[4.166,2.796],[2.436,-0.318],[0,0],[0,0],[0,0]],"v":[[25.956,35.388],[15.841,16.916],[5.873,-1.629],[-3.572,-20.441],[-8.201,-29.895],[-10.515,-34.622],[-12.844,-39.614],[-9.122,-38.214],[-16.223,-34.832],[-21.883,-30.671],[-27.387,-17.718],[-26.416,-10.521],[-23.293,-3.48],[-16.342,10.717],[-9.328,24.882],[-5.606,31.708],[-0.264,36.962],[13.915,40.281],[20.865,38.067],[27.865,34.418],[27.06,37.307]],"c":true},"ix":2},"nm":"Path 1","mn":"ADBE Vector Shape - Group","hd":false},{"ind":1,"ty":"sh","ix":2,"ks":{"a":0,"k":{"i":[[0,0],[0,0],[0,0],[0.956,-0.466],[0,0],[0,0],[2.801,-0.189],[4.455,3.276],[1.545,2.266],[1.217,2.338],[2.434,4.671],[0,0],[1.073,2.69],[0.008,2.85],[-3.751,4.438],[-2.564,1.406],[0,0],[-0.69,-1.258],[0,0],[0,0],[0,0],[-3.129,-6.28],[-3.002,-6.346]],"o":[[0,0],[0,0],[0.467,0.956],[0,0],[0,0],[-2.55,1.19],[-5.626,0.388],[-2.242,-1.627],[-1.535,-2.336],[-2.336,-4.723],[0,0],[-1.216,-2.342],[-1.025,-2.625],[-0.056,-5.699],[1.868,-2.215],[0,0],[1.257,-0.69],[0,0],[0,0],[0,0],[3.322,6.182],[3.139,6.276],[0,0]],"v":[[29.631,33.517],[30.418,35.128],[30.558,35.415],[29.673,37.991],[29.613,38.019],[22.385,41.249],[14.213,43.316],[-1.523,38.748],[-7.189,32.785],[-10.984,25.725],[-18.309,11.719],[-25.698,-2.256],[-29.366,-9.47],[-30.969,-17.776],[-25.234,-33.651],[-18.533,-39.193],[-11.565,-43.014],[-8.039,-41.985],[-8.026,-41.961],[-7.842,-41.613],[1.868,-23.21],[11.52,-4.504],[20.649,14.47]],"c":true},"ix":2},"nm":"Path 2","mn":"ADBE Vector Shape - Group","hd":false},{"ty":"mm","mm":1,"nm":"Merge Paths 1","mn":"ADBE Vector Filter - Merge","hd":false},{"ty":"mm","mm":4,"nm":"Merge Paths 2","mn":"ADBE Vector Filter - Merge","hd":false},{"ty":"fl","c":{"a":0,"k":[0,0.086000001197,0.219999994016,1],"ix":4},"o":{"a":0,"k":100,"ix":5},"r":1,"bm":0,"nm":"Fill 1","mn":"ADBE Vector Graphic - Fill","hd":false},{"ty":"tr","p":{"a":0,"k":[32.581,482.744],"ix":2},"a":{"a":0,"k":[0,0],"ix":1},"s":{"a":0,"k":[100,100],"ix":3},"r":{"a":0,"k":0,"ix":6},"o":{"a":0,"k":100,"ix":7},"sk":{"a":0,"k":0,"ix":4},"sa":{"a":0,"k":0,"ix":5},"nm":"Transform"}],"nm":"Group 7","np":5,"cix":2,"bm":0,"ix":7,"mn":"ADBE Vector Group","hd":false},{"ty":"gr","it":[{"ind":0,"ty":"sh","ix":1,"ks":{"a":0,"k":{"i":[[0.183,0.354],[0,0],[-0.474,0.244],[0,0],[-26.067,18.444],[-11.854,10.606],[-10.17,12.201],[-8.413,13.473],[-6.907,14.33],[0,0],[-1.596,-0.769],[0.77,-1.596],[0.003,-0.006],[8.651,-13.64],[10.467,-12.308],[12.069,-10.707],[13.313,-9.055],[28.675,-14.183],[0,0],[0,0],[0,0],[0.359,-0.18]],"o":[[0,0],[-0.245,-0.474],[0,0],[28.556,-14.54],[13.081,-9.12],[11.783,-10.699],[10.16,-12.229],[8.361,-13.526],[0,0],[0.769,-1.596],[1.595,0.769],[-0.002,0.006],[-7.166,14.443],[-8.704,13.588],[-10.479,12.281],[-12.139,10.612],[-26.503,18.297],[0,0],[0,0],[0,0],[0.181,0.36],[-0.357,0.179]],"v":[[-128.514,138.745],[-147.626,101.73],[-147.201,100.424],[-61.801,56.327],[21.038,8.274],[58.36,-21.499],[91.196,-56.031],[118.762,-94.877],[141.291,-136.91],[141.322,-136.975],[145.605,-138.473],[147.101,-134.191],[147.085,-134.158],[123.737,-91.788],[95.27,-52.645],[61.532,-17.978],[23.423,11.706],[-60.411,59.055],[-146.32,102.155],[-145.895,100.849],[-127.215,138.083],[-127.539,139.062]],"c":true},"ix":2},"nm":"Path 1","mn":"ADBE Vector Shape - Group","hd":false},{"ty":"mm","mm":4,"nm":"Merge Paths 1","mn":"ADBE Vector Filter - Merge","hd":false},{"ty":"fl","c":{"a":0,"k":[0,0.086000001197,0.219999994016,1],"ix":4},"o":{"a":0,"k":100,"ix":5},"r":1,"bm":0,"nm":"Fill 1","mn":"ADBE Vector Graphic - Fill","hd":false},{"ty":"tr","p":{"a":0,"k":[250.111,265.225],"ix":2},"a":{"a":0,"k":[0,0],"ix":1},"s":{"a":0,"k":[100,100],"ix":3},"r":{"a":0,"k":0,"ix":6},"o":{"a":0,"k":100,"ix":7},"sk":{"a":0,"k":0,"ix":4},"sa":{"a":0,"k":0,"ix":5},"nm":"Transform"}],"nm":"Group 8","np":3,"cix":2,"bm":0,"ix":8,"mn":"ADBE Vector Group","hd":false},{"ty":"gr","it":[{"ind":0,"ty":"sh","ix":1,"ks":{"a":0,"k":{"i":[[0,0],[1.225,-4.128],[0.722,-2.077],[0,0],[0,0],[0,0],[10.582,-16.389],[13.371,-14.239],[15.547,-11.756],[16.925,-9.57],[8.583,-4.47],[0,0],[0,0],[0,0],[0,0],[-15.823,-31.513],[0,0],[0,0],[-17.498,8.418],[-18.549,5.883],[-19.298,2.736],[-19.401,-1.109],[-18.934,-3.98],[0,0],[0,0],[-4.624,-1.404],[0,0],[0,0],[0,0],[16.76,32.791],[0,0]],"o":[[-1.242,4.564],[-0.612,2.074],[0,0],[0,0],[0,0],[-7.919,17.723],[-10.457,16.429],[-13.402,14.197],[-15.717,11.527],[-8.491,4.706],[0,0],[0,0],[0,0],[0,0],[16.001,31.422],[0,0],[0,0],[17.174,-8.78],[17.66,-7.993],[18.524,-5.894],[19.333,-2.501],[19.438,0.941],[0,0],[0,0],[4.685,1.196],[0,0],[0,0],[0,0],[-16.501,-33.002],[0,0],[0,0]],"v":[[66.02,-242.669],[62.544,-229.621],[60.538,-223.419],[57.951,-216.693],[52.677,-203.124],[46.921,-189.741],[19.841,-138.088],[-15.691,-91.702],[-59.358,-52.859],[-108.452,-21.314],[-134.141,-7.589],[-159.966,5.625],[-263.389,58.243],[-262.039,54.094],[-214.221,148.455],[-166.681,242.957],[-169.902,241.909],[-67.044,188.888],[-15.29,162.798],[38.786,141.268],[95.586,128.052],[153.864,126.195],[211.428,134.436],[225.594,137.62],[239.609,141.375],[253.539,145.395],[267.408,149.602],[267.409,149.603],[266.164,151.091],[215.984,52.516],[165.79,-45.821]],"c":true},"ix":2},"nm":"Path 1","mn":"ADBE Vector Shape - Group","hd":false},{"ind":1,"ty":"sh","ix":2,"ks":{"a":0,"k":{"i":[[-2.023,4.538],[0,0],[0,0],[-17.037,-32.887],[0.516,-0.268],[0.25,0.072],[0,0],[38.269,1.809],[18.929,-2.528],[18.212,-5.838],[17.448,-7.943],[17.206,-8.708],[0,0],[0,0],[0.59,1.175],[0,0],[15.99,31.427],[0,0],[-1.515,0.775],[0,0],[0,0],[0,0],[-8.44,4.631],[-15.53,11.287],[-13.219,13.881],[-10.365,16.131],[-7.995,17.495],[0,0],[0,0],[0,0]],"o":[[0,0],[0,0],[16.778,33.098],[0.267,0.516],[-0.25,0.129],[0,0],[-37.167,-9.954],[-19.109,-0.893],[-18.906,2.726],[-18.232,5.826],[-17.277,8.277],[0,0],[0,0],[-1.175,0.59],[0,0],[-16.168,-31.337],[0,0],[-0.774,-1.515],[0,0],[0,0],[0,0],[8.586,-4.426],[16.787,-9.399],[15.352,-11.51],[13.184,-13.921],[10.435,-16.112],[0,0],[0,0],[0,0],[2.041,-4.974]],"v":[[65.73,-246.783],[167.188,-48.292],[217.611,51.041],[268.046,150.134],[267.595,151.553],[266.799,151.624],[266.797,151.623],[153.575,131.527],[96.395,133.961],[40.666,147.065],[-12.648,168.437],[-64.332,194.216],[-167.729,246.18],[-167.754,246.193],[-170.949,245.134],[-170.952,245.131],[-219.384,151.083],[-267.539,56.894],[-266.198,52.749],[-266.189,52.744],[-162.785,0.087],[-136.905,-13.018],[-111.367,-26.524],[-62.768,-57.458],[-19.689,-95.452],[15.417,-140.89],[42.608,-191.669],[48.451,-204.875],[53.826,-218.292],[59.408,-232.525]],"c":true},"ix":2},"nm":"Path 2","mn":"ADBE Vector Shape - Group","hd":false},{"ty":"mm","mm":1,"nm":"Merge Paths 1","mn":"ADBE Vector Filter - Merge","hd":false},{"ty":"mm","mm":4,"nm":"Merge Paths 2","mn":"ADBE Vector Filter - Merge","hd":false},{"ty":"fl","c":{"a":0,"k":[0,0.086000001197,0.219999994016,1],"ix":4},"o":{"a":0,"k":100,"ix":5},"r":1,"bm":0,"nm":"Fill 1","mn":"ADBE Vector Graphic - Fill","hd":false},{"ty":"tr","p":{"a":0,"k":[325.003,296.986],"ix":2},"a":{"a":0,"k":[0,0],"ix":1},"s":{"a":0,"k":[100,100],"ix":3},"r":{"a":0,"k":0,"ix":6},"o":{"a":0,"k":100,"ix":7},"sk":{"a":0,"k":0,"ix":4},"sa":{"a":0,"k":0,"ix":5},"nm":"Transform"}],"nm":"Group 9","np":5,"cix":2,"bm":0,"ix":9,"mn":"ADBE Vector Group","hd":false},{"ty":"gr","it":[{"ind":0,"ty":"sh","ix":1,"ks":{"a":0,"k":{"i":[[0,0],[5.631,-2.866],[0,0],[-4.368,4.133]],"o":[[-5.912,1.099],[0,0],[5.63,-2.867],[0,0]],"v":[[-29.139,-79.645],[-46.541,-73.764],[31.546,79.646],[46.541,69.036]],"c":true},"ix":2},"nm":"Path 1","mn":"ADBE Vector Shape - Group","hd":false},{"ty":"mm","mm":4,"nm":"Merge Paths 1","mn":"ADBE Vector Filter - Merge","hd":false},{"ty":"fl","c":{"a":0,"k":[0,0.086000001197,0.219999994016,1],"ix":4},"o":{"a":0,"k":30,"ix":5},"r":1,"bm":0,"nm":"Fill 1","mn":"ADBE Vector Graphic - Fill","hd":false},{"ty":"tr","p":{"a":0,"k":[553.308,219.329],"ix":2},"a":{"a":0,"k":[0,0],"ix":1},"s":{"a":0,"k":[100,100],"ix":3},"r":{"a":0,"k":0,"ix":6},"o":{"a":0,"k":100,"ix":7},"sk":{"a":0,"k":0,"ix":4},"sa":{"a":0,"k":0,"ix":5},"nm":"Transform"}],"nm":"Group 10","np":3,"cix":2,"bm":0,"ix":10,"mn":"ADBE Vector Group","hd":false},{"ty":"gr","it":[{"ind":0,"ty":"sh","ix":1,"ks":{"a":0,"k":{"i":[[-9.451,4.991],[0.407,10.592],[0.806,2.501],[1.314,2.615],[0,0],[0,0],[0,0],[0,0],[0,0],[0,0],[0,0],[1.616,2.071],[2.115,1.577],[9.516,-4.874],[-0.277,-10.747],[-0.788,-2.554],[-1.276,-2.612],[0,0],[0,0],[0,0],[0,0],[0,0],[0,0],[0,0],[-1.671,-2.09],[-2.164,-1.573]],"o":[[9.539,-4.83],[-0.031,-2.637],[-0.724,-2.524],[0,0],[0,0],[0,0],[0,0],[0,0],[0,0],[0,0],[-1.342,-2.601],[-1.549,-2.123],[-8.331,-6.561],[-9.595,4.708],[0,2.674],[0.707,2.58],[0,0],[0,0],[0,0],[0,0],[0,0],[0,0],[0,0],[1.361,2.568],[1.602,2.141],[8.531,6.548]],"v":[[115.061,226.437],[130.347,200.495],[129.026,192.74],[125.673,185.32],[117.831,170.135],[86.463,109.392],[55.187,48.602],[24.135,-12.301],[-37.519,-134.338],[-68.215,-195.423],[-75.883,-210.697],[-79.913,-217.775],[-85.41,-223.407],[-115.387,-226.304],[-131.064,-200.354],[-129.818,-192.462],[-126.521,-184.922],[-118.853,-169.648],[-88.156,-108.563],[-26.502,13.473],[4.55,74.377],[35.826,135.166],[67.194,195.91],[75.036,211.095],[79.195,218.198],[84.848,223.85]],"c":true},"ix":2},"nm":"Path 1","mn":"ADBE Vector Shape - Group","hd":false},{"ind":1,"ty":"sh","ix":2,"ks":{"a":0,"k":{"i":[[5.397,-2.78],[6.044,0.637],[4.759,3.727],[1.777,2.434],[1.273,2.466],[0,0],[0,0],[0,0],[0,0],[0,0],[0,0],[0,0],[0.846,2.922],[0.038,3.024],[-3.081,5.209],[-5.368,2.838],[-6.086,-0.575],[-4.857,-3.72],[-1.83,-2.451],[-1.293,-2.434],[0,0],[0,0],[0,0],[0,0],[0,0],[0,0],[0,0],[-0.829,-2.979],[-0.006,-3.062],[3.155,-5.206]],"o":[[-5.454,2.669],[-6.023,-0.576],[-2.422,-1.811],[-1.863,-2.402],[0,0],[0,0],[0,0],[0,0],[0,0],[0,0],[0,0],[-1.244,-2.481],[-0.921,-2.87],[-0.212,-6.042],[3.043,-5.26],[5.424,-2.727],[6.065,0.515],[2.47,1.806],[1.919,2.422],[0,0],[0,0],[0,0],[0,0],[0,0],[0,0],[0,0],[1.206,2.478],[0.904,2.924],[0.148,6.118],[-3.118,5.26]],"v":[[116.932,230.113],[99.253,233.393],[82.593,226.813],[76.285,220.355],[71.896,212.693],[64.233,197.416],[33.58,136.31],[2.833,75.25],[-28.136,14.305],[-90.526,-107.357],[-121.852,-168.121],[-129.689,-183.309],[-133.301,-191.37],[-134.807,-200.274],[-130.317,-217.62],[-117.258,-229.98],[-99.562,-233.455],[-82.683,-226.99],[-76.22,-220.513],[-71.701,-212.825],[-63.864,-197.637],[-32.538,-136.873],[29.852,-15.212],[60.821,45.734],[91.567,106.794],[122.221,167.9],[129.884,183.176],[133.44,191.357],[134.871,200.398],[130.159,217.852]],"c":true},"ix":2},"nm":"Path 2","mn":"ADBE Vector Shape - Group","hd":false},{"ty":"mm","mm":1,"nm":"Merge Paths 1","mn":"ADBE Vector Filter - Merge","hd":false},{"ty":"mm","mm":4,"nm":"Merge Paths 2","mn":"ADBE Vector Filter - Merge","hd":false},{"ty":"fl","c":{"a":0,"k":[0,0.086000001197,0.219999994016,1],"ix":4},"o":{"a":0,"k":100,"ix":5},"r":1,"bm":0,"nm":"Fill 1","mn":"ADBE Vector Graphic - Fill","hd":false},{"ty":"tr","p":{"a":0,"k":[518.817,236.026],"ix":2},"a":{"a":0,"k":[0,0],"ix":1},"s":{"a":0,"k":[100,100],"ix":3},"r":{"a":0,"k":0,"ix":6},"o":{"a":0,"k":100,"ix":7},"sk":{"a":0,"k":0,"ix":4},"sa":{"a":0,"k":0,"ix":5},"nm":"Transform"}],"nm":"Group 11","np":5,"cix":2,"bm":0,"ix":11,"mn":"ADBE Vector Group","hd":false},{"ty":"gr","it":[{"ind":0,"ty":"sh","ix":1,"ks":{"a":0,"k":{"i":[[5.444,-6.982],[0,0],[0,0],[0,0],[0,0]],"o":[[0,0],[0,0],[0,0],[0,0],[6.953,5.459]],"v":[[21.894,9.399],[10.806,23.466],[-27.338,-6.499],[5.993,-23.465],[19.179,-13.117]],"c":true},"ix":2},"nm":"Path 1","mn":"ADBE Vector Shape - Group","hd":false},{"ty":"mm","mm":4,"nm":"Merge Paths 1","mn":"ADBE Vector Filter - Merge","hd":false},{"ty":"fl","c":{"a":0,"k":[0.957000014361,0.442999985639,0.442999985639,1],"ix":4},"o":{"a":0,"k":100,"ix":5},"r":1,"bm":0,"nm":"Fill 1","mn":"ADBE Vector Graphic - Fill","hd":false},{"ty":"tr","p":{"a":0,"k":[253.846,511.737],"ix":2},"a":{"a":0,"k":[0,0],"ix":1},"s":{"a":0,"k":[100,100],"ix":3},"r":{"a":0,"k":0,"ix":6},"o":{"a":0,"k":100,"ix":7},"sk":{"a":0,"k":0,"ix":4},"sa":{"a":0,"k":0,"ix":5},"nm":"Transform"}],"nm":"Group 12","np":3,"cix":2,"bm":0,"ix":12,"mn":"ADBE Vector Group","hd":false},{"ty":"gr","it":[{"ind":0,"ty":"sh","ix":1,"ks":{"a":0,"k":{"i":[[0,0],[0,0],[0,0],[12.512,22.46],[0.276,0.543],[0,0],[0.263,0.658],[-23.011,11.713]],"o":[[0,0],[0,0],[-23.126,11.771],[-0.334,-0.514],[0,0],[-0.335,-0.658],[-10.596,-23.292],[0,0]],"v":[[-19.904,-106.148],[76.054,82.374],[52.472,94.378],[-11.87,73.896],[-12.771,72.266],[-64.54,-29.44],[-65.458,-31.385],[-43.488,-94.144]],"c":true},"ix":2},"nm":"Path 1","mn":"ADBE Vector Shape - Group","hd":false},{"ty":"mm","mm":4,"nm":"Merge Paths 1","mn":"ADBE Vector Filter - Merge","hd":false},{"ty":"fl","c":{"a":0,"k":[0.957000014361,0.442999985639,0.442999985639,1],"ix":4},"o":{"a":0,"k":100,"ix":5},"r":1,"bm":0,"nm":"Fill 1","mn":"ADBE Vector Graphic - Fill","hd":false},{"ty":"tr","p":{"a":0,"k":[80.118,458.628],"ix":2},"a":{"a":0,"k":[0,0],"ix":1},"s":{"a":0,"k":[100,100],"ix":3},"r":{"a":0,"k":0,"ix":6},"o":{"a":0,"k":100,"ix":7},"sk":{"a":0,"k":0,"ix":4},"sa":{"a":0,"k":0,"ix":5},"nm":"Transform"}],"nm":"Group 13","np":3,"cix":2,"bm":0,"ix":13,"mn":"ADBE Vector Group","hd":false},{"ty":"gr","it":[{"ind":0,"ty":"sh","ix":1,"ks":{"a":0,"k":{"i":[[5.525,1.774],[-4.428,15.987],[1.036,8.204],[0,0],[0,0],[0.287,0.991],[0,0],[0.4,0.951],[0,0],[1.018,1.944],[0,0],[0,0],[1.007,1.844],[1.154,1.729],[7.264,4.171],[8.36,0.954],[8.099,-2.459],[1.917,-0.921],[0,0],[0,0],[0,0],[0,0],[-0.313,0.888],[0,0],[0,0],[0,0],[0,0],[-8.056,-15.418],[0,0],[0,0],[0,0],[0,0],[0,0],[0,0],[0,0],[0,0],[0,0]],"o":[[14.823,-8.062],[2.187,-7.982],[0,0],[0,0],[-0.24,-1.004],[0,0],[-0.342,-0.974],[0,0],[-0.792,-1.868],[0,0],[0,0],[-0.972,-1.943],[-1.012,-1.818],[-5.002,-6.638],[-7.27,-4.148],[-8.36,-0.965],[-2.024,0.622],[0,0],[0,0],[0,0],[0,0],[1.348,-4.083],[0,0],[0,0],[0,0],[0,0],[7.947,15.472],[0,0],[0,0],[0,0],[0,0],[0,0],[0,0],[0,0],[0,0],[0,0],[-1.221,-0.372]],"v":[[19.751,78.666],[50.147,40.576],[52.071,16.009],[51.684,12.936],[51.001,9.913],[50.296,6.897],[49.314,3.957],[48.303,1.03],[47.03,-1.798],[44.255,-7.54],[32.604,-30.887],[26.778,-42.561],[23.74,-48.058],[20.239,-53.212],[1.645,-69.699],[-22.125,-77.468],[-47.161,-75.215],[-53.137,-73.071],[-56.063,-71.816],[-56.429,-71.66],[-56.613,-71.582],[-56.704,-71.543],[-55.992,-73.509],[-55.633,-72.777],[-54.915,-71.313],[-49.143,-59.613],[-25.839,-12.921],[-2.021,33.509],[10.108,56.613],[16.289,68.103],[19.381,73.85],[20.953,76.71],[21.738,78.139],[22.131,78.855],[22.328,79.212],[22.426,79.391],[22.475,79.48]],"c":true},"ix":2},"nm":"Path 1","mn":"ADBE Vector Shape - Group","hd":false},{"ind":1,"ty":"sh","ix":2,"ks":{"a":0,"k":{"i":[[8.15,-3.788],[1.252,0.433],[0,0],[0,0],[0,0],[0,0],[0,0],[0,0],[0,0],[0,0],[0,0],[7.834,15.53],[0,0],[0,0],[0,0],[0,0],[-1.328,4.141],[0,0],[0,0],[0,0],[0,0],[-2.113,0.718],[-8.942,-0.77],[-7.971,-4.247],[-5.59,-7.157],[-1.141,-1.962],[-1.003,-1.932],[0,0],[0,0],[-0.91,-2.137],[0,0],[-0.374,-1.078],[0,0],[-0.261,-1.11],[0,0],[0,0],[2.717,-8.698],[5.877,-6.909]],"o":[[-5.557,-1.834],[0,0],[0,0],[0,0],[0,0],[0,0],[0,0],[0,0],[0,0],[0,0],[-7.726,-15.585],[0,0],[0,0],[0,0],[0,0],[0.284,-0.948],[0,0],[0,0],[0,0],[0,0],[1.989,-1.02],[8.458,-2.838],[8.942,0.76],[7.946,4.283],[1.296,1.858],[1.117,1.95],[0,0],[0,0],[0.992,1.912],[0,0],[0.436,1.052],[0,0],[0.313,1.095],[0,0],[0,0],[1.066,9.051],[-2.665,8.704],[-5.933,6.853]],"v":[[21.622,82.342],[18.805,81.348],[18.762,81.256],[18.675,81.071],[18.502,80.702],[18.155,79.964],[17.461,78.486],[16.074,75.533],[13.248,69.652],[7.593,57.892],[-3.948,34.49],[-27.473,-12.088],[-51.512,-58.407],[-57.576,-69.959],[-58.336,-71.402],[-58.717,-72.123],[-58.092,-74.27],[-57.998,-74.314],[-57.809,-74.402],[-57.431,-74.577],[-54.402,-75.985],[-48.182,-78.423],[-21.711,-81.572],[4.009,-73.97],[24.667,-56.624],[28.579,-51.056],[31.943,-45.189],[37.953,-33.61],[49.972,-10.45],[52.852,-4.441],[54.24,-1.314],[55.353,1.923],[56.419,5.176],[57.195,8.509],[57.931,11.853],[58.354,15.249],[55.986,42.295],[43.018,66.053]],"c":true},"ix":2},"nm":"Path 2","mn":"ADBE Vector Shape - Group","hd":false},{"ty":"mm","mm":1,"nm":"Merge Paths 1","mn":"ADBE Vector Filter - Merge","hd":false},{"ty":"mm","mm":4,"nm":"Merge Paths 2","mn":"ADBE Vector Filter - Merge","hd":false},{"ty":"fl","c":{"a":0,"k":[0,0.086000001197,0.219999994016,1],"ix":4},"o":{"a":0,"k":100,"ix":5},"r":1,"bm":0,"nm":"Fill 1","mn":"ADBE Vector Graphic - Fill","hd":false},{"ty":"tr","p":{"a":0,"k":[564.167,218.47],"ix":2},"a":{"a":0,"k":[0,0],"ix":1},"s":{"a":0,"k":[100,100],"ix":3},"r":{"a":0,"k":0,"ix":6},"o":{"a":0,"k":100,"ix":7},"sk":{"a":0,"k":0,"ix":4},"sa":{"a":0,"k":0,"ix":5},"nm":"Transform"}],"nm":"Group 14","np":5,"cix":2,"bm":0,"ix":14,"mn":"ADBE Vector Group","hd":false},{"ty":"gr","it":[{"ind":0,"ty":"sh","ix":1,"ks":{"a":0,"k":{"i":[[31.575,-16.072],[0,0],[0,0],[-16.072,-31.575],[0,0]],"o":[[0,0],[0,0],[31.574,-16.072],[0,0],[16.071,31.574]],"v":[[16.972,84.74],[16.972,84.74],[-61.114,-68.669],[25.157,-40.599],[45.043,-1.531]],"c":true},"ix":2},"nm":"Path 1","mn":"ADBE Vector Shape - Group","hd":false},{"ty":"mm","mm":4,"nm":"Merge Paths 1","mn":"ADBE Vector Filter - Merge","hd":false},{"ty":"fl","c":{"a":0,"k":[1,1,1,1],"ix":4},"o":{"a":0,"k":100,"ix":5},"r":1,"bm":0,"nm":"Fill 1","mn":"ADBE Vector Graphic - Fill","hd":false},{"ty":"tr","p":{"a":0,"k":[567.881,214.234],"ix":2},"a":{"a":0,"k":[0,0],"ix":1},"s":{"a":0,"k":[100,100],"ix":3},"r":{"a":0,"k":0,"ix":6},"o":{"a":0,"k":100,"ix":7},"sk":{"a":0,"k":0,"ix":4},"sa":{"a":0,"k":0,"ix":5},"nm":"Transform"}],"nm":"Group 15","np":3,"cix":2,"bm":0,"ix":15,"mn":"ADBE Vector Group","hd":false},{"ty":"gr","it":[{"ind":0,"ty":"sh","ix":1,"ks":{"a":0,"k":{"i":[[0,0],[-0.334,-0.514],[0,0],[5.558,10.92],[0,0],[-10.92,5.558],[0,0],[-0.334,-0.658]],"o":[[0.276,0.543],[0,0],[-10.919,5.558],[0,0],[-5.558,-10.92],[0,0],[0.262,0.657],[0,0]],"v":[[29.59,32.23],[30.536,33.995],[23.773,37.278],[-6.063,27.594],[-24.978,-9.567],[-15.266,-39.417],[-8.548,-42.836],[-7.631,-40.892]],"c":true},"ix":2},"nm":"Path 1","mn":"ADBE Vector Shape - Group","hd":false},{"ty":"mm","mm":4,"nm":"Merge Paths 1","mn":"ADBE Vector Filter - Merge","hd":false},{"ty":"fl","c":{"a":0,"k":[0.957000014361,0.442999985639,0.442999985639,1],"ix":4},"o":{"a":0,"k":100,"ix":5},"r":1,"bm":0,"nm":"Fill 1","mn":"ADBE Vector Graphic - Fill","hd":false},{"ty":"tr","p":{"a":0,"k":[30.785,484.966],"ix":2},"a":{"a":0,"k":[0,0],"ix":1},"s":{"a":0,"k":[100,100],"ix":3},"r":{"a":0,"k":0,"ix":6},"o":{"a":0,"k":100,"ix":7},"sk":{"a":0,"k":0,"ix":4},"sa":{"a":0,"k":0,"ix":5},"nm":"Transform"}],"nm":"Group 16","np":3,"cix":2,"bm":0,"ix":16,"mn":"ADBE Vector Group","hd":false},{"ty":"gr","it":[{"ind":0,"ty":"sh","ix":1,"ks":{"a":0,"k":{"i":[[14.998,-7.634],[0,0],[7.634,14.998],[0,0],[-14.998,7.634],[-7.634,-14.999],[0,0]],"o":[[0,0],[-14.998,7.634],[0,0],[-7.634,-14.998],[14.998,-7.634],[0,0],[7.634,14.998]],"v":[[116.16,228.208],[116.16,228.208],[75.181,214.876],[-129.493,-187.229],[-116.159,-228.208],[-75.18,-214.874],[129.493,187.23]],"c":true},"ix":2},"nm":"Path 1","mn":"ADBE Vector Shape - Group","hd":false},{"ty":"mm","mm":4,"nm":"Merge Paths 1","mn":"ADBE Vector Filter - Merge","hd":false},{"ty":"fl","c":{"a":0,"k":[0.957000014361,0.442999985639,0.442999985639,1],"ix":4},"o":{"a":0,"k":100,"ix":5},"r":1,"bm":0,"nm":"Fill 1","mn":"ADBE Vector Graphic - Fill","hd":false},{"ty":"tr","p":{"a":0,"k":[518.653,236.092],"ix":2},"a":{"a":0,"k":[0,0],"ix":1},"s":{"a":0,"k":[100,100],"ix":3},"r":{"a":0,"k":0,"ix":6},"o":{"a":0,"k":100,"ix":7},"sk":{"a":0,"k":0,"ix":4},"sa":{"a":0,"k":0,"ix":5},"nm":"Transform"}],"nm":"Group 17","np":3,"cix":2,"bm":0,"ix":17,"mn":"ADBE Vector Group","hd":false},{"ty":"gr","it":[{"ind":0,"ty":"sh","ix":1,"ks":{"a":0,"k":{"i":[[-5.209,6.626],[2.863,12.875],[3.96,5.189],[1.183,1.136],[0,0],[0,0],[2.679,2.122],[0,0],[0,0],[0,0],[23.673,-11.733],[0,0],[0.488,0.982],[0,0],[0,0],[0,0],[0,0],[0,0],[-13.815,-10.966],[-13.932,-10.819],[0,0],[-3.856,-1.956],[-4.25,-0.657],[-4.248,0.473],[-2.1,0.341],[-1.95,0.869]],"o":[[8.16,-10.607],[-1.367,-6.451],[-0.992,-1.302],[0,0],[0,0],[-2.396,-2.12],[0,0],[0,0],[0,0],[-23.596,11.885],[0,0],[-0.983,0.487],[0,0],[0,0],[0,0],[0,0],[0,0],[13.714,11.096],[13.819,10.963],[0,0],[3.503,2.751],[3.888,1.801],[4.208,0.751],[2.138,-0.085],[2.038,-0.624],[7.999,-2.958]],"v":[[79.316,52.28],[87.611,14.676],[79.351,-3.017],[76.168,-6.74],[74.474,-8.51],[72.604,-10.095],[64.504,-16.459],[31.599,-42.203],[-1.084,-68.231],[2.016,-67.928],[-69.019,-32.761],[-69.061,-32.741],[-71.723,-33.638],[-71.725,-33.641],[-71.738,-33.67],[-69.034,-32.79],[-92.882,-21.025],[-92.607,-23.839],[-51.304,9.241],[-9.831,42.108],[11.053,58.352],[21.861,65.548],[34.034,69.598],[46.803,70.172],[53.121,69.204],[59.204,67.281]],"c":true},"ix":2},"nm":"Path 1","mn":"ADBE Vector Shape - Group","hd":false},{"ind":1,"ty":"sh","ix":2,"ks":{"a":0,"k":{"i":[[9.191,-11.297],[8.668,-2.952],[2.195,-0.599],[2.282,-0.039],[4.431,0.914],[4.047,1.976],[3.37,2.766],[0,0],[13.925,10.826],[14.03,10.693],[-0.556,0.73],[-0.206,0.108],[0,0],[0,0],[-0.51,-0.971],[0,0],[0,0],[0,0],[-23.494,12.085],[-0.856,-0.661],[0,0],[0,0],[0,0],[-2.787,-2.536],[0,0],[0,0],[-1.088,-1.493],[-1.343,-7.222]],"o":[[-5.852,7.073],[-2.118,0.868],[-2.257,0.316],[-4.538,0.377],[-4.474,-0.824],[-3.984,-2.115],[0,0],[-13.812,-10.971],[-13.929,-10.823],[-0.73,-0.557],[0.151,-0.198],[0,0],[0,0],[0.971,-0.51],[0,0],[0,0],[0,0],[23.417,-12.236],[1.025,-0.527],[0,0],[0,0],[0,0],[2.732,2.258],[0,0],[0,0],[1.302,1.316],[4.337,5.965],[2.818,14.426]],"v":[[82.559,54.827],[60.387,70.494],[53.815,72.378],[47.044,73.237],[33.502,72.269],[20.763,67.686],[9.739,60.025],[-10.993,43.586],[-52.752,11.086],[-94.68,-21.2],[-94.995,-23.53],[-94.452,-23.991],[-94.405,-24.015],[-70.859,-36.374],[-68.177,-35.539],[-68.154,-35.494],[-68.139,-35.466],[-70.844,-36.346],[-0.61,-73.087],[2.464,-72.805],[2.491,-72.783],[35.526,-47.204],[68.338,-21.342],[76.522,-14.627],[78.591,-12.784],[80.472,-10.747],[83.979,-6.466],[92.733,13.616]],"c":true},"ix":2},"nm":"Path 2","mn":"ADBE Vector Shape - Group","hd":false},{"ty":"mm","mm":1,"nm":"Merge Paths 1","mn":"ADBE Vector Filter - Merge","hd":false},{"ty":"mm","mm":4,"nm":"Merge Paths 2","mn":"ADBE Vector Filter - Merge","hd":false},{"ty":"fl","c":{"a":0,"k":[0,0.086000001197,0.219999994016,1],"ix":4},"o":{"a":0,"k":100,"ix":5},"r":1,"bm":0,"nm":"Fill 1","mn":"ADBE Vector Graphic - Fill","hd":false},{"ty":"tr","p":{"a":0,"k":[226.119,575.584],"ix":2},"a":{"a":0,"k":[0,0],"ix":1},"s":{"a":0,"k":[100,100],"ix":3},"r":{"a":0,"k":0,"ix":6},"o":{"a":0,"k":100,"ix":7},"sk":{"a":0,"k":0,"ix":4},"sa":{"a":0,"k":0,"ix":5},"nm":"Transform"}],"nm":"Group 18","np":5,"cix":2,"bm":0,"ix":18,"mn":"ADBE Vector Group","hd":false},{"ty":"gr","it":[{"ind":0,"ty":"sh","ix":1,"ks":{"a":0,"k":{"i":[[16.383,-20.854],[0,0],[20.85,16.375],[0,0],[0,0],[0,0],[0,0],[0,0],[0,0]],"o":[[0,0],[-16.378,20.848],[0,0],[0,0],[0,0],[0,0],[0,0],[0,0],[20.858,16.377]],"v":[[79.099,49.794],[79.099,49.794],[11.694,57.893],[-95.482,-26.281],[-71.785,-38.343],[-71.77,-38.313],[-1.135,-74.267],[55.704,-29.631],[70.996,-17.623]],"c":true},"ix":2},"nm":"Path 1","mn":"ADBE Vector Shape - Group","hd":false},{"ty":"mm","mm":4,"nm":"Merge Paths 1","mn":"ADBE Vector Filter - Merge","hd":false},{"ty":"fl","c":{"a":0,"k":[1,1,1,1],"ix":4},"o":{"a":0,"k":100,"ix":5},"r":1,"bm":0,"nm":"Fill 1","mn":"ADBE Vector Graphic - Fill","hd":false},{"ty":"tr","p":{"a":0,"k":[227.958,579.344],"ix":2},"a":{"a":0,"k":[0,0],"ix":1},"s":{"a":0,"k":[100,100],"ix":3},"r":{"a":0,"k":0,"ix":6},"o":{"a":0,"k":100,"ix":7},"sk":{"a":0,"k":0,"ix":4},"sa":{"a":0,"k":0,"ix":5},"nm":"Transform"}],"nm":"Group 19","np":3,"cix":2,"bm":0,"ix":19,"mn":"ADBE Vector Group","hd":false},{"ty":"gr","it":[{"ind":0,"ty":"sh","ix":1,"ks":{"a":0,"k":{"i":[[0,0],[1.225,-4.129],[0.722,-2.077],[0,0],[0,0],[0,0],[10.582,-16.389],[13.371,-14.238],[15.547,-11.757],[16.925,-9.57],[8.583,-4.47],[0,0],[0,0],[0,0],[0,0],[-15.823,-31.513],[0,0],[0,0],[0,0],[-17.498,8.418],[-18.549,5.883],[-19.298,2.734],[-19.401,-1.109],[-18.934,-3.981],[0,0],[0,0],[-4.624,-1.404],[0,0],[0,0],[0,0],[16.76,32.792],[0,0]],"o":[[-1.242,4.564],[-0.612,2.074],[0,0],[0,0],[0,0],[-7.919,17.723],[-10.457,16.429],[-13.402,14.198],[-15.717,11.527],[-8.491,4.706],[0,0],[0,0],[0,0],[0,0],[16.001,31.423],[0,0],[0,0],[0,0],[17.174,-8.78],[17.66,-7.993],[18.524,-5.894],[19.333,-2.502],[19.438,0.941],[0,0],[0,0],[4.685,1.196],[0,0],[0,0],[0,0],[-16.501,-33.001],[0,0],[0,0]],"v":[[66.02,-242.669],[62.544,-229.621],[60.538,-223.419],[57.951,-216.693],[52.677,-203.124],[46.921,-189.741],[19.841,-138.088],[-15.691,-91.703],[-59.358,-52.859],[-108.452,-21.314],[-134.141,-7.589],[-159.966,5.625],[-263.389,58.243],[-262.039,54.094],[-214.221,148.455],[-166.681,242.957],[-166.681,242.958],[-169.902,241.909],[-67.044,188.888],[-15.29,162.798],[38.786,141.268],[95.586,128.053],[153.864,126.195],[211.428,134.436],[225.594,137.62],[239.609,141.375],[253.539,145.395],[267.408,149.602],[267.409,149.603],[266.164,151.091],[215.984,52.515],[165.79,-45.821]],"c":true},"ix":2},"nm":"Path 1","mn":"ADBE Vector Shape - Group","hd":false},{"ind":1,"ty":"sh","ix":2,"ks":{"a":0,"k":{"i":[[-2.023,4.538],[0,0],[0,0],[-17.037,-32.887],[0.516,-0.268],[0.25,0.073],[0,0],[38.269,1.809],[18.929,-2.527],[18.212,-5.838],[17.448,-7.944],[17.206,-8.708],[0,0],[0,0],[0.59,1.175],[0,0],[0,0],[15.99,31.427],[0,0],[-1.515,0.774],[0,0],[0,0],[0,0],[-8.44,4.63],[-15.53,11.288],[-13.219,13.881],[-10.365,16.131],[-7.995,17.495],[0,0],[0,0],[0,0]],"o":[[0,0],[0,0],[16.778,33.098],[0.267,0.516],[-0.25,0.129],[0,0],[-37.167,-9.953],[-19.109,-0.893],[-18.906,2.726],[-18.232,5.826],[-17.277,8.277],[0,0],[0,0],[-1.175,0.59],[0,0],[0,0],[-16.168,-31.337],[0,0],[-0.774,-1.515],[0,0],[0,0],[0,0],[8.586,-4.425],[16.787,-9.399],[15.352,-11.51],[13.184,-13.922],[10.435,-16.112],[0,0],[0,0],[0,0],[2.041,-4.974]],"v":[[65.73,-246.783],[167.188,-48.292],[217.611,51.041],[268.046,150.134],[267.595,151.553],[266.799,151.623],[266.797,151.623],[153.575,131.527],[96.395,133.961],[40.666,147.065],[-12.648,168.437],[-64.332,194.216],[-167.729,246.18],[-167.754,246.193],[-170.949,245.134],[-170.952,245.132],[-170.952,245.131],[-219.384,151.083],[-267.539,56.894],[-266.198,52.749],[-266.189,52.744],[-162.785,0.086],[-136.905,-13.019],[-111.367,-26.524],[-62.768,-57.458],[-19.689,-95.451],[15.417,-140.89],[42.608,-191.669],[48.451,-204.875],[53.826,-218.292],[59.408,-232.525]],"c":true},"ix":2},"nm":"Path 2","mn":"ADBE Vector Shape - Group","hd":false},{"ty":"mm","mm":1,"nm":"Merge Paths 1","mn":"ADBE Vector Filter - Merge","hd":false},{"ty":"mm","mm":4,"nm":"Merge Paths 2","mn":"ADBE Vector Filter - Merge","hd":false},{"ty":"fl","c":{"a":0,"k":[0,0.086000001197,0.219999994016,1],"ix":4},"o":{"a":0,"k":100,"ix":5},"r":1,"bm":0,"nm":"Fill 1","mn":"ADBE Vector Graphic - Fill","hd":false},{"ty":"tr","p":{"a":0,"k":[325.003,296.986],"ix":2},"a":{"a":0,"k":[0,0],"ix":1},"s":{"a":0,"k":[100,100],"ix":3},"r":{"a":0,"k":0,"ix":6},"o":{"a":0,"k":100,"ix":7},"sk":{"a":0,"k":0,"ix":4},"sa":{"a":0,"k":0,"ix":5},"nm":"Transform"}],"nm":"Group 20","np":5,"cix":2,"bm":0,"ix":20,"mn":"ADBE Vector Group","hd":false},{"ty":"gr","it":[{"ind":0,"ty":"sh","ix":1,"ks":{"a":0,"k":{"i":[[-39.976,116.482],[0,0],[0,0],[108.054,-54.999],[0,0],[0,0],[0,0]],"o":[[0,0],[0,0],[-116.297,-34.311],[0,0],[0,0],[0,0],[109.741,-55.859]],"v":[[64.717,-244.385],[265.947,150.953],[264.926,150.646],[-34.278,175.315],[-169.973,244.385],[-265.947,55.835],[-133.11,-11.78]],"c":true},"ix":2},"nm":"Path 1","mn":"ADBE Vector Shape - Group","hd":false},{"ty":"mm","mm":4,"nm":"Merge Paths 1","mn":"ADBE Vector Filter - Merge","hd":false},{"ty":"fl","c":{"a":0,"k":[1,1,1,1],"ix":4},"o":{"a":0,"k":100,"ix":5},"r":1,"bm":0,"nm":"Fill 1","mn":"ADBE Vector Graphic - Fill","hd":false},{"ty":"tr","p":{"a":0,"k":[326.161,296.645],"ix":2},"a":{"a":0,"k":[0,0],"ix":1},"s":{"a":0,"k":[100,100],"ix":3},"r":{"a":0,"k":0,"ix":6},"o":{"a":0,"k":100,"ix":7},"sk":{"a":0,"k":0,"ix":4},"sa":{"a":0,"k":0,"ix":5},"nm":"Transform"}],"nm":"Group 21","np":3,"cix":2,"bm":0,"ix":21,"mn":"ADBE Vector Group","hd":false}],"ip":0,"op":480,"st":0,"bm":0},{"ddd":0,"ind":2,"ty":4,"nm":"Sound 02","parent":1,"sr":1,"ks":{"o":{"a":1,"k":[{"i":{"x":[0.667],"y":[1]},"o":{"x":[0.333],"y":[0]},"t":20,"s":[100]},{"t":30,"s":[0],"h":1},{"i":{"x":[0.667],"y":[1]},"o":{"x":[0.333],"y":[19.2]},"t":60,"s":[100]},{"i":{"x":[0.667],"y":[1]},"o":{"x":[0.333],"y":[0]},"t":80,"s":[100]},{"t":90,"s":[0],"h":1},{"i":{"x":[0.667],"y":[1]},"o":{"x":[0.333],"y":[19.2]},"t":120,"s":[100]},{"i":{"x":[0.667],"y":[1]},"o":{"x":[0.333],"y":[0]},"t":140,"s":[100]},{"t":150,"s":[0]}],"ix":11},"r":{"a":0,"k":0,"ix":10},"p":{"a":0,"k":[519.858,234.137,0],"ix":2,"l":2},"a":{"a":0,"k":[-95.993,257.537,0],"ix":1,"l":2},"s":{"a":1,"k":[{"i":{"x":[0.667,0.667,0.667],"y":[1,1,1]},"o":{"x":[0.333,0.333,0.333],"y":[0,0,0]},"t":0,"s":[0,0,100]},{"i":{"x":[0.667,0.667,0.667],"y":[1,1,1]},"o":{"x":[0.333,0.333,0.333],"y":[0,0,0]},"t":20,"s":[100,100,100]},{"i":{"x":[0.667,0.667,0.667],"y":[1,1,1]},"o":{"x":[0.333,0.333,0.333],"y":[0,0,0]},"t":60,"s":[0,0,100]},{"i":{"x":[0.667,0.667,0.667],"y":[1,1,1]},"o":{"x":[0.333,0.333,0.333],"y":[0,0,0]},"t":80,"s":[100,100,100]},{"i":{"x":[0.667,0.667,0.667],"y":[1,1,1]},"o":{"x":[0.333,0.333,0.333],"y":[0,0,0]},"t":120,"s":[0,0,100]},{"t":140,"s":[100,100,100]}],"ix":6,"l":2}},"ao":0,"shapes":[{"ty":"gr","it":[{"ind":0,"ty":"sh","ix":1,"ks":{"a":0,"k":{"i":[[-2.875,1.572],[-0.685,1.456],[-0.14,0.455],[0,0],[0,0],[-0.849,4],[-0.645,4.036],[-0.443,4.061],[1.169,16.253],[14.728,29.034],[25.013,20.914],[14.375,7.741],[3.684,1.762],[3.768,1.58],[3.845,1.389],[0,0],[0,0],[0.415,0.054],[1.461,-0.695],[-0.615,-3.249],[-1.221,-1.113],[-2.125,-0.751],[-7.49,-3.599],[-13.105,-10.173],[-15.006,-29.508],[-4.133,-16.039],[-0.488,-16.586],[3.084,-16.326],[2.388,-7.963],[-0.253,-1.699],[-1.118,-1.193]],"o":[[1.437,-0.755],[0.183,-0.376],[0,0],[0,0],[1.138,-3.926],[0.937,-3.976],[0.743,-4.016],[2.182,-16.176],[-2.329,-32.504],[-14.674,-29.063],[-12.493,-10.466],[-3.545,-2.03],[-3.644,-1.851],[-3.734,-1.666],[0,0],[0,0],[-0.455,-0.134],[-1.581,-0.326],[-2.946,1.417],[0.307,1.606],[1.224,1.202],[7.845,2.751],[15.027,7.1],[26.25,20.334],[7.48,14.776],[4.17,16.023],[0.573,16.577],[-1.494,8.174],[-0.642,2.16],[0.183,1.643],[2.268,2.407]],"v":[[72.167,153.073],[75.473,149.653],[75.915,148.49],[76.339,147.017],[77.189,144.071],[80.36,132.233],[82.922,120.255],[84.868,108.167],[86.387,59.352],[60.446,-34.166],[0.144,-110.225],[-40.252,-137.689],[-51.173,-143.224],[-62.369,-148.196],[-73.807,-152.594],[-76.69,-153.639],[-78.132,-154.161],[-79.335,-154.479],[-84.046,-153.826],[-88.141,-145.675],[-85.817,-141.414],[-81.044,-139.021],[-57.966,-129.612],[-15.643,-103.539],[46.978,-27.311],[64.471,19.087],[71.69,68.179],[67.914,117.735],[61.953,141.932],[61.082,147.203],[63.163,151.591]],"c":true},"ix":2},"nm":"Path 1","mn":"ADBE Vector Shape - Group","hd":false},{"ind":1,"ty":"sh","ix":2,"ks":{"a":0,"k":{"i":[[2.234,-1.12],[3.365,3.714],[0.243,2.468],[-0.258,1.207],[-0.3,1.004],[-1.602,8.027],[0.3,16.397],[14.797,29.316],[26.104,19.873],[14.892,6.783],[7.756,2.589],[1.232,0.487],[0.921,0.827],[0.495,2.431],[-4.521,2.268],[-2.483,-0.454],[-0.532,-0.152],[0,0],[0,0],[-3.83,-1.636],[-3.744,-1.828],[-3.649,-2.014],[-12.885,-10.599],[-15.311,-29.71],[-4.399,-16.117],[-0.961,-16.658],[2.493,-16.472],[0.823,-4.082],[1.021,-4.035],[1.222,-3.977],[0,0],[0,0],[0.281,-0.545]],"o":[[-4.493,2.34],[-1.672,-1.832],[-0.126,-1.229],[0.332,-1.281],[2.474,-7.794],[3.298,-16.033],[-0.567,-32.823],[-15.13,-29.145],[-13.042,-9.936],[-7.431,-3.432],[-0.988,-0.349],[-1.129,-0.502],[-1.853,-1.65],[-1.025,-4.913],[2.226,-1.123],[0.609,0.075],[0,0],[0,0],[3.934,1.353],[3.862,1.55],[3.783,1.738],[14.774,7.691],[25.779,21.191],[7.546,14.91],[4.354,16.131],[0.928,16.661],[-0.522,4.135],[-0.727,4.102],[-0.932,4.058],[0,0],[0,0],[-0.169,0.528],[-1.114,2.262]],"v":[[74.037,156.749],[60.306,154.281],[57.283,147.635],[57.478,143.95],[58.404,140.812],[64.655,117.091],[69.171,68.25],[45.344,-26.479],[-17.268,-101.434],[-59.382,-126.558],[-82.234,-135.472],[-85.315,-136.573],[-88.413,-138.585],[-92.007,-144.944],[-85.917,-157.501],[-78.606,-158.635],[-76.815,-158.195],[-75.341,-157.686],[-72.393,-156.669],[-60.677,-152.37],[-49.192,-147.478],[-37.967,-142.003],[3.714,-114.525],[66.163,-37.075],[84.147,9.621],[92.103,58.988],[89.745,108.865],[87.56,121.163],[84.75,133.328],[81.328,145.328],[80.414,148.31],[79.957,149.801],[79.266,151.512]],"c":true},"ix":2},"nm":"Path 2","mn":"ADBE Vector Shape - Group","hd":false},{"ty":"mm","mm":1,"nm":"Merge Paths 1","mn":"ADBE Vector Filter - Merge","hd":false},{"ty":"mm","mm":4,"nm":"Merge Paths 2","mn":"ADBE Vector Filter - Merge","hd":false},{"ty":"fl","c":{"a":0,"k":[0,0.086000001197,0.219999994016,1],"ix":4},"o":{"a":0,"k":100,"ix":5},"r":1,"bm":0,"nm":"Fill 1","mn":"ADBE Vector Graphic - Fill","hd":false},{"ty":"tr","p":{"a":0,"k":[93.281,159.339],"ix":2},"a":{"a":0,"k":[0,0],"ix":1},"s":{"a":0,"k":[100,100],"ix":3},"r":{"a":0,"k":0,"ix":6},"o":{"a":0,"k":100,"ix":7},"sk":{"a":0,"k":0,"ix":4},"sa":{"a":0,"k":0,"ix":5},"nm":"Transform"}],"nm":"Group 1","np":5,"cix":2,"bm":0,"ix":1,"mn":"ADBE Vector Group","hd":false},{"ty":"gr","it":[{"ind":0,"ty":"sh","ix":1,"ks":{"a":0,"k":{"i":[[2.194,-1.117],[2.526,0.823],[-1.645,5.054],[117.028,38.079],[-1.645,5.054],[-5.052,-1.646],[41.363,-127.118]],"o":[[-2.194,1.117],[-5.054,-1.644],[38.077,-117.028],[-5.054,-1.643],[1.642,-5.053],[127.119,41.36],[-0.821,2.527]],"v":[[59.184,155.698],[51.841,156.273],[45.669,144.146],[-97.513,-137.151],[-103.685,-149.278],[-91.558,-155.45],[63.968,150.099]],"c":true},"ix":2},"nm":"Path 1","mn":"ADBE Vector Shape - Group","hd":false},{"ty":"mm","mm":4,"nm":"Merge Paths 1","mn":"ADBE Vector Filter - Merge","hd":false},{"ty":"fl","c":{"a":0,"k":[1,1,1,1],"ix":4},"o":{"a":0,"k":100,"ix":5},"r":1,"bm":0,"nm":"Fill 1","mn":"ADBE Vector Graphic - Fill","hd":false},{"ty":"tr","p":{"a":0,"k":[107.2,158.551],"ix":2},"a":{"a":0,"k":[0,0],"ix":1},"s":{"a":0,"k":[100,100],"ix":3},"r":{"a":0,"k":0,"ix":6},"o":{"a":0,"k":100,"ix":7},"sk":{"a":0,"k":0,"ix":4},"sa":{"a":0,"k":0,"ix":5},"nm":"Transform"}],"nm":"Group 2","np":3,"cix":2,"bm":0,"ix":2,"mn":"ADBE Vector Group","hd":false}],"ip":0,"op":480,"st":0,"bm":0},{"ddd":0,"ind":3,"ty":4,"nm":"Sound 01","parent":1,"sr":1,"ks":{"o":{"a":1,"k":[{"i":{"x":[0.667],"y":[1]},"o":{"x":[0.333],"y":[0]},"t":30,"s":[100]},{"t":40,"s":[0],"h":1},{"i":{"x":[0.667],"y":[1]},"o":{"x":[0.333],"y":[19.2]},"t":70,"s":[100]},{"i":{"x":[0.667],"y":[1]},"o":{"x":[0.333],"y":[0]},"t":90,"s":[100]},{"t":100,"s":[0],"h":1},{"i":{"x":[0.667],"y":[1]},"o":{"x":[0.333],"y":[19.2]},"t":130,"s":[100]},{"i":{"x":[0.667],"y":[1]},"o":{"x":[0.333],"y":[0]},"t":150,"s":[100]},{"t":160,"s":[0]}],"ix":11},"r":{"a":0,"k":0,"ix":10},"p":{"a":0,"k":[516.938,228.501,0],"ix":2,"l":2},"a":{"a":0,"k":[-61.731,160.903,0],"ix":1,"l":2},"s":{"a":1,"k":[{"i":{"x":[0.667,0.667,0.667],"y":[1,1,1]},"o":{"x":[0.333,0.333,0.333],"y":[0,0,0]},"t":10,"s":[0,0,100]},{"i":{"x":[0.667,0.667,0.667],"y":[1,1,1]},"o":{"x":[0.333,0.333,0.333],"y":[0,0,0]},"t":30,"s":[100,100,100]},{"i":{"x":[0.667,0.667,0.667],"y":[1,1,1]},"o":{"x":[0.333,0.333,0.333],"y":[0,0,0]},"t":70,"s":[0,0,100]},{"i":{"x":[0.667,0.667,0.667],"y":[1,1,1]},"o":{"x":[0.333,0.333,0.333],"y":[0,0,0]},"t":90,"s":[100,100,100]},{"i":{"x":[0.667,0.667,0.667],"y":[1,1,1]},"o":{"x":[0.333,0.333,0.333],"y":[0,0,0]},"t":130,"s":[0,0,100]},{"t":150,"s":[100,100,100]}],"ix":6,"l":2}},"ao":0,"shapes":[{"ty":"gr","it":[{"ind":0,"ty":"sh","ix":1,"ks":{"a":0,"k":{"i":[[-3.693,2.101],[-0.546,2.14],[0,0],[-0.513,2.542],[0,0],[-0.132,2.591],[0,0],[0.244,5.169],[2.635,9.983],[0.798,2.455],[0,0],[2.075,4.729],[15.995,13.152],[4.472,2.651],[0,0],[2.276,1.246],[0,0],[2.404,0.985],[0,0],[1.904,-0.909],[-2.308,-3.7],[-0.867,-0.624],[-1.359,-0.538],[0,0],[0,0],[-1.197,-0.59],[0,0],[-2.276,-1.383],[-2.154,-1.563],[-9.681,-18.922],[-0.281,-21.31],[0.101,-2.664],[0.529,-2.622],[0,0],[0.317,-1.296],[0,0],[0,0],[-0.01,-1.146],[-0.428,-0.974]],"o":[[1.85,-1.005],[0,0],[0.617,-2.524],[0,0],[0.331,-2.573],[0,0],[0.479,-5.173],[-0.545,-10.34],[-0.485,-2.546],[0,0],[-1.911,-4.794],[-9.317,-18.453],[-4.067,-3.205],[0,0],[-2.175,-1.416],[0,0],[-2.359,-1.08],[0,0],[-2.056,-0.797],[-3.86,1.764],[0.537,0.917],[0.919,0.679],[0,0],[0,0],[1.235,0.506],[0,0],[2.432,1.114],[2.211,1.49],[17.164,12.666],[9.464,19.029],[0.012,2.66],[-0.218,2.653],[0,0],[-0.226,1.315],[0,0],[0,0],[-0.362,1.414],[-0.003,1.069],[1.642,4.04]],"v":[[45.247,96.327],[49.001,91.558],[50.938,83.998],[52.811,76.435],[53.972,68.73],[55.009,61.022],[55.393,53.25],[55.183,37.728],[50.045,7.194],[47.763,-0.204],[45.259,-7.54],[38.982,-21.707],[0.505,-69.835],[-11.95,-79.111],[-18.461,-83.371],[-25.309,-87.064],[-32.224,-90.655],[-39.443,-93.585],[-46.698,-96.463],[-52.768,-96.226],[-55.953,-85.467],[-53.825,-83.113],[-50.736,-81.639],[-43.279,-78.687],[-39.555,-77.212],[-35.971,-75.423],[-28.862,-71.736],[-22.057,-67.535],[-15.393,-63.122],[25.516,-14.848],[40.402,46.634],[40.078,54.618],[39.477,62.59],[38.279,70.507],[37.62,74.457],[36.625,78.336],[34.628,86.103],[34.005,89.472],[34.664,92.581]],"c":true},"ix":2},"nm":"Path 1","mn":"ADBE Vector Shape - Group","hd":false},{"ind":1,"ty":"sh","ix":2,"ks":{"a":0,"k":{"i":[[2.862,-1.378],[2.954,1.162],[1.172,2.92],[-0.045,1.571],[-0.315,1.127],[0,0],[0,0],[-0.253,1.278],[0,0],[-0.281,2.595],[-0.054,2.61],[2.623,10.166],[4.407,9.491],[16.975,12.192],[2.203,1.397],[2.41,1.031],[0,0],[1.217,0.464],[0,0],[0,0],[1.218,0.912],[0.828,1.338],[-0.861,3.062],[-2.845,1.472],[-2.892,-1.054],[0,0],[-2.459,-1.056],[0,0],[-2.283,-1.406],[0,0],[-4.246,-3.297],[-9.964,-19.117],[-1.976,-5.006],[0,0],[-0.506,-2.654],[-0.374,-10.747],[0.621,-5.354],[0,0],[0.41,-2.648],[0,0],[0.701,-2.582],[0,0]],"o":[[-2.861,1.433],[-2.98,-1.105],[-0.594,-1.456],[-0.021,-1.52],[0,0],[0,0],[0.343,-1.258],[0,0],[0.587,-2.556],[0.164,-2.605],[-0.151,-10.427],[-2.154,-10.277],[-9.797,-18.539],[-2.13,-1.507],[-2.262,-1.3],[0,0],[-1.182,-0.548],[0,0],[0,0],[-1.095,-0.409],[-1.299,-0.888],[-1.673,-2.668],[0.816,-3.066],[2.802,-1.505],[0,0],[2.5,0.954],[0,0],[2.38,1.227],[0,0],[4.688,2.655],[16.777,13.433],[2.16,4.933],[0,0],[0.826,2.562],[2.624,10.445],[0.121,5.377],[0,0],[-0.208,2.674],[0,0],[-0.595,2.609],[0,0],[-0.834,2.965]],"v":[[47.117,100.004],[37.829,100.454],[31.229,94.019],[30.383,89.415],[31.269,85.04],[33.404,77.522],[34.474,73.762],[35.212,69.925],[36.579,62.219],[37.363,54.436],[37.883,46.616],[34.513,15.486],[23.883,-14.017],[-16.942,-60.962],[-23.547,-65.168],[-30.297,-69.118],[-37.328,-72.551],[-40.864,-74.215],[-44.534,-75.566],[-51.864,-78.267],[-55.924,-80.127],[-59.153,-83.525],[-60.473,-92.655],[-54.641,-99.902],[-45.354,-100.561],[-37.82,-97.785],[-30.309,-94.939],[-23.083,-91.41],[-15.917,-87.759],[-9.073,-83.517],[4.034,-74.168],[44.701,-24.617],[51.203,-9.827],[53.795,-2.173],[56.149,5.548],[60.904,37.418],[60.712,53.522],[60.109,61.551],[58.839,69.496],[57.435,77.413],[55.311,85.162],[53.117,92.886]],"c":true},"ix":2},"nm":"Path 2","mn":"ADBE Vector Shape - Group","hd":false},{"ty":"mm","mm":1,"nm":"Merge Paths 1","mn":"ADBE Vector Filter - Merge","hd":false},{"ty":"mm","mm":4,"nm":"Merge Paths 2","mn":"ADBE Vector Filter - Merge","hd":false},{"ty":"fl","c":{"a":0,"k":[0,0.086000001197,0.219999994016,1],"ix":4},"o":{"a":0,"k":100,"ix":5},"r":1,"bm":0,"nm":"Fill 1","mn":"ADBE Vector Graphic - Fill","hd":false},{"ty":"tr","p":{"a":0,"k":[61.583,101.865],"ix":2},"a":{"a":0,"k":[0,0],"ix":1},"s":{"a":0,"k":[100,100],"ix":3},"r":{"a":0,"k":0,"ix":6},"o":{"a":0,"k":100,"ix":7},"sk":{"a":0,"k":0,"ix":4},"sa":{"a":0,"k":0,"ix":5},"nm":"Transform"}],"nm":"Group 1","np":5,"cix":2,"bm":0,"ix":1,"mn":"ADBE Vector Group","hd":false},{"ty":"gr","it":[{"ind":0,"ty":"sh","ix":1,"ks":{"a":0,"k":{"i":[[2.194,-1.117],[2.526,0.823],[-1.645,5.054],[69.458,22.601],[-1.646,5.054],[-5.052,-1.647],[25.885,-79.549]],"o":[[-2.194,1.117],[-5.054,-1.643],[22.599,-69.459],[-5.054,-1.644],[1.642,-5.054],[79.55,25.882],[-0.821,2.527]],"v":[[37.822,98.527],[30.48,99.102],[24.307,86.974],[-60.673,-79.979],[-66.845,-92.106],[-54.719,-98.278],[42.606,92.928]],"c":true},"ix":2},"nm":"Path 1","mn":"ADBE Vector Shape - Group","hd":false},{"ty":"mm","mm":4,"nm":"Merge Paths 1","mn":"ADBE Vector Filter - Merge","hd":false},{"ty":"fl","c":{"a":0,"k":[1,1,1,1],"ix":4},"o":{"a":0,"k":100,"ix":5},"r":1,"bm":0,"nm":"Fill 1","mn":"ADBE Vector Graphic - Fill","hd":false},{"ty":"tr","p":{"a":0,"k":[69.943,101.503],"ix":2},"a":{"a":0,"k":[0,0],"ix":1},"s":{"a":0,"k":[100,100],"ix":3},"r":{"a":0,"k":0,"ix":6},"o":{"a":0,"k":100,"ix":7},"sk":{"a":0,"k":0,"ix":4},"sa":{"a":0,"k":0,"ix":5},"nm":"Transform"}],"nm":"Group 2","np":3,"cix":2,"bm":0,"ix":2,"mn":"ADBE Vector Group","hd":false}],"ip":0,"op":480,"st":0,"bm":0}],"markers":[]}