{"v":"4.8.0","meta":{"g":"LottieFiles AE ","a":"","k":"","d":"","tc":""},"fr":60,"ip":0,"op":260,"w":512,"h":387,"nm":"12. No notifications","ddd":0,"assets":[{"id":"comp_0","layers":[{"ddd":0,"ind":1,"ty":4,"nm":"face","parent":2,"sr":1,"ks":{"o":{"a":0,"k":100,"ix":11},"r":{"a":1,"k":[{"i":{"x":[0.833],"y":[1]},"o":{"x":[0.333],"y":[0]},"t":10,"s":[0]},{"i":{"x":[0.833],"y":[1]},"o":{"x":[0.167],"y":[0]},"t":45,"s":[-13]},{"i":{"x":[0.833],"y":[1]},"o":{"x":[0.167],"y":[0]},"t":64,"s":[5]},{"i":{"x":[0.833],"y":[1]},"o":{"x":[0.167],"y":[0]},"t":103,"s":[-13]},{"i":{"x":[0.833],"y":[1]},"o":{"x":[0.167],"y":[0]},"t":180,"s":[-13]},{"i":{"x":[0.667],"y":[1]},"o":{"x":[0.167],"y":[0]},"t":195,"s":[5]},{"t":230,"s":[0]}],"ix":10},"p":{"a":1,"k":[{"i":{"x":0.667,"y":1},"o":{"x":0.333,"y":0},"t":10,"s":[271.47,125.56,0],"to":[1.081,4.439,0],"ti":[-0.296,0,0]},{"i":{"x":0.667,"y":1},"o":{"x":0.333,"y":0},"t":45,"s":[276.225,130.56,0],"to":[0.141,0,0],"ti":[-0.229,7.145,0]},{"i":{"x":0.667,"y":1},"o":{"x":0.333,"y":0},"t":64,"s":[272.47,122.56,0],"to":[-0.129,5.142,0],"ti":[-0.296,0,0]},{"i":{"x":0.667,"y":1},"o":{"x":0.167,"y":0},"t":103,"s":[276.225,130.56,0],"to":[0.141,0,0],"ti":[0,0,0]},{"i":{"x":0.667,"y":1},"o":{"x":0.167,"y":0},"t":180,"s":[272.225,126.56,0],"to":[0,0,0],"ti":[-0.229,7.145,0]},{"i":{"x":0.667,"y":1},"o":{"x":0.333,"y":0},"t":195,"s":[272.47,122.56,0],"to":[-0.129,5.142,0],"ti":[-1.081,-4.439,0]},{"t":230,"s":[271.47,125.56,0]}],"ix":2},"a":{"a":0,"k":[271.47,125.56,0],"ix":1},"s":{"a":0,"k":[100,100,100],"ix":6}},"ao":0,"shapes":[{"ty":"gr","it":[{"ind":0,"ty":"sh","ix":1,"ks":{"a":1,"k":[{"i":{"x":0.833,"y":1},"o":{"x":0.703,"y":0},"t":10,"s":[{"i":[[-0.436,-0.901],[0.9,-0.435],[0.436,0.901],[-0.901,0.436]],"o":[[0.436,0.901],[-0.901,0.436],[-0.436,-0.901],[0.9,-0.435]],"v":[[1.632,-0.789],[0.789,1.631],[-1.632,0.789],[-0.788,-1.631]],"c":true}]},{"i":{"x":0.164,"y":1},"o":{"x":0.794,"y":0},"t":48,"s":[{"i":[[-0.575,-1.188],[1.187,-0.574],[0.575,1.188],[-1.188,0.575]],"o":[[0.575,1.188],[-1.188,0.575],[-0.575,-1.188],[1.187,-0.574]],"v":[[1.493,-1.699],[0.382,1.492],[-2.81,0.382],[-1.698,-2.809]],"c":true}]},{"i":{"x":0.067,"y":1},"o":{"x":0.738,"y":0},"t":67,"s":[{"i":[[-0.525,-1.086],[3.441,-1.709],[0.372,1.147],[-2.956,1.214]],"o":[[0.525,1.086],[-3.013,1.497],[-0.883,-2.724],[2.157,-0.886]],"v":[[5.756,0.413],[3.195,5.399],[-2.555,3.352],[-3.366,-4.07]],"c":true}]},{"i":{"x":0.154,"y":1},"o":{"x":0.558,"y":0},"t":106,"s":[{"i":[[-0.436,-0.901],[0.9,-0.435],[0.436,0.901],[-0.901,0.436]],"o":[[0.436,0.901],[-0.901,0.436],[-0.436,-0.901],[0.9,-0.435]],"v":[[1.632,-0.789],[0.789,1.631],[-1.632,0.789],[-0.788,-1.631]],"c":true}]},{"i":{"x":0.067,"y":1},"o":{"x":0.167,"y":0},"t":134,"s":[{"i":[[-0.803,-1.661],[1.659,-0.802],[0.803,1.661],[-1.661,0.803]],"o":[[0.803,1.661],[-1.661,0.803],[-0.803,-1.661],[1.659,-0.802]],"v":[[1.264,-1.028],[-0.288,3.432],[-4.75,1.88],[-3.196,-2.581]],"c":true}]},{"i":{"x":0.164,"y":1},"o":{"x":0.515,"y":0},"t":183,"s":[{"i":[[-0.436,-0.901],[0.9,-0.435],[0.436,0.901],[-0.901,0.436]],"o":[[0.436,0.901],[-0.901,0.436],[-0.436,-0.901],[0.9,-0.435]],"v":[[1.632,-0.789],[0.789,1.631],[-1.632,0.789],[-0.788,-1.631]],"c":true}]},{"i":{"x":0.294,"y":1},"o":{"x":0.738,"y":0},"t":198,"s":[{"i":[[-0.525,-1.086],[3.441,-1.709],[0.372,1.147],[-2.956,1.214]],"o":[[0.525,1.086],[-3.013,1.497],[-0.883,-2.724],[2.157,-0.886]],"v":[[5.756,0.413],[3.195,5.399],[-2.555,3.352],[-3.366,-4.07]],"c":true}]},{"t":233,"s":[{"i":[[-0.436,-0.901],[0.9,-0.435],[0.436,0.901],[-0.901,0.436]],"o":[[0.436,0.901],[-0.901,0.436],[-0.436,-0.901],[0.9,-0.435]],"v":[[1.632,-0.789],[0.789,1.631],[-1.632,0.789],[-0.788,-1.631]],"c":true}]}],"ix":2},"nm":"Path 1","mn":"ADBE Vector Shape - Group","hd":false},{"ty":"fl","c":{"a":0,"k":[0.144999994016,0.144999994016,0.144999994016,1],"ix":4},"o":{"a":0,"k":100,"ix":5},"r":1,"bm":0,"nm":"Fill 1","mn":"ADBE Vector Graphic - Fill","hd":false},{"ty":"tr","p":{"a":0,"k":[275.298,132.96],"ix":2},"a":{"a":0,"k":[0,0],"ix":1},"s":{"a":0,"k":[100,100],"ix":3},"r":{"a":0,"k":0,"ix":6},"o":{"a":0,"k":100,"ix":7},"sk":{"a":0,"k":0,"ix":4},"sa":{"a":0,"k":0,"ix":5},"nm":"Transform"}],"nm":"Group 1","np":2,"cix":2,"bm":0,"ix":1,"mn":"ADBE Vector Group","hd":false},{"ty":"gr","it":[{"ind":0,"ty":"sh","ix":1,"ks":{"a":1,"k":[{"i":{"x":0.833,"y":1},"o":{"x":0.167,"y":0},"t":48,"s":[{"i":[[0,0],[1.31,-3.43]],"o":[[0,0],[0,0]],"v":[[2.132,-1.356],[-2.132,1.715]],"c":false}]},{"i":{"x":0.833,"y":1},"o":{"x":0.167,"y":0},"t":67,"s":[{"i":[[0,0],[1.31,-3.43]],"o":[[0,0],[0,0]],"v":[[0.957,-2.911],[-3.306,0.16]],"c":false}]},{"i":{"x":0.833,"y":1},"o":{"x":0.167,"y":0},"t":106,"s":[{"i":[[0,0],[1.31,-3.43]],"o":[[0,0],[0,0]],"v":[[1.822,-0.491],[-2.441,2.58]],"c":false}]},{"i":{"x":0.833,"y":1},"o":{"x":0.167,"y":0},"t":183,"s":[{"i":[[0,0],[1.31,-3.43]],"o":[[0,0],[0,0]],"v":[[1.822,-0.491],[-2.441,2.58]],"c":false}]},{"i":{"x":0.833,"y":1},"o":{"x":0.167,"y":0},"t":198,"s":[{"i":[[0,0],[1.31,-3.43]],"o":[[0,0],[0,0]],"v":[[0.957,-2.911],[-3.306,0.16]],"c":false}]},{"t":233,"s":[{"i":[[0,0],[1.31,-3.43]],"o":[[0,0],[0,0]],"v":[[2.132,-1.356],[-2.132,1.715]],"c":false}]}],"ix":2},"nm":"Path 1","mn":"ADBE Vector Shape - Group","hd":false},{"ty":"st","c":{"a":0,"k":[0.144999994016,0.144999994016,0.144999994016,1],"ix":3},"o":{"a":0,"k":100,"ix":4},"w":{"a":0,"k":1,"ix":5},"lc":2,"lj":2,"bm":0,"nm":"Stroke 1","mn":"ADBE Vector Graphic - Stroke","hd":false},{"ty":"tr","p":{"a":0,"k":[263.793,120.606],"ix":2},"a":{"a":0,"k":[0,0],"ix":1},"s":{"a":0,"k":[100,100],"ix":3},"r":{"a":0,"k":0,"ix":6},"o":{"a":0,"k":100,"ix":7},"sk":{"a":0,"k":0,"ix":4},"sa":{"a":0,"k":0,"ix":5},"nm":"Transform"}],"nm":"Group 2","np":2,"cix":2,"bm":0,"ix":2,"mn":"ADBE Vector Group","hd":false},{"ty":"gr","it":[{"ind":0,"ty":"sh","ix":1,"ks":{"a":1,"k":[{"i":{"x":0.833,"y":1},"o":{"x":0.167,"y":0},"t":48,"s":[{"i":[[0,0],[4.172,-1.612]],"o":[[0,0],[0,0]],"v":[[2.99,1.544],[-2.99,0.068]],"c":false}]},{"i":{"x":0.833,"y":1},"o":{"x":0.167,"y":0},"t":67,"s":[{"i":[[0,0],[4.172,-1.612]],"o":[[0,0],[0,0]],"v":[[1.804,-0.375],[-4.176,-1.852]],"c":false}]},{"i":{"x":0.833,"y":1},"o":{"x":0.167,"y":0},"t":106,"s":[{"i":[[0,0],[4.172,-1.612]],"o":[[0,0],[0,0]],"v":[[2.898,2.384],[-3.082,0.907]],"c":false}]},{"i":{"x":0.833,"y":1},"o":{"x":0.167,"y":0},"t":183,"s":[{"i":[[0,0],[4.172,-1.612]],"o":[[0,0],[0,0]],"v":[[2.898,2.384],[-3.082,0.907]],"c":false}]},{"i":{"x":0.833,"y":1},"o":{"x":0.167,"y":0},"t":198,"s":[{"i":[[0,0],[4.172,-1.612]],"o":[[0,0],[0,0]],"v":[[1.804,-0.375],[-4.176,-1.852]],"c":false}]},{"t":233,"s":[{"i":[[0,0],[4.172,-1.612]],"o":[[0,0],[0,0]],"v":[[2.99,1.544],[-2.99,0.068]],"c":false}]}],"ix":2},"nm":"Path 1","mn":"ADBE Vector Shape - Group","hd":false},{"ty":"st","c":{"a":0,"k":[0.144999994016,0.144999994016,0.144999994016,1],"ix":3},"o":{"a":0,"k":100,"ix":4},"w":{"a":0,"k":1,"ix":5},"lc":2,"lj":2,"bm":0,"nm":"Stroke 1","mn":"ADBE Vector Graphic - Stroke","hd":false},{"ty":"tr","p":{"a":0,"k":[278.289,116.746],"ix":2},"a":{"a":0,"k":[0,0],"ix":1},"s":{"a":0,"k":[100,100],"ix":3},"r":{"a":0,"k":0,"ix":6},"o":{"a":0,"k":100,"ix":7},"sk":{"a":0,"k":0,"ix":4},"sa":{"a":0,"k":0,"ix":5},"nm":"Transform"}],"nm":"Group 3","np":2,"cix":2,"bm":0,"ix":3,"mn":"ADBE Vector Group","hd":false},{"ty":"gr","it":[{"ind":0,"ty":"sh","ix":1,"ks":{"a":1,"k":[{"i":{"x":0.833,"y":1},"o":{"x":0.167,"y":0},"t":48,"s":[{"i":[[0,0],[2.574,-0.602],[0,0]],"o":[[0,0],[-3.15,0.737],[0,0]],"v":[[2.837,-3.177],[0.39,2.44],[-2.965,-1.561]],"c":false}]},{"i":{"x":0.833,"y":1},"o":{"x":0.167,"y":0},"t":67,"s":[{"i":[[0,0],[2.574,-0.602],[0,0]],"o":[[0,0],[-3.15,0.737],[0,0]],"v":[[2.837,-3.177],[0.383,1.893],[-2.965,-1.561]],"c":false}]},{"i":{"x":0.833,"y":1},"o":{"x":0.167,"y":0},"t":106,"s":[{"i":[[0,0],[2.574,-0.602],[0,0]],"o":[[0,0],[-3.15,0.737],[0,0]],"v":[[2.837,-3.177],[0.39,2.44],[-2.965,-1.561]],"c":false}]},{"i":{"x":0.833,"y":1},"o":{"x":0.167,"y":0},"t":183,"s":[{"i":[[0,0],[2.574,-0.602],[0,0]],"o":[[0,0],[-3.15,0.737],[0,0]],"v":[[2.837,-3.177],[0.39,2.44],[-2.965,-1.561]],"c":false}]},{"i":{"x":0.833,"y":1},"o":{"x":0.167,"y":0},"t":198,"s":[{"i":[[0,0],[2.574,-0.602],[0,0]],"o":[[0,0],[-3.15,0.737],[0,0]],"v":[[2.837,-3.177],[0.383,1.893],[-2.965,-1.561]],"c":false}]},{"t":233,"s":[{"i":[[0,0],[2.574,-0.602],[0,0]],"o":[[0,0],[-3.15,0.737],[0,0]],"v":[[2.837,-3.177],[0.39,2.44],[-2.965,-1.561]],"c":false}]}],"ix":2},"nm":"Path 1","mn":"ADBE Vector Shape - Group","hd":false},{"ty":"st","c":{"a":0,"k":[0.144999994016,0.144999994016,0.144999994016,1],"ix":3},"o":{"a":0,"k":100,"ix":4},"w":{"a":0,"k":1,"ix":5},"lc":2,"lj":2,"bm":0,"nm":"Stroke 1","mn":"ADBE Vector Graphic - Stroke","hd":false},{"ty":"tr","p":{"a":0,"k":[265.069,127.376],"ix":2},"a":{"a":0,"k":[0,0],"ix":1},"s":{"a":0,"k":[100,100],"ix":3},"r":{"a":0,"k":0,"ix":6},"o":{"a":0,"k":100,"ix":7},"sk":{"a":0,"k":0,"ix":4},"sa":{"a":0,"k":0,"ix":5},"nm":"Transform"}],"nm":"Group 4","np":2,"cix":2,"bm":0,"ix":4,"mn":"ADBE Vector Group","hd":false},{"ty":"gr","it":[{"ind":0,"ty":"sh","ix":1,"ks":{"a":1,"k":[{"i":{"x":0.833,"y":1},"o":{"x":0.167,"y":0},"t":48,"s":[{"i":[[0,0],[2.866,-0.714],[0,0]],"o":[[0,0],[-3.508,0.874],[0,0]],"v":[[3.212,-3.565],[0.391,2.69],[-3.257,-1.668]],"c":false}]},{"i":{"x":0.833,"y":1},"o":{"x":0.167,"y":0},"t":67,"s":[{"i":[[0,0],[2.866,-0.714],[0,0]],"o":[[0,0],[-3.508,0.874],[0,0]],"v":[[3.212,-3.565],[0.508,1.898],[-3.257,-1.668]],"c":false}]},{"i":{"x":0.833,"y":1},"o":{"x":0.167,"y":0},"t":106,"s":[{"i":[[0,0],[2.866,-0.714],[0,0]],"o":[[0,0],[-3.508,0.874],[0,0]],"v":[[3.212,-3.565],[0.391,2.69],[-3.257,-1.668]],"c":false}]},{"i":{"x":0.833,"y":1},"o":{"x":0.167,"y":0},"t":183,"s":[{"i":[[0,0],[2.866,-0.714],[0,0]],"o":[[0,0],[-3.508,0.874],[0,0]],"v":[[3.212,-3.565],[0.391,2.69],[-3.257,-1.668]],"c":false}]},{"i":{"x":0.833,"y":1},"o":{"x":0.167,"y":0},"t":198,"s":[{"i":[[0,0],[2.866,-0.714],[0,0]],"o":[[0,0],[-3.508,0.874],[0,0]],"v":[[3.212,-3.565],[0.508,1.898],[-3.257,-1.668]],"c":false}]},{"t":233,"s":[{"i":[[0,0],[2.866,-0.714],[0,0]],"o":[[0,0],[-3.508,0.874],[0,0]],"v":[[3.212,-3.565],[0.391,2.69],[-3.257,-1.668]],"c":false}]}],"ix":2},"nm":"Path 1","mn":"ADBE Vector Shape - Group","hd":false},{"ty":"st","c":{"a":0,"k":[0.144999994016,0.144999994016,0.144999994016,1],"ix":3},"o":{"a":0,"k":100,"ix":4},"w":{"a":0,"k":1,"ix":5},"lc":2,"lj":2,"bm":0,"nm":"Stroke 1","mn":"ADBE Vector Graphic - Stroke","hd":false},{"ty":"tr","p":{"a":0,"k":[276.618,124.212],"ix":2},"a":{"a":0,"k":[0,0],"ix":1},"s":{"a":0,"k":[100,100],"ix":3},"r":{"a":0,"k":0,"ix":6},"o":{"a":0,"k":100,"ix":7},"sk":{"a":0,"k":0,"ix":4},"sa":{"a":0,"k":0,"ix":5},"nm":"Transform"}],"nm":"Group 5","np":2,"cix":2,"bm":0,"ix":5,"mn":"ADBE Vector Group","hd":false}],"ip":0,"op":601,"st":0,"bm":0},{"ddd":0,"ind":2,"ty":4,"nm":"head","sr":1,"ks":{"o":{"a":0,"k":100,"ix":11},"r":{"a":1,"k":[{"i":{"x":[0.219],"y":[1]},"o":{"x":[0.376],"y":[0]},"t":10,"s":[-17]},{"i":{"x":[0.22],"y":[1]},"o":{"x":[0.303],"y":[0]},"t":50,"s":[0]},{"i":{"x":[0.22],"y":[1]},"o":{"x":[0.167],"y":[0]},"t":138,"s":[-17]},{"i":{"x":[0.566],"y":[1]},"o":{"x":[0.179],"y":[0]},"t":180,"s":[-17]},{"i":{"x":[0.84],"y":[1]},"o":{"x":[0.387],"y":[0]},"t":198,"s":[-9]},{"t":230,"s":[-17]}],"ix":10},"p":{"s":true,"x":{"a":0,"k":279.25,"ix":3},"y":{"a":1,"k":[{"i":{"x":[0.409],"y":[1]},"o":{"x":[0.333],"y":[0]},"t":50,"s":[148.652]},{"i":{"x":[0.202],"y":[1]},"o":{"x":[0.167],"y":[0]},"t":67,"s":[140.652]},{"i":{"x":[0.202],"y":[1]},"o":{"x":[0.333],"y":[0]},"t":108,"s":[144.652]},{"i":{"x":[0.409],"y":[1]},"o":{"x":[0.333],"y":[0]},"t":180,"s":[144.652]},{"i":{"x":[0.667],"y":[1]},"o":{"x":[0.167],"y":[0]},"t":195,"s":[140.652]},{"t":230,"s":[148.652]}],"ix":4}},"a":{"a":0,"k":[279.25,144.652,0],"ix":1},"s":{"a":1,"k":[{"i":{"x":[0.202,0.256,0.833],"y":[1,1,1]},"o":{"x":[0.333,0.333,0.333],"y":[0,0,0]},"t":53,"s":[100,100,100]},{"i":{"x":[0.335,0.312,0.833],"y":[1,1,1]},"o":{"x":[0.167,0.167,0.167],"y":[0,0,0]},"t":70,"s":[97,103,100]},{"i":{"x":[0.833,0.833,0.833],"y":[1,1,1]},"o":{"x":[0.167,0.167,0.167],"y":[0,0,0]},"t":113,"s":[104,96,100]},{"i":{"x":[0.202,0.256,0.833],"y":[1,1,1]},"o":{"x":[0.167,0.167,0.167],"y":[0,0,0]},"t":182,"s":[100,100,100]},{"i":{"x":[0.833,0.833,0.833],"y":[1,1,1]},"o":{"x":[0.167,0.167,0.167],"y":[0,0,0]},"t":198,"s":[97,103,100]},{"t":233,"s":[100,100,100]}],"ix":6}},"ao":0,"shapes":[{"ty":"gr","it":[{"ind":0,"ty":"sh","ix":1,"ks":{"a":1,"k":[{"i":{"x":0.833,"y":1},"o":{"x":0.167,"y":0},"t":14,"s":[{"i":[[1.734,0.823],[2.968,2.904],[17.39,1.191],[0.936,5.386],[-10.602,-1.203],[-11.408,-7.146],[-17.147,-11.185],[-1.296,-3.903]],"o":[[-2.499,-1.187],[0,0],[-15.121,-1.036],[-0.493,-2.842],[0,0],[0,0],[5.247,3.422],[0.605,1.822]],"v":[[32.421,8.661],[23.682,2.65],[-14.734,16.994],[-35.555,5.601],[-20.935,-3.038],[-6.454,-6.266],[26.214,-7.001],[35.443,5.995]],"c":true}]},{"i":{"x":0,"y":1},"o":{"x":0.557,"y":0},"t":50,"s":[{"i":[[1.734,0.823],[2.968,2.904],[17.39,1.191],[-0.546,7.388],[-10.511,-1.833],[-10.961,-7.814],[-16.45,-12.187],[-1.296,-3.903]],"o":[[-2.499,-1.187],[0,0],[-15.121,-1.036],[0.213,-2.877],[0,0],[0,0],[5.033,3.729],[0.605,1.822]],"v":[[34.671,12.161],[25.557,6.65],[-12.109,20.994],[-33.67,1.6],[-20.31,-4.152],[-5.662,-6.51],[26.991,-5.293],[35.443,5.995]],"c":true}]},{"i":{"x":0,"y":1},"o":{"x":0.405,"y":0},"t":64,"s":[{"i":[[1.734,0.823],[2.968,2.904],[16.591,5.346],[-3.309,4.352],[-5.383,-5.376],[-6.128,-10.654],[-17.147,-11.185],[-1.296,-3.903]],"o":[[-2.499,-1.187],[0,0],[-14.426,-4.648],[1.788,-2.352],[0,0],[0,0],[5.247,3.422],[0.605,1.822]],"v":[[32.421,8.661],[23.682,2.65],[-18.155,12.423],[-31.91,-11.422],[-16.443,-10.084],[-1.634,-9.174],[26.214,-7.001],[35.443,5.995]],"c":true}]},{"i":{"x":0.773,"y":1},"o":{"x":1,"y":0},"t":108,"s":[{"i":[[1.734,0.823],[2.968,2.904],[17.39,1.191],[-0.546,7.388],[-10.511,-1.833],[-10.961,-7.814],[-16.45,-12.187],[-1.296,-3.903]],"o":[[-2.499,-1.187],[0,0],[-15.121,-1.036],[0.213,-2.877],[0,0],[0,0],[5.033,3.729],[0.605,1.822]],"v":[[34.671,12.161],[25.557,6.65],[-12.109,20.994],[-33.67,1.6],[-20.31,-4.152],[-5.662,-6.51],[26.991,-5.293],[35.443,5.995]],"c":true}]},{"i":{"x":0.171,"y":1},"o":{"x":0.722,"y":0},"t":184,"s":[{"i":[[1.734,0.823],[2.968,2.904],[18.599,-1.738],[2.321,4.949],[-10.602,-1.203],[-11.408,-7.146],[-17.147,-11.185],[-1.296,-3.903]],"o":[[-2.499,-1.187],[0,0],[-14.89,1.391],[-1.364,-2.909],[0,0],[0,0],[5.247,3.422],[0.605,1.822]],"v":[[32.421,8.661],[23.682,2.65],[-14.256,16.649],[-35.417,6.89],[-20.087,-4.083],[-5.329,-7.357],[26.214,-7.001],[35.443,5.995]],"c":true}]},{"i":{"x":0,"y":1},"o":{"x":0.388,"y":0},"t":198,"s":[{"i":[[1.734,0.823],[2.968,2.904],[16.591,5.346],[-3.144,4.472],[-10,-3.722],[-9.351,-9.684],[-17.147,-11.185],[-1.296,-3.903]],"o":[[-2.499,-1.187],[0,0],[-14.426,-4.648],[1.699,-2.417],[0,0],[0,0],[5.247,3.422],[0.605,1.822]],"v":[[32.856,9.955],[23.682,2.65],[-18.155,12.423],[-32.611,-8.826],[-17.594,-9.756],[-2.761,-9.4],[26.214,-7.001],[35.764,6.412]],"c":true}]},{"t":233,"s":[{"i":[[1.734,0.823],[2.968,2.904],[17.39,1.191],[0.936,5.386],[-10.602,-1.203],[-11.408,-7.146],[-17.147,-11.185],[-1.296,-3.903]],"o":[[-2.499,-1.187],[0,0],[-15.121,-1.036],[-0.493,-2.842],[0,0],[0,0],[5.247,3.422],[0.605,1.822]],"v":[[32.421,8.661],[23.682,2.65],[-14.734,16.994],[-35.555,5.601],[-20.935,-3.038],[-6.454,-6.266],[26.214,-7.001],[35.443,5.995]],"c":true}]}],"ix":2},"nm":"Path 1","mn":"ADBE Vector Shape - Group","hd":false},{"ty":"fl","c":{"a":0,"k":[0.717999985639,0.442999985639,0.195999998205,1],"ix":4},"o":{"a":0,"k":100,"ix":5},"r":1,"bm":0,"nm":"Fill 1","mn":"ADBE Vector Graphic - Fill","hd":false},{"ty":"tr","p":{"a":0,"k":[268.341,97.387],"ix":2},"a":{"a":0,"k":[0,0],"ix":1},"s":{"a":0,"k":[100,100],"ix":3},"r":{"a":0,"k":0,"ix":6},"o":{"a":0,"k":100,"ix":7},"sk":{"a":0,"k":0,"ix":4},"sa":{"a":0,"k":0,"ix":5},"nm":"Transform"}],"nm":"Group 1","np":2,"cix":2,"bm":0,"ix":1,"mn":"ADBE Vector Group","hd":false},{"ty":"gr","it":[{"ind":0,"ty":"sh","ix":1,"ks":{"a":0,"k":{"i":[[-9.858,-10.992],[-10.992,9.859],[9.858,10.992],[10.992,-9.859]],"o":[[9.858,10.992],[10.991,-9.858],[-9.859,-10.992],[-10.993,9.858]],"v":[[-19.903,17.85],[17.851,19.902],[19.903,-17.85],[-17.85,-19.902]],"c":true},"ix":2},"nm":"Path 1","mn":"ADBE Vector Shape - Group","hd":false},{"ty":"fl","c":{"a":0,"k":[0.929000016755,0.647000002394,0.647000002394,1],"ix":4},"o":{"a":0,"k":100,"ix":5},"r":1,"bm":0,"nm":"Fill 1","mn":"ADBE Vector Graphic - Fill","hd":false},{"ty":"tr","p":{"a":0,"k":[279.089,117.088],"ix":2},"a":{"a":0,"k":[0,0],"ix":1},"s":{"a":0,"k":[100,100],"ix":3},"r":{"a":0,"k":0,"ix":6},"o":{"a":0,"k":100,"ix":7},"sk":{"a":0,"k":0,"ix":4},"sa":{"a":0,"k":0,"ix":5},"nm":"Transform"}],"nm":"Group 2","np":2,"cix":2,"bm":0,"ix":2,"mn":"ADBE Vector Group","hd":false}],"ip":0,"op":601,"st":0,"bm":0},{"ddd":0,"ind":3,"ty":4,"nm":"arm 1","sr":1,"ks":{"o":{"a":0,"k":100,"ix":11},"r":{"a":1,"k":[{"i":{"x":[0.27],"y":[1]},"o":{"x":[0.333],"y":[0]},"t":0,"s":[-6]},{"i":{"x":[0.122],"y":[1]},"o":{"x":[0.198],"y":[0]},"t":50,"s":[0]},{"i":{"x":[0.286],"y":[1]},"o":{"x":[0.333],"y":[0]},"t":120,"s":[-6]},{"i":{"x":[0.156],"y":[1]},"o":{"x":[0.278],"y":[0]},"t":180,"s":[0]},{"t":240,"s":[-6]}],"ix":10},"p":{"a":0,"k":[268.859,127.236,0],"ix":2},"a":{"a":0,"k":[268.859,127.236,0],"ix":1},"s":{"a":0,"k":[100,100,100],"ix":6}},"ao":0,"shapes":[{"ty":"gr","it":[{"ind":0,"ty":"sh","ix":1,"ks":{"a":0,"k":{"i":[[0,0],[14.996,0.828]],"o":[[0,0],[0,0]],"v":[[12.801,-4.261],[-12.802,3.432]],"c":false},"ix":2},"nm":"Path 1","mn":"ADBE Vector Shape - Group","hd":false},{"ty":"st","c":{"a":0,"k":[0.144999994016,0.144999994016,0.144999994016,1],"ix":3},"o":{"a":0,"k":100,"ix":4},"w":{"a":0,"k":1,"ix":5},"lc":2,"lj":2,"bm":0,"nm":"Stroke 1","mn":"ADBE Vector Graphic - Stroke","hd":false},{"ty":"tr","p":{"a":0,"k":[226.647,157.997],"ix":2},"a":{"a":0,"k":[0,0],"ix":1},"s":{"a":0,"k":[100,100],"ix":3},"r":{"a":0,"k":0,"ix":6},"o":{"a":0,"k":100,"ix":7},"sk":{"a":0,"k":0,"ix":4},"sa":{"a":0,"k":0,"ix":5},"nm":"Transform"}],"nm":"Group 1","np":2,"cix":2,"bm":0,"ix":1,"mn":"ADBE Vector Group","hd":false},{"ty":"gr","it":[{"ind":0,"ty":"sh","ix":1,"ks":{"a":0,"k":{"i":[[0,0],[0,0],[0,0],[0,0]],"o":[[1.194,-1.501],[0,0],[0,0],[0,0]],"v":[[35.552,5.704],[37.508,3.41],[7.442,-0.111],[-37.507,-5.704]],"c":false},"ix":2},"nm":"Path 1","mn":"ADBE Vector Shape - Group","hd":false},{"ty":"st","c":{"a":0,"k":[0.144999994016,0.144999994016,0.144999994016,1],"ix":3},"o":{"a":0,"k":100,"ix":4},"w":{"a":0,"k":1,"ix":5},"lc":2,"lj":2,"bm":0,"nm":"Stroke 1","mn":"ADBE Vector Graphic - Stroke","hd":false},{"ty":"tr","p":{"a":0,"k":[241.743,141.242],"ix":2},"a":{"a":0,"k":[0,0],"ix":1},"s":{"a":0,"k":[100,100],"ix":3},"r":{"a":0,"k":0,"ix":6},"o":{"a":0,"k":100,"ix":7},"sk":{"a":0,"k":0,"ix":4},"sa":{"a":0,"k":0,"ix":5},"nm":"Transform"}],"nm":"Group 2","np":2,"cix":2,"bm":0,"ix":2,"mn":"ADBE Vector Group","hd":false},{"ty":"gr","it":[{"ind":0,"ty":"sh","ix":1,"ks":{"a":0,"k":{"i":[[-1.036,34.385],[-20.507,5.469],[-14.5,-0.608],[45.155,-1.242],[0,0],[1.248,-23.821]],"o":[[0.322,-10.688],[20.506,-5.469],[14.5,0.607],[0,0],[0,0],[0,0]],"v":[[-60.07,-1.257],[-30.656,-28.309],[38.32,-35.42],[26.45,-5.725],[46.015,-3.328],[29.832,36.028]],"c":true},"ix":2},"nm":"Path 1","mn":"ADBE Vector Shape - Group","hd":false},{"ty":"fl","c":{"a":0,"k":[0.224000010771,0.493999974868,0.764999988032,1],"ix":4},"o":{"a":0,"k":100,"ix":5},"r":1,"bm":0,"nm":"Fill 1","mn":"ADBE Vector Graphic - Fill","hd":false},{"ty":"tr","p":{"a":0,"k":[233.234,147.98],"ix":2},"a":{"a":0,"k":[0,0],"ix":1},"s":{"a":0,"k":[100,100],"ix":3},"r":{"a":0,"k":0,"ix":6},"o":{"a":0,"k":100,"ix":7},"sk":{"a":0,"k":0,"ix":4},"sa":{"a":0,"k":0,"ix":5},"nm":"Transform"}],"nm":"Group 3","np":2,"cix":2,"bm":0,"ix":3,"mn":"ADBE Vector Group","hd":false}],"ip":0,"op":601,"st":0,"bm":0},{"ddd":0,"ind":4,"ty":4,"nm":"hand 1","parent":3,"sr":1,"ks":{"o":{"a":0,"k":100,"ix":11},"r":{"a":1,"k":[{"i":{"x":[0.411],"y":[1]},"o":{"x":[0.333],"y":[0]},"t":4,"s":[9]},{"i":{"x":[0.271],"y":[1]},"o":{"x":[0.423],"y":[0]},"t":54,"s":[-5]},{"i":{"x":[0.16],"y":[1]},"o":{"x":[0.167],"y":[0]},"t":74,"s":[-17]},{"i":{"x":[0.472],"y":[1]},"o":{"x":[0.333],"y":[0]},"t":124,"s":[9]},{"i":{"x":[0.265],"y":[1]},"o":{"x":[0.317],"y":[0]},"t":184,"s":[0]},{"i":{"x":[0.105],"y":[1]},"o":{"x":[0.167],"y":[0]},"t":204,"s":[-5]},{"t":244,"s":[9]}],"ix":10},"p":{"a":0,"k":[262.932,161.486,0],"ix":2},"a":{"a":0,"k":[262.932,161.486,0],"ix":1},"s":{"a":0,"k":[100,100,100],"ix":6}},"ao":0,"shapes":[{"ty":"gr","it":[{"ind":0,"ty":"sh","ix":1,"ks":{"a":1,"k":[{"i":{"x":0.153,"y":1},"o":{"x":0.551,"y":0},"t":68,"s":[{"i":[[0,0],[9.736,4.193]],"o":[[0,0],[0,0]],"v":[[5.904,5.671],[-5.904,-5.671]],"c":false}]},{"i":{"x":0.034,"y":1},"o":{"x":0.367,"y":0},"t":88,"s":[{"i":[[0,0],[9.736,4.193]],"o":[[0,0],[0,0]],"v":[[3.059,-0.513],[-5.904,-5.671]],"c":false}]},{"i":{"x":0.833,"y":1},"o":{"x":0.167,"y":0},"t":138,"s":[{"i":[[0,0],[9.736,4.193]],"o":[[0,0],[0,0]],"v":[[5.904,5.671],[-5.904,-5.671]],"c":false}]},{"i":{"x":0.153,"y":1},"o":{"x":0.551,"y":0},"t":198,"s":[{"i":[[0,0],[9.736,4.193]],"o":[[0,0],[0,0]],"v":[[5.904,5.671],[-5.904,-5.671]],"c":false}]},{"i":{"x":0.034,"y":1},"o":{"x":0.367,"y":0},"t":218,"s":[{"i":[[0,0],[9.736,4.193]],"o":[[0,0],[0,0]],"v":[[3.059,-0.513],[-5.904,-5.671]],"c":false}]},{"t":258,"s":[{"i":[[0,0],[9.736,4.193]],"o":[[0,0],[0,0]],"v":[[5.904,5.671],[-5.904,-5.671]],"c":false}]}],"ix":2},"nm":"Path 1","mn":"ADBE Vector Shape - Group","hd":false},{"ty":"st","c":{"a":0,"k":[0.144999994016,0.144999994016,0.144999994016,1],"ix":3},"o":{"a":0,"k":100,"ix":4},"w":{"a":0,"k":1,"ix":5},"lc":2,"lj":2,"bm":0,"nm":"Stroke 1","mn":"ADBE Vector Graphic - Stroke","hd":false},{"ty":"tr","p":{"a":0,"k":[299.829,179.787],"ix":2},"a":{"a":0,"k":[0,0],"ix":1},"s":{"a":0,"k":[100,100],"ix":3},"r":{"a":0,"k":0,"ix":6},"o":{"a":0,"k":100,"ix":7},"sk":{"a":0,"k":0,"ix":4},"sa":{"a":0,"k":0,"ix":5},"nm":"Transform"}],"nm":"Group 1","np":2,"cix":2,"bm":0,"ix":1,"mn":"ADBE Vector Group","hd":false},{"ty":"gr","it":[{"ind":0,"ty":"sh","ix":1,"ks":{"a":1,"k":[{"i":{"x":0.153,"y":1},"o":{"x":0.551,"y":0},"t":63,"s":[{"i":[[0,0],[10.357,4.658]],"o":[[0,0],[0,0]],"v":[[7.147,6.578],[-7.147,-6.578]],"c":false}]},{"i":{"x":0.034,"y":1},"o":{"x":0.367,"y":0},"t":83,"s":[{"i":[[0,0],[10.357,4.658]],"o":[[0,0],[0,0]],"v":[[4.356,-0.79],[-7.147,-6.578]],"c":false}]},{"i":{"x":0.833,"y":1},"o":{"x":0.167,"y":0},"t":132,"s":[{"i":[[0,0],[10.357,4.658]],"o":[[0,0],[0,0]],"v":[[7.147,6.578],[-7.147,-6.578]],"c":false}]},{"i":{"x":0.153,"y":1},"o":{"x":0.551,"y":0},"t":193,"s":[{"i":[[0,0],[10.357,4.658]],"o":[[0,0],[0,0]],"v":[[7.147,6.578],[-7.147,-6.578]],"c":false}]},{"i":{"x":0.034,"y":1},"o":{"x":0.367,"y":0},"t":213,"s":[{"i":[[0,0],[10.357,4.658]],"o":[[0,0],[0,0]],"v":[[4.356,-0.79],[-7.147,-6.578]],"c":false}]},{"t":252,"s":[{"i":[[0,0],[10.357,4.658]],"o":[[0,0],[0,0]],"v":[[7.147,6.578],[-7.147,-6.578]],"c":false}]}],"ix":2},"nm":"Path 1","mn":"ADBE Vector Shape - Group","hd":false},{"ty":"st","c":{"a":0,"k":[0.144999994016,0.144999994016,0.144999994016,1],"ix":3},"o":{"a":0,"k":100,"ix":4},"w":{"a":0,"k":1,"ix":5},"lc":2,"lj":2,"bm":0,"nm":"Stroke 1","mn":"ADBE Vector Graphic - Stroke","hd":false},{"ty":"tr","p":{"a":0,"k":[305.836,174.116],"ix":2},"a":{"a":0,"k":[0,0],"ix":1},"s":{"a":0,"k":[100,100],"ix":3},"r":{"a":0,"k":0,"ix":6},"o":{"a":0,"k":100,"ix":7},"sk":{"a":0,"k":0,"ix":4},"sa":{"a":0,"k":0,"ix":5},"nm":"Transform"}],"nm":"Group 2","np":2,"cix":2,"bm":0,"ix":2,"mn":"ADBE Vector Group","hd":false},{"ty":"gr","it":[{"ind":0,"ty":"sh","ix":1,"ks":{"a":1,"k":[{"i":{"x":0.153,"y":1},"o":{"x":0.551,"y":0},"t":57,"s":[{"i":[[0,0],[-4.557,-10.149]],"o":[[0,0],[0,0]],"v":[[-7.564,-7.043],[7.563,7.043]],"c":false}]},{"i":{"x":0.034,"y":1},"o":{"x":0.367,"y":0},"t":77,"s":[{"i":[[0,0],[-6.03,-3.683]],"o":[[0,0],[0,0]],"v":[[-7.564,-7.043],[1.919,-1.959]],"c":false}]},{"i":{"x":0.833,"y":1},"o":{"x":0.167,"y":0},"t":127,"s":[{"i":[[0,0],[-4.557,-10.149]],"o":[[0,0],[0,0]],"v":[[-7.564,-7.043],[7.563,7.043]],"c":false}]},{"i":{"x":0.153,"y":1},"o":{"x":0.551,"y":0},"t":187,"s":[{"i":[[0,0],[-4.557,-10.149]],"o":[[0,0],[0,0]],"v":[[-7.564,-7.043],[7.563,7.043]],"c":false}]},{"i":{"x":0.034,"y":1},"o":{"x":0.367,"y":0},"t":207,"s":[{"i":[[0,0],[-6.03,-3.683]],"o":[[0,0],[0,0]],"v":[[-7.564,-7.043],[1.919,-1.959]],"c":false}]},{"t":247,"s":[{"i":[[0,0],[-4.557,-10.149]],"o":[[0,0],[0,0]],"v":[[-7.564,-7.043],[7.563,7.043]],"c":false}]}],"ix":2},"nm":"Path 1","mn":"ADBE Vector Shape - Group","hd":false},{"ty":"st","c":{"a":0,"k":[0.144999994016,0.144999994016,0.144999994016,1],"ix":3},"o":{"a":0,"k":100,"ix":4},"w":{"a":0,"k":1,"ix":5},"lc":2,"lj":2,"bm":0,"nm":"Stroke 1","mn":"ADBE Vector Graphic - Stroke","hd":false},{"ty":"tr","p":{"a":0,"k":[310.597,166.4],"ix":2},"a":{"a":0,"k":[0,0],"ix":1},"s":{"a":0,"k":[100,100],"ix":3},"r":{"a":0,"k":0,"ix":6},"o":{"a":0,"k":100,"ix":7},"sk":{"a":0,"k":0,"ix":4},"sa":{"a":0,"k":0,"ix":5},"nm":"Transform"}],"nm":"Group 3","np":2,"cix":2,"bm":0,"ix":3,"mn":"ADBE Vector Group","hd":false},{"ty":"gr","it":[{"ind":0,"ty":"sh","ix":1,"ks":{"a":1,"k":[{"i":{"x":0.153,"y":1},"o":{"x":0.551,"y":0},"t":57,"s":[{"i":[[0,0],[4.707,3.259],[7.609,0.487]],"o":[[-2.151,0.48],[-3.424,-2.371],[0,0]],"v":[[14.077,3.612],[5.517,-0.21],[-14.077,-4.092]],"c":false}]},{"i":{"x":0.034,"y":1},"o":{"x":0.367,"y":0},"t":77,"s":[{"i":[[0,0],[4.707,3.259],[7.609,0.487]],"o":[[-2.151,0.48],[-3.424,-2.371],[0,0]],"v":[[13.655,5.057],[5.517,-0.21],[-14.319,-3.114]],"c":false}]},{"i":{"x":0.833,"y":1},"o":{"x":0.167,"y":0},"t":127,"s":[{"i":[[0,0],[4.707,3.259],[7.609,0.487]],"o":[[-2.151,0.48],[-3.424,-2.371],[0,0]],"v":[[14.077,3.612],[5.517,-0.21],[-14.077,-4.092]],"c":false}]},{"i":{"x":0.153,"y":1},"o":{"x":0.551,"y":0},"t":187,"s":[{"i":[[0,0],[4.707,3.259],[7.609,0.487]],"o":[[-2.151,0.48],[-3.424,-2.371],[0,0]],"v":[[14.077,3.612],[5.517,-0.21],[-14.077,-4.092]],"c":false}]},{"i":{"x":0.034,"y":1},"o":{"x":0.367,"y":0},"t":207,"s":[{"i":[[0,0],[4.707,3.259],[7.609,0.487]],"o":[[-2.151,0.48],[-3.424,-2.371],[0,0]],"v":[[13.655,5.057],[5.517,-0.21],[-14.319,-3.114]],"c":false}]},{"t":247,"s":[{"i":[[0,0],[4.707,3.259],[7.609,0.487]],"o":[[-2.151,0.48],[-3.424,-2.371],[0,0]],"v":[[14.077,3.612],[5.517,-0.21],[-14.077,-4.092]],"c":false}]}],"ix":2},"nm":"Path 1","mn":"ADBE Vector Shape - Group","hd":false},{"ty":"st","c":{"a":0,"k":[0.144999994016,0.144999994016,0.144999994016,1],"ix":3},"o":{"a":0,"k":100,"ix":4},"w":{"a":0,"k":1,"ix":5},"lc":2,"lj":2,"bm":0,"nm":"Stroke 1","mn":"ADBE Vector Graphic - Stroke","hd":false},{"ty":"tr","p":{"a":0,"k":[288.408,185.253],"ix":2},"a":{"a":0,"k":[0,0],"ix":1},"s":{"a":0,"k":[100,100],"ix":3},"r":{"a":0,"k":0,"ix":6},"o":{"a":0,"k":100,"ix":7},"sk":{"a":0,"k":0,"ix":4},"sa":{"a":0,"k":0,"ix":5},"nm":"Transform"}],"nm":"Group 4","np":2,"cix":2,"bm":0,"ix":4,"mn":"ADBE Vector Group","hd":false},{"ty":"gr","it":[{"ind":0,"ty":"sh","ix":1,"ks":{"a":1,"k":[{"i":{"x":0.153,"y":1},"o":{"x":0.551,"y":0},"t":68,"s":[{"i":[[0,0],[14.465,1.119]],"o":[[0,0],[0,0]],"v":[[11.199,4.096],[-11.198,-4.096]],"c":false}]},{"i":{"x":0.034,"y":1},"o":{"x":0.367,"y":0},"t":88,"s":[{"i":[[0,0],[14.465,1.119]],"o":[[0,0],[0,0]],"v":[[11.171,5.559],[-11.198,-4.096]],"c":false}]},{"i":{"x":0.833,"y":1},"o":{"x":0.167,"y":0},"t":138,"s":[{"i":[[0,0],[14.465,1.119]],"o":[[0,0],[0,0]],"v":[[11.199,4.096],[-11.198,-4.096]],"c":false}]},{"i":{"x":0.153,"y":1},"o":{"x":0.551,"y":0},"t":198,"s":[{"i":[[0,0],[14.465,1.119]],"o":[[0,0],[0,0]],"v":[[11.199,4.096],[-11.198,-4.096]],"c":false}]},{"i":{"x":0.034,"y":1},"o":{"x":0.367,"y":0},"t":218,"s":[{"i":[[0,0],[14.465,1.119]],"o":[[0,0],[0,0]],"v":[[11.171,5.559],[-11.198,-4.096]],"c":false}]},{"t":258,"s":[{"i":[[0,0],[14.465,1.119]],"o":[[0,0],[0,0]],"v":[[11.199,4.096],[-11.198,-4.096]],"c":false}]}],"ix":2},"nm":"Path 1","mn":"ADBE Vector Shape - Group","hd":false},{"ty":"st","c":{"a":0,"k":[0.929000016755,0.647000002394,0.647000002394,1],"ix":3},"o":{"a":0,"k":100,"ix":4},"w":{"a":0,"k":9,"ix":5},"lc":2,"lj":1,"ml":10,"bm":0,"nm":"Stroke 1","mn":"ADBE Vector Graphic - Stroke","hd":false},{"ty":"tr","p":{"a":0,"k":[290.914,180.682],"ix":2},"a":{"a":0,"k":[0,0],"ix":1},"s":{"a":0,"k":[100,100],"ix":3},"r":{"a":0,"k":0,"ix":6},"o":{"a":0,"k":100,"ix":7},"sk":{"a":0,"k":0,"ix":4},"sa":{"a":0,"k":0,"ix":5},"nm":"Transform"}],"nm":"Group 5","np":2,"cix":2,"bm":0,"ix":5,"mn":"ADBE Vector Group","hd":false},{"ty":"gr","it":[{"ind":0,"ty":"sh","ix":1,"ks":{"a":1,"k":[{"i":{"x":0.153,"y":1},"o":{"x":0.551,"y":0},"t":57,"s":[{"i":[[0,0],[14.525,1.786]],"o":[[0,0],[0,0]],"v":[[10.775,6.673],[-10.775,-6.674]],"c":false}]},{"i":{"x":0.034,"y":1},"o":{"x":0.367,"y":0},"t":77,"s":[{"i":[[0,0],[14.521,2.973]],"o":[[0,0],[0,0]],"v":[[16.087,6.441],[-10.775,-6.674]],"c":false}]},{"i":{"x":0.833,"y":1},"o":{"x":0.167,"y":0},"t":127,"s":[{"i":[[0,0],[14.525,1.786]],"o":[[0,0],[0,0]],"v":[[10.775,6.673],[-10.775,-6.674]],"c":false}]},{"i":{"x":0.153,"y":1},"o":{"x":0.551,"y":0},"t":187,"s":[{"i":[[0,0],[14.525,1.786]],"o":[[0,0],[0,0]],"v":[[10.775,6.673],[-10.775,-6.674]],"c":false}]},{"i":{"x":0.034,"y":1},"o":{"x":0.367,"y":0},"t":207,"s":[{"i":[[0,0],[14.521,2.973]],"o":[[0,0],[0,0]],"v":[[16.087,6.441],[-10.775,-6.674]],"c":false}]},{"t":247,"s":[{"i":[[0,0],[14.525,1.786]],"o":[[0,0],[0,0]],"v":[[10.775,6.673],[-10.775,-6.674]],"c":false}]}],"ix":2},"nm":"Path 1","mn":"ADBE Vector Shape - Group","hd":false},{"ty":"st","c":{"a":0,"k":[0.929000016755,0.647000002394,0.647000002394,1],"ix":3},"o":{"a":0,"k":100,"ix":4},"w":{"a":0,"k":9,"ix":5},"lc":2,"lj":1,"ml":10,"bm":0,"nm":"Stroke 1","mn":"ADBE Vector Graphic - Stroke","hd":false},{"ty":"tr","p":{"a":0,"k":[298.692,176.026],"ix":2},"a":{"a":0,"k":[0,0],"ix":1},"s":{"a":0,"k":[100,100],"ix":3},"r":{"a":0,"k":0,"ix":6},"o":{"a":0,"k":100,"ix":7},"sk":{"a":0,"k":0,"ix":4},"sa":{"a":0,"k":0,"ix":5},"nm":"Transform"}],"nm":"Group 6","np":2,"cix":2,"bm":0,"ix":6,"mn":"ADBE Vector Group","hd":false},{"ty":"gr","it":[{"ind":0,"ty":"sh","ix":1,"ks":{"a":1,"k":[{"i":{"x":0.153,"y":1},"o":{"x":0.551,"y":0},"t":57,"s":[{"i":[[0,0],[14.764,2.461]],"o":[[0,0],[0,0]],"v":[[8.948,7.755],[-8.948,-7.755]],"c":false}]},{"i":{"x":0.034,"y":1},"o":{"x":0.367,"y":0},"t":77,"s":[{"i":[[0,0],[11.657,3.212]],"o":[[0,0],[0,0]],"v":[[11.184,-3.974],[-8.446,-6.624]],"c":false}]},{"i":{"x":0.833,"y":1},"o":{"x":0.167,"y":0},"t":127,"s":[{"i":[[0,0],[14.764,2.461]],"o":[[0,0],[0,0]],"v":[[8.948,7.755],[-8.948,-7.755]],"c":false}]},{"i":{"x":0.153,"y":1},"o":{"x":0.551,"y":0},"t":187,"s":[{"i":[[0,0],[14.764,2.461]],"o":[[0,0],[0,0]],"v":[[8.948,7.755],[-8.948,-7.755]],"c":false}]},{"i":{"x":0.034,"y":1},"o":{"x":0.367,"y":0},"t":207,"s":[{"i":[[0,0],[11.657,3.212]],"o":[[0,0],[0,0]],"v":[[11.184,-3.974],[-8.446,-6.624]],"c":false}]},{"t":247,"s":[{"i":[[0,0],[14.764,2.461]],"o":[[0,0],[0,0]],"v":[[8.948,7.755],[-8.948,-7.755]],"c":false}]}],"ix":2},"nm":"Path 1","mn":"ADBE Vector Shape - Group","hd":false},{"ty":"st","c":{"a":0,"k":[0.929000016755,0.647000002394,0.647000002394,1],"ix":3},"o":{"a":0,"k":100,"ix":4},"w":{"a":0,"k":9,"ix":5},"lc":2,"lj":1,"ml":10,"bm":0,"nm":"Stroke 1","mn":"ADBE Vector Graphic - Stroke","hd":false},{"ty":"tr","p":{"a":0,"k":[306.111,162.716],"ix":2},"a":{"a":0,"k":[0,0],"ix":1},"s":{"a":0,"k":[100,100],"ix":3},"r":{"a":0,"k":0,"ix":6},"o":{"a":0,"k":100,"ix":7},"sk":{"a":0,"k":0,"ix":4},"sa":{"a":0,"k":0,"ix":5},"nm":"Transform"}],"nm":"Group 7","np":2,"cix":2,"bm":0,"ix":7,"mn":"ADBE Vector Group","hd":false},{"ty":"gr","it":[{"ind":0,"ty":"sh","ix":1,"ks":{"a":1,"k":[{"i":{"x":0.153,"y":1},"o":{"x":0.551,"y":0},"t":63,"s":[{"i":[[0,0],[13.982,2.618]],"o":[[0,0],[0,0]],"v":[[10.607,7.536],[-10.607,-7.535]],"c":false}]},{"i":{"x":0.034,"y":1},"o":{"x":0.367,"y":0},"t":83,"s":[{"i":[[0,0],[13.485,6.067]],"o":[[0,0],[0,0]],"v":[[13.722,2.573],[-10.607,-7.535]],"c":false}]},{"i":{"x":0.833,"y":1},"o":{"x":0.167,"y":0},"t":132,"s":[{"i":[[0,0],[13.982,2.618]],"o":[[0,0],[0,0]],"v":[[10.607,7.536],[-10.607,-7.535]],"c":false}]},{"i":{"x":0.153,"y":1},"o":{"x":0.551,"y":0},"t":193,"s":[{"i":[[0,0],[13.982,2.618]],"o":[[0,0],[0,0]],"v":[[10.607,7.536],[-10.607,-7.535]],"c":false}]},{"i":{"x":0.034,"y":1},"o":{"x":0.367,"y":0},"t":213,"s":[{"i":[[0,0],[13.485,6.067]],"o":[[0,0],[0,0]],"v":[[13.722,2.573],[-10.607,-7.535]],"c":false}]},{"t":252,"s":[{"i":[[0,0],[13.982,2.618]],"o":[[0,0],[0,0]],"v":[[10.607,7.536],[-10.607,-7.535]],"c":false}]}],"ix":2},"nm":"Path 1","mn":"ADBE Vector Shape - Group","hd":false},{"ty":"st","c":{"a":0,"k":[0.929000016755,0.647000002394,0.647000002394,1],"ix":3},"o":{"a":0,"k":100,"ix":4},"w":{"a":0,"k":9,"ix":5},"lc":2,"lj":1,"ml":10,"bm":0,"nm":"Stroke 1","mn":"ADBE Vector Graphic - Stroke","hd":false},{"ty":"tr","p":{"a":0,"k":[304.676,169.2],"ix":2},"a":{"a":0,"k":[0,0],"ix":1},"s":{"a":0,"k":[100,100],"ix":3},"r":{"a":0,"k":0,"ix":6},"o":{"a":0,"k":100,"ix":7},"sk":{"a":0,"k":0,"ix":4},"sa":{"a":0,"k":0,"ix":5},"nm":"Transform"}],"nm":"Group 8","np":2,"cix":2,"bm":0,"ix":8,"mn":"ADBE Vector Group","hd":false},{"ty":"gr","it":[{"ind":0,"ty":"sh","ix":1,"ks":{"a":1,"k":[{"i":{"x":0.153,"y":1},"o":{"x":0.551,"y":0},"t":57,"s":[{"i":[[-13.479,-2.03],[-10.194,-7.155],[5.385,3.729],[7.109,0.214],[-4.143,9.528]],"o":[[8.648,1.303],[8.141,5.715],[-5.386,-3.728],[-7.111,-0.215],[4.143,-9.529]],"v":[[-6.667,-20.113],[28.554,-10.999],[12.812,18.414],[-17.777,14.072],[-32.552,-7.063]],"c":true}]},{"i":{"x":0.034,"y":1},"o":{"x":0.367,"y":0},"t":77,"s":[{"i":[[-10.764,-8.362],[-10.194,-7.155],[5.385,3.729],[7.109,0.214],[-4.143,9.528]],"o":[[8.984,6.979],[8.141,5.715],[-5.386,-3.728],[-7.111,-0.215],[4.143,-9.529]],"v":[[-6.559,-19],[28.554,-10.999],[12.812,18.414],[-18.405,15.705],[-32.552,-7.063]],"c":true}]},{"i":{"x":0.833,"y":1},"o":{"x":0.167,"y":0},"t":127,"s":[{"i":[[-13.479,-2.03],[-10.194,-7.155],[5.385,3.729],[7.109,0.214],[-4.143,9.528]],"o":[[8.648,1.303],[8.141,5.715],[-5.386,-3.728],[-7.111,-0.215],[4.143,-9.529]],"v":[[-6.667,-20.113],[28.554,-10.999],[12.812,18.414],[-17.777,14.072],[-32.552,-7.063]],"c":true}]},{"i":{"x":0.153,"y":1},"o":{"x":0.551,"y":0},"t":187,"s":[{"i":[[-13.479,-2.03],[-10.194,-7.155],[5.385,3.729],[7.109,0.214],[-4.143,9.528]],"o":[[8.648,1.303],[8.141,5.715],[-5.386,-3.728],[-7.111,-0.215],[4.143,-9.529]],"v":[[-6.667,-20.113],[28.554,-10.999],[12.812,18.414],[-17.777,14.072],[-32.552,-7.063]],"c":true}]},{"i":{"x":0.034,"y":1},"o":{"x":0.367,"y":0},"t":207,"s":[{"i":[[-10.764,-8.362],[-10.194,-7.155],[5.385,3.729],[7.109,0.214],[-4.143,9.528]],"o":[[8.984,6.979],[8.141,5.715],[-5.386,-3.728],[-7.111,-0.215],[4.143,-9.529]],"v":[[-6.559,-19],[28.554,-10.999],[12.812,18.414],[-18.405,15.705],[-32.552,-7.063]],"c":true}]},{"t":247,"s":[{"i":[[-13.479,-2.03],[-10.194,-7.155],[5.385,3.729],[7.109,0.214],[-4.143,9.528]],"o":[[8.648,1.303],[8.141,5.715],[-5.386,-3.728],[-7.111,-0.215],[4.143,-9.529]],"v":[[-6.667,-20.113],[28.554,-10.999],[12.812,18.414],[-17.777,14.072],[-32.552,-7.063]],"c":true}]}],"ix":2},"nm":"Path 1","mn":"ADBE Vector Shape - Group","hd":false},{"ty":"fl","c":{"a":0,"k":[0.929000016755,0.647000002394,0.647000002394,1],"ix":4},"o":{"a":0,"k":100,"ix":5},"r":1,"bm":0,"nm":"Fill 1","mn":"ADBE Vector Graphic - Fill","hd":false},{"ty":"tr","p":{"a":0,"k":[281.115,166.629],"ix":2},"a":{"a":0,"k":[0,0],"ix":1},"s":{"a":0,"k":[100,100],"ix":3},"r":{"a":0,"k":0,"ix":6},"o":{"a":0,"k":100,"ix":7},"sk":{"a":0,"k":0,"ix":4},"sa":{"a":0,"k":0,"ix":5},"nm":"Transform"}],"nm":"Group 9","np":2,"cix":2,"bm":0,"ix":9,"mn":"ADBE Vector Group","hd":false}],"ip":0,"op":601,"st":0,"bm":0},{"ddd":0,"ind":5,"ty":4,"nm":"arm 2","sr":1,"ks":{"o":{"a":0,"k":100,"ix":11},"r":{"a":1,"k":[{"i":{"x":[0.667],"y":[1]},"o":{"x":[0.333],"y":[0]},"t":0,"s":[0]},{"i":{"x":[0.23],"y":[1]},"o":{"x":[0.265],"y":[0]},"t":60,"s":[0]},{"i":{"x":[0.198],"y":[1]},"o":{"x":[0.374],"y":[0]},"t":87,"s":[-8]},{"i":{"x":[0.186],"y":[1]},"o":{"x":[0.22],"y":[0]},"t":140,"s":[15]},{"i":{"x":[0.223],"y":[1]},"o":{"x":[0.131],"y":[0]},"t":200,"s":[-5]},{"t":239,"s":[0]}],"ix":10},"p":{"a":0,"k":[282.124,133.049,0],"ix":2},"a":{"a":0,"k":[282.124,133.049,0],"ix":1},"s":{"a":0,"k":[100,100,100],"ix":6}},"ao":0,"shapes":[{"ty":"gr","it":[{"ind":0,"ty":"sh","ix":1,"ks":{"a":1,"k":[{"i":{"x":0.833,"y":1},"o":{"x":0.333,"y":0},"t":0,"s":[{"i":[[0,0],[-11.997,0.83]],"o":[[0,0],[0,0]],"v":[[-10.56,-5.842],[10.56,5.013]],"c":false}]},{"i":{"x":0.833,"y":0.833},"o":{"x":0.33,"y":0},"t":60,"s":[{"i":[[0,0],[-11.997,0.83]],"o":[[0,0],[0,0]],"v":[[-10.56,-5.842],[10.56,5.013]],"c":false}]},{"i":{"x":0,"y":1},"o":{"x":0.167,"y":0.167},"t":73,"s":[{"i":[[0,0],[-11.504,2.8]],"o":[[0,0],[0,0]],"v":[[1.799,37.021],[24.1,44.044]],"c":false}]},{"i":{"x":0,"y":1},"o":{"x":0.167,"y":0},"t":87,"s":[{"i":[[0,0],[-10.105,6.52]],"o":[[0,0],[0,0]],"v":[[7.922,53.536],[31.66,52.844]],"c":false}]},{"i":{"x":0.833,"y":1},"o":{"x":0.167,"y":0},"t":200,"s":[{"i":[[0,0],[-10.105,6.52]],"o":[[0,0],[0,0]],"v":[[7.922,53.536],[31.66,52.844]],"c":false}]},{"i":{"x":0.833,"y":1},"o":{"x":0.167,"y":0},"t":215,"s":[{"i":[[0,0],[-12.022,-0.292]],"o":[[0,0],[0,0]],"v":[[-12.289,17.412],[7.728,30.189]],"c":false}]},{"t":239,"s":[{"i":[[0,0],[-11.997,0.83]],"o":[[0,0],[0,0]],"v":[[-10.56,-5.842],[10.56,5.013]],"c":false}]}],"ix":2},"nm":"Path 1","mn":"ADBE Vector Shape - Group","hd":false},{"ty":"st","c":{"a":0,"k":[0.144999994016,0.144999994016,0.144999994016,1],"ix":3},"o":{"a":0,"k":100,"ix":4},"w":{"a":0,"k":1,"ix":5},"lc":2,"lj":2,"bm":0,"nm":"Stroke 1","mn":"ADBE Vector Graphic - Stroke","hd":false},{"ty":"tr","p":{"a":0,"k":[334.745,198.14],"ix":2},"a":{"a":0,"k":[0,0],"ix":1},"s":{"a":0,"k":[100,100],"ix":3},"r":{"a":0,"k":0,"ix":6},"o":{"a":0,"k":100,"ix":7},"sk":{"a":0,"k":0,"ix":4},"sa":{"a":0,"k":0,"ix":5},"nm":"Transform"}],"nm":"Group 3","np":2,"cix":2,"bm":0,"ix":1,"mn":"ADBE Vector Group","hd":false},{"ty":"gr","it":[{"ind":0,"ty":"sh","ix":1,"ks":{"a":0,"k":{"i":[[0,0],[-9.632,-4.091]],"o":[[0,0],[0,0]],"v":[[-18.347,-1.263],[10.987,3.157]],"c":false},"ix":2},"nm":"Path 1","mn":"ADBE Vector Shape - Group","hd":false},{"ty":"st","c":{"a":0,"k":[0.144999994016,0.144999994016,0.144999994016,1],"ix":3},"o":{"a":0,"k":100,"ix":4},"w":{"a":0,"k":1,"ix":5},"lc":2,"lj":2,"bm":0,"nm":"Stroke 1","mn":"ADBE Vector Graphic - Stroke","hd":false},{"ty":"tr","p":{"a":0,"k":[346.789,179.513],"ix":2},"a":{"a":0,"k":[0,0],"ix":1},"s":{"a":0,"k":[100,100],"ix":3},"r":{"a":0,"k":0,"ix":6},"o":{"a":1,"k":[{"t":49,"s":[100],"h":1},{"t":60,"s":[0],"h":1},{"t":239,"s":[100],"h":1}],"ix":7},"sk":{"a":0,"k":0,"ix":4},"sa":{"a":0,"k":0,"ix":5},"nm":"Transform"}],"nm":"Group 1","np":2,"cix":2,"bm":0,"ix":2,"mn":"ADBE Vector Group","hd":false},{"ty":"gr","it":[{"ind":0,"ty":"sh","ix":1,"ks":{"a":1,"k":[{"i":{"x":0.833,"y":1},"o":{"x":0.333,"y":0},"t":0,"s":[{"i":[[0,0],[-24.29,-42.199],[10.498,-0.206]],"o":[[0,0],[24.29,42.198],[0,0]],"v":[[-61.034,-36.846],[36.743,0.001],[-13.689,25.526]],"c":false}]},{"i":{"x":0.833,"y":1},"o":{"x":0.531,"y":0},"t":60,"s":[{"i":[[0,0],[-24.29,-42.199],[10.498,-0.206]],"o":[[0,0],[24.29,42.198],[0,0]],"v":[[-61.034,-36.846],[36.743,0.001],[-13.689,25.526]],"c":false}]},{"i":{"x":0.414,"y":1},"o":{"x":0.32,"y":0},"t":73,"s":[{"i":[[0,0],[-28.473,-39.489],[13.992,-21.214]],"o":[[0,0],[26.945,37.37],[0,0]],"v":[[-61.034,-36.846],[20.549,4.003],[14.846,81.145]],"c":false}]},{"i":{"x":0,"y":1},"o":{"x":0.507,"y":0},"t":87,"s":[{"i":[[0,0],[-22.441,-43.211],[-25.288,-29.498]],"o":[[0,0],[19.101,36.779],[0,0]],"v":[[-61.034,-36.846],[17.303,4.805],[51.194,104.744]],"c":false}]},{"i":{"x":0.034,"y":1},"o":{"x":0.483,"y":0},"t":140,"s":[{"i":[[0,0],[-22.339,-30.916],[23.27,-30.414]],"o":[[0,0],[20.136,27.866],[0,0]],"v":[[-61.034,-36.846],[29.136,-5.208],[33.584,102.772]],"c":false}]},{"i":{"x":0.691,"y":1},"o":{"x":0.542,"y":0},"t":200,"s":[{"i":[[0,0],[-24.837,-31.878],[-22.624,-27.473]],"o":[[0,0],[23.069,29.609],[0,0]],"v":[[-61.034,-36.846],[9.735,4.53],[51.194,104.744]],"c":false}]},{"i":{"x":0.667,"y":1},"o":{"x":0.08,"y":0},"t":215,"s":[{"i":[[0,0],[-24.29,-42.199],[10.734,-11.184]],"o":[[0,0],[24.29,42.198],[0,0]],"v":[[-61.034,-36.846],[31.675,1.594],[-4.579,66.43]],"c":false}]},{"t":239,"s":[{"i":[[0,0],[-24.29,-42.199],[10.498,-0.206]],"o":[[0,0],[24.29,42.198],[0,0]],"v":[[-61.034,-36.846],[36.743,0.001],[-13.689,25.526]],"c":false}]}],"ix":2},"nm":"Path 1","mn":"ADBE Vector Shape - Group","hd":false},{"ty":"st","c":{"a":0,"k":[0.224000010771,0.493999974868,0.764999988032,1],"ix":3},"o":{"a":0,"k":100,"ix":4},"w":{"a":0,"k":42,"ix":5},"lc":1,"lj":1,"ml":10,"bm":0,"nm":"Stroke 1","mn":"ADBE Vector Graphic - Stroke","hd":false},{"ty":"tr","p":{"a":0,"k":[319.462,169.438],"ix":2},"a":{"a":0,"k":[0,0],"ix":1},"s":{"a":0,"k":[100,100],"ix":3},"r":{"a":0,"k":0,"ix":6},"o":{"a":0,"k":100,"ix":7},"sk":{"a":0,"k":0,"ix":4},"sa":{"a":0,"k":0,"ix":5},"nm":"Transform"}],"nm":"Group 2","np":2,"cix":2,"bm":0,"ix":3,"mn":"ADBE Vector Group","hd":false}],"ip":0,"op":601,"st":0,"bm":0},{"ddd":0,"ind":6,"ty":4,"nm":"hand 2","parent":5,"sr":1,"ks":{"o":{"a":0,"k":100,"ix":11},"r":{"a":1,"k":[{"i":{"x":[0.833],"y":[1]},"o":{"x":[0.333],"y":[0]},"t":60,"s":[0]},{"i":{"x":[0.292],"y":[1]},"o":{"x":[0.282],"y":[0]},"t":87,"s":[-119]},{"i":{"x":[0.218],"y":[1]},"o":{"x":[0.255],"y":[0]},"t":140,"s":[-34]},{"i":{"x":[0.246],"y":[1]},"o":{"x":[0.376],"y":[0]},"t":200,"s":[-122]},{"t":239,"s":[0]}],"ix":10},"p":{"s":true,"x":{"a":1,"k":[{"i":{"x":[0.491],"y":[0.772]},"o":{"x":[0.275],"y":[-0.018]},"t":60,"s":[313.09]},{"i":{"x":[0.388],"y":[1]},"o":{"x":[0.262],"y":[0]},"t":87,"s":[370.084]},{"i":{"x":[0.325],"y":[1]},"o":{"x":[0.167],"y":[0]},"t":140,"s":[357.049]},{"i":{"x":[0.168],"y":[1.287]},"o":{"x":[0.294],"y":[0.408]},"t":202,"s":[370.084]},{"t":239,"s":[313.09]}],"ix":3},"y":{"a":1,"k":[{"i":{"x":[0.805],"y":[1.247]},"o":{"x":[0.06],"y":[0]},"t":60,"s":[194.627]},{"i":{"x":[0.423],"y":[1]},"o":{"x":[0.191],"y":[0]},"t":87,"s":[267.644]},{"i":{"x":[0.326],"y":[-4.291]},"o":{"x":[0.167],"y":[0]},"t":140,"s":[271.465]},{"i":{"x":[0.293],"y":[0.934]},"o":{"x":[0.377],"y":[0.101]},"t":200,"s":[267.644]},{"t":239,"s":[194.627]}],"ix":4}},"a":{"a":0,"k":[313.09,194.627,0],"ix":1},"s":{"a":0,"k":[100,100,100],"ix":6}},"ao":0,"shapes":[{"ty":"gr","it":[{"ind":0,"ty":"sh","ix":1,"ks":{"a":1,"k":[{"i":{"x":0.343,"y":1},"o":{"x":0.345,"y":0},"t":64,"s":[{"i":[[0,0],[-9.736,4.194]],"o":[[0,0],[0,0]],"v":[[-5.904,5.671],[5.904,-5.671]],"c":false}]},{"i":{"x":0.287,"y":1},"o":{"x":0.31,"y":0},"t":95,"s":[{"i":[[0,0],[-5.064,2.485]],"o":[[0,0],[0,0]],"v":[[2.304,3.273],[8.668,-3.52]],"c":false}]},{"i":{"x":0.343,"y":1},"o":{"x":0.167,"y":0},"t":144,"s":[{"i":[[0,0],[-9.736,4.194]],"o":[[0,0],[0,0]],"v":[[-3.741,-1.713],[5.904,-5.671]],"c":false}]},{"i":{"x":0.833,"y":1},"o":{"x":0.167,"y":0},"t":204,"s":[{"i":[[0,0],[-5.064,2.485]],"o":[[0,0],[0,0]],"v":[[2.304,3.273],[8.668,-3.52]],"c":false}]},{"t":239,"s":[{"i":[[0,0],[-9.736,4.194]],"o":[[0,0],[0,0]],"v":[[-5.904,5.671],[5.904,-5.671]],"c":false}]}],"ix":2},"nm":"Path 1","mn":"ADBE Vector Shape - Group","hd":false},{"ty":"st","c":{"a":0,"k":[0.144999994016,0.144999994016,0.144999994016,1],"ix":3},"o":{"a":0,"k":100,"ix":4},"w":{"a":0,"k":1,"ix":5},"lc":2,"lj":2,"bm":0,"nm":"Stroke 1","mn":"ADBE Vector Graphic - Stroke","hd":false},{"ty":"tr","p":{"a":0,"k":[273.693,208.635],"ix":2},"a":{"a":0,"k":[0,0],"ix":1},"s":{"a":0,"k":[100,100],"ix":3},"r":{"a":0,"k":0,"ix":6},"o":{"a":0,"k":100,"ix":7},"sk":{"a":0,"k":0,"ix":4},"sa":{"a":0,"k":0,"ix":5},"nm":"Transform"}],"nm":"Group 1","np":2,"cix":2,"bm":0,"ix":1,"mn":"ADBE Vector Group","hd":false},{"ty":"gr","it":[{"ind":0,"ty":"sh","ix":1,"ks":{"a":1,"k":[{"i":{"x":0.343,"y":1},"o":{"x":0.345,"y":0},"t":69,"s":[{"i":[[0,0],[-10.356,4.658]],"o":[[0,0],[0,0]],"v":[[-7.146,6.578],[7.146,-6.578]],"c":false}]},{"i":{"x":0.287,"y":1},"o":{"x":0.31,"y":0},"t":100,"s":[{"i":[[0,0],[-5.427,3.354]],"o":[[0,0],[0,0]],"v":[[0.95,0.707],[7.146,-6.578]],"c":false}]},{"i":{"x":0.343,"y":1},"o":{"x":0.167,"y":0},"t":149,"s":[{"i":[[0,0],[-4.397,1.757]],"o":[[0,0],[0,0]],"v":[[-2.585,-4.3],[7.146,-6.578]],"c":false}]},{"i":{"x":0.833,"y":1},"o":{"x":0.167,"y":0},"t":209,"s":[{"i":[[0,0],[-5.427,3.354]],"o":[[0,0],[0,0]],"v":[[0.95,0.707],[7.146,-6.578]],"c":false}]},{"t":239,"s":[{"i":[[0,0],[-10.356,4.658]],"o":[[0,0],[0,0]],"v":[[-7.146,6.578],[7.146,-6.578]],"c":false}]}],"ix":2},"nm":"Path 1","mn":"ADBE Vector Shape - Group","hd":false},{"ty":"st","c":{"a":0,"k":[0.144999994016,0.144999994016,0.144999994016,1],"ix":3},"o":{"a":0,"k":100,"ix":4},"w":{"a":0,"k":1,"ix":5},"lc":2,"lj":2,"bm":0,"nm":"Stroke 1","mn":"ADBE Vector Graphic - Stroke","hd":false},{"ty":"tr","p":{"a":0,"k":[267.686,202.965],"ix":2},"a":{"a":0,"k":[0,0],"ix":1},"s":{"a":0,"k":[100,100],"ix":3},"r":{"a":0,"k":0,"ix":6},"o":{"a":0,"k":100,"ix":7},"sk":{"a":0,"k":0,"ix":4},"sa":{"a":0,"k":0,"ix":5},"nm":"Transform"}],"nm":"Group 2","np":2,"cix":2,"bm":0,"ix":2,"mn":"ADBE Vector Group","hd":false},{"ty":"gr","it":[{"ind":0,"ty":"sh","ix":1,"ks":{"a":1,"k":[{"i":{"x":0.343,"y":1},"o":{"x":0.345,"y":0},"t":76,"s":[{"i":[[0,0],[4.557,-10.149]],"o":[[0,0],[0,0]],"v":[[7.564,-7.043],[-7.564,7.043]],"c":false}]},{"i":{"x":0.287,"y":1},"o":{"x":0.31,"y":0},"t":107,"s":[{"i":[[0,0],[2.227,-4.765]],"o":[[0,0],[0,0]],"v":[[8.453,-7.634],[1.484,-2.921]],"c":false}]},{"i":{"x":0.343,"y":1},"o":{"x":0.167,"y":0},"t":156,"s":[{"i":[[0,0],[4.248,0.828]],"o":[[0,0],[0,0]],"v":[[7.564,-7.043],[-1.293,-6.275]],"c":false}]},{"i":{"x":0.833,"y":1},"o":{"x":0.167,"y":0},"t":216,"s":[{"i":[[0,0],[2.227,-4.765]],"o":[[0,0],[0,0]],"v":[[8.453,-7.634],[1.484,-2.921]],"c":false}]},{"t":239,"s":[{"i":[[0,0],[4.557,-10.149]],"o":[[0,0],[0,0]],"v":[[7.564,-7.043],[-7.564,7.043]],"c":false}]}],"ix":2},"nm":"Path 1","mn":"ADBE Vector Shape - Group","hd":false},{"ty":"st","c":{"a":0,"k":[0.144999994016,0.144999994016,0.144999994016,1],"ix":3},"o":{"a":0,"k":100,"ix":4},"w":{"a":0,"k":1,"ix":5},"lc":2,"lj":2,"bm":0,"nm":"Stroke 1","mn":"ADBE Vector Graphic - Stroke","hd":false},{"ty":"tr","p":{"a":0,"k":[262.925,195.249],"ix":2},"a":{"a":0,"k":[0,0],"ix":1},"s":{"a":0,"k":[100,100],"ix":3},"r":{"a":0,"k":0,"ix":6},"o":{"a":0,"k":100,"ix":7},"sk":{"a":0,"k":0,"ix":4},"sa":{"a":0,"k":0,"ix":5},"nm":"Transform"}],"nm":"Group 3","np":2,"cix":2,"bm":0,"ix":3,"mn":"ADBE Vector Group","hd":false},{"ty":"gr","it":[{"ind":0,"ty":"sh","ix":1,"ks":{"a":1,"k":[{"i":{"x":0.343,"y":1},"o":{"x":0.345,"y":0},"t":64,"s":[{"i":[[0,0],[-14.465,1.118]],"o":[[0,0],[0,0]],"v":[[-11.198,4.096],[11.198,-4.095]],"c":false}]},{"i":{"x":0.287,"y":1},"o":{"x":0.31,"y":0},"t":95,"s":[{"i":[[0,0],[-14.061,6.246]],"o":[[0,0],[0,0]],"v":[[-7.044,12.647],[11.198,-4.095]],"c":false}]},{"i":{"x":0.343,"y":1},"o":{"x":0.167,"y":0},"t":149,"s":[{"i":[[0,0],[-10.704,7.509]],"o":[[0,0],[0,0]],"v":[[-17.725,7.056],[11.198,-4.095]],"c":false}]},{"i":{"x":0.833,"y":1},"o":{"x":0.167,"y":0},"t":204,"s":[{"i":[[0,0],[-14.061,6.246]],"o":[[0,0],[0,0]],"v":[[-7.044,12.647],[11.198,-4.095]],"c":false}]},{"t":239,"s":[{"i":[[0,0],[-14.465,1.118]],"o":[[0,0],[0,0]],"v":[[-11.198,4.096],[11.198,-4.095]],"c":false}]}],"ix":2},"nm":"Path 1","mn":"ADBE Vector Shape - Group","hd":false},{"ty":"st","c":{"a":0,"k":[0.929000016755,0.647000002394,0.647000002394,1],"ix":3},"o":{"a":0,"k":100,"ix":4},"w":{"a":0,"k":9,"ix":5},"lc":2,"lj":1,"ml":10,"bm":0,"nm":"Stroke 1","mn":"ADBE Vector Graphic - Stroke","hd":false},{"ty":"tr","p":{"a":0,"k":[282.609,209.531],"ix":2},"a":{"a":0,"k":[0,0],"ix":1},"s":{"a":0,"k":[100,100],"ix":3},"r":{"a":0,"k":0,"ix":6},"o":{"a":0,"k":100,"ix":7},"sk":{"a":0,"k":0,"ix":4},"sa":{"a":0,"k":0,"ix":5},"nm":"Transform"}],"nm":"Group 4","np":2,"cix":2,"bm":0,"ix":4,"mn":"ADBE Vector Group","hd":false},{"ty":"gr","it":[{"ind":0,"ty":"sh","ix":1,"ks":{"a":1,"k":[{"i":{"x":0.343,"y":1},"o":{"x":0.345,"y":0},"t":69,"s":[{"i":[[0,0],[-14.525,1.786]],"o":[[0,0],[0,0]],"v":[[-10.775,6.674],[10.775,-6.674]],"c":false}]},{"i":{"x":0.287,"y":1},"o":{"x":0.31,"y":0},"t":100,"s":[{"i":[[0,0],[-15.278,5.598]],"o":[[0,0],[0,0]],"v":[[-11.744,13.993],[11.512,-5.987]],"c":false}]},{"i":{"x":0.343,"y":1},"o":{"x":0.167,"y":0},"t":149,"s":[{"i":[[0,0],[-13.713,6.077]],"o":[[0,0],[0,0]],"v":[[-20.962,0.655],[10.775,-6.674]],"c":false}]},{"i":{"x":0.833,"y":1},"o":{"x":0.167,"y":0},"t":209,"s":[{"i":[[0,0],[-15.278,5.598]],"o":[[0,0],[0,0]],"v":[[-11.744,13.993],[11.512,-5.987]],"c":false}]},{"t":239,"s":[{"i":[[0,0],[-14.525,1.786]],"o":[[0,0],[0,0]],"v":[[-10.775,6.674],[10.775,-6.674]],"c":false}]}],"ix":2},"nm":"Path 1","mn":"ADBE Vector Shape - Group","hd":false},{"ty":"st","c":{"a":0,"k":[0.929000016755,0.647000002394,0.647000002394,1],"ix":3},"o":{"a":0,"k":100,"ix":4},"w":{"a":0,"k":9,"ix":5},"lc":2,"lj":1,"ml":10,"bm":0,"nm":"Stroke 1","mn":"ADBE Vector Graphic - Stroke","hd":false},{"ty":"tr","p":{"a":0,"k":[274.831,204.876],"ix":2},"a":{"a":0,"k":[0,0],"ix":1},"s":{"a":0,"k":[100,100],"ix":3},"r":{"a":0,"k":0,"ix":6},"o":{"a":0,"k":100,"ix":7},"sk":{"a":0,"k":0,"ix":4},"sa":{"a":0,"k":0,"ix":5},"nm":"Transform"}],"nm":"Group 5","np":2,"cix":2,"bm":0,"ix":5,"mn":"ADBE Vector Group","hd":false},{"ty":"gr","it":[{"ind":0,"ty":"sh","ix":1,"ks":{"a":1,"k":[{"i":{"x":0.343,"y":1},"o":{"x":0.345,"y":0},"t":77,"s":[{"i":[[0,0],[-14.764,2.461]],"o":[[0,0],[0,0]],"v":[[-8.948,7.755],[8.948,-7.754]],"c":false}]},{"i":{"x":0.287,"y":1},"o":{"x":0.31,"y":0},"t":108,"s":[{"i":[[0,0],[-14.193,-0.093]],"o":[[0,0],[0,0]],"v":[[-12.466,-0.184],[8.948,-7.754]],"c":false}]},{"i":{"x":0.343,"y":1},"o":{"x":0.167,"y":0},"t":157,"s":[{"i":[[0,0],[-12.197,1.816]],"o":[[0,0],[0,0]],"v":[[-9.912,-9.847],[8.948,-7.754]],"c":false}]},{"i":{"x":0.833,"y":1},"o":{"x":0.167,"y":0},"t":217,"s":[{"i":[[0,0],[-14.193,-0.093]],"o":[[0,0],[0,0]],"v":[[-12.466,-0.184],[8.948,-7.754]],"c":false}]},{"t":239,"s":[{"i":[[0,0],[-14.764,2.461]],"o":[[0,0],[0,0]],"v":[[-8.948,7.755],[8.948,-7.754]],"c":false}]}],"ix":2},"nm":"Path 1","mn":"ADBE Vector Shape - Group","hd":false},{"ty":"st","c":{"a":0,"k":[0.929000016755,0.647000002394,0.647000002394,1],"ix":3},"o":{"a":0,"k":100,"ix":4},"w":{"a":0,"k":9,"ix":5},"lc":2,"lj":1,"ml":10,"bm":0,"nm":"Stroke 1","mn":"ADBE Vector Graphic - Stroke","hd":false},{"ty":"tr","p":{"a":0,"k":[267.411,191.566],"ix":2},"a":{"a":0,"k":[0,0],"ix":1},"s":{"a":0,"k":[100,100],"ix":3},"r":{"a":0,"k":0,"ix":6},"o":{"a":0,"k":100,"ix":7},"sk":{"a":0,"k":0,"ix":4},"sa":{"a":0,"k":0,"ix":5},"nm":"Transform"}],"nm":"Group 6","np":2,"cix":2,"bm":0,"ix":6,"mn":"ADBE Vector Group","hd":false},{"ty":"gr","it":[{"ind":0,"ty":"sh","ix":1,"ks":{"a":1,"k":[{"i":{"x":0.343,"y":1},"o":{"x":0.345,"y":0},"t":73,"s":[{"i":[[0,0],[-13.981,2.618]],"o":[[0,0],[0,0]],"v":[[-10.607,7.535],[10.607,-7.535]],"c":false}]},{"i":{"x":0.287,"y":1},"o":{"x":0.31,"y":0},"t":104,"s":[{"i":[[0,0],[-13.981,2.618]],"o":[[0,0],[0,0]],"v":[[-11.666,9.854],[10.607,-7.535]],"c":false}]},{"i":{"x":0.343,"y":1},"o":{"x":0.167,"y":0},"t":153,"s":[{"i":[[0,0],[-14.732,6.512]],"o":[[0,0],[0,0]],"v":[[-20.447,-5.597],[10.607,-7.535]],"c":false}]},{"i":{"x":0.833,"y":1},"o":{"x":0.167,"y":0},"t":213,"s":[{"i":[[0,0],[-13.981,2.618]],"o":[[0,0],[0,0]],"v":[[-11.666,9.854],[10.607,-7.535]],"c":false}]},{"t":239,"s":[{"i":[[0,0],[-13.981,2.618]],"o":[[0,0],[0,0]],"v":[[-10.607,7.535],[10.607,-7.535]],"c":false}]}],"ix":2},"nm":"Path 1","mn":"ADBE Vector Shape - Group","hd":false},{"ty":"st","c":{"a":0,"k":[0.929000016755,0.647000002394,0.647000002394,1],"ix":3},"o":{"a":0,"k":100,"ix":4},"w":{"a":0,"k":9,"ix":5},"lc":2,"lj":1,"ml":10,"bm":0,"nm":"Stroke 1","mn":"ADBE Vector Graphic - Stroke","hd":false},{"ty":"tr","p":{"a":0,"k":[268.847,198.049],"ix":2},"a":{"a":0,"k":[0,0],"ix":1},"s":{"a":0,"k":[100,100],"ix":3},"r":{"a":0,"k":0,"ix":6},"o":{"a":0,"k":100,"ix":7},"sk":{"a":0,"k":0,"ix":4},"sa":{"a":0,"k":0,"ix":5},"nm":"Transform"}],"nm":"Group 7","np":2,"cix":2,"bm":0,"ix":7,"mn":"ADBE Vector Group","hd":false},{"ty":"gr","it":[{"ind":0,"ty":"sh","ix":1,"ks":{"a":1,"k":[{"i":{"x":0.343,"y":1},"o":{"x":0.345,"y":0},"t":64,"s":[{"i":[[13.479,-2.031],[10.195,-7.155],[-5.385,3.729],[-7.11,0.214],[4.143,9.529]],"o":[[-8.648,1.303],[-8.141,5.715],[5.385,-3.728],[7.11,-0.214],[-4.143,-9.528]],"v":[[6.667,-20.113],[-28.554,-10.999],[-12.811,18.414],[17.778,14.072],[32.552,-7.064]],"c":true}]},{"i":{"x":0.287,"y":1},"o":{"x":0.31,"y":0},"t":95,"s":[{"i":[[13.479,-2.031],[10.195,-7.155],[-5.385,3.729],[-9.362,-2.072],[4.143,9.529]],"o":[[-8.648,1.303],[-8.141,5.715],[5.385,-3.728],[6.945,1.537],[-4.143,-9.528]],"v":[[6.667,-20.113],[-27.878,-12.361],[-11.184,18.51],[16.337,14.573],[32.552,-7.064]],"c":true}]},{"i":{"x":0.343,"y":1},"o":{"x":0.167,"y":0},"t":144,"s":[{"i":[[13.479,-2.031],[15.048,-0.842],[-6.447,-1.157],[-9.326,1.207],[4.143,9.529]],"o":[[-8.648,1.303],[-9.931,0.556],[8.171,1.467],[7.054,-0.913],[-4.143,-9.528]],"v":[[6.667,-20.113],[-26.19,-14.991],[-12.811,18.414],[17.778,14.072],[32.552,-7.064]],"c":true}]},{"i":{"x":0.833,"y":1},"o":{"x":0.167,"y":0},"t":204,"s":[{"i":[[13.479,-2.031],[10.195,-7.155],[-5.385,3.729],[-9.362,-2.072],[4.143,9.529]],"o":[[-8.648,1.303],[-8.141,5.715],[5.385,-3.728],[6.945,1.537],[-4.143,-9.528]],"v":[[6.667,-20.113],[-27.878,-12.361],[-11.184,18.51],[16.337,14.573],[32.552,-7.064]],"c":true}]},{"t":239,"s":[{"i":[[13.479,-2.031],[10.195,-7.155],[-5.385,3.729],[-7.11,0.214],[4.143,9.529]],"o":[[-8.648,1.303],[-8.141,5.715],[5.385,-3.728],[7.11,-0.214],[-4.143,-9.528]],"v":[[6.667,-20.113],[-28.554,-10.999],[-12.811,18.414],[17.778,14.072],[32.552,-7.064]],"c":true}]}],"ix":2},"nm":"Path 1","mn":"ADBE Vector Shape - Group","hd":false},{"ty":"fl","c":{"a":0,"k":[0.929000016755,0.647000002394,0.647000002394,1],"ix":4},"o":{"a":0,"k":100,"ix":5},"r":1,"bm":0,"nm":"Fill 1","mn":"ADBE Vector Graphic - Fill","hd":false},{"ty":"tr","p":{"a":0,"k":[292.408,195.478],"ix":2},"a":{"a":0,"k":[0,0],"ix":1},"s":{"a":0,"k":[100,100],"ix":3},"r":{"a":0,"k":0,"ix":6},"o":{"a":0,"k":100,"ix":7},"sk":{"a":0,"k":0,"ix":4},"sa":{"a":0,"k":0,"ix":5},"nm":"Transform"}],"nm":"Group 8","np":2,"cix":2,"bm":0,"ix":8,"mn":"ADBE Vector Group","hd":false}],"ip":0,"op":601,"st":0,"bm":0}]}],"layers":[{"ddd":0,"ind":1,"ty":4,"nm":"circle 8","sr":1,"ks":{"o":{"a":0,"k":100,"ix":11},"r":{"a":0,"k":0,"ix":10},"p":{"a":0,"k":[393.891,159.948,0],"ix":2},"a":{"a":0,"k":[171.676,110.809,0],"ix":1},"s":{"a":1,"k":[{"i":{"x":[0.146,0.146,0.833],"y":[1,1,1]},"o":{"x":[0.384,0.384,0.167],"y":[0,0,0]},"t":186,"s":[0,0,100]},{"i":{"x":[0.158,0.158,0.833],"y":[1,1,1]},"o":{"x":[0.187,0.187,0.167],"y":[0,0,0]},"t":209,"s":[100,100,100]},{"t":249,"s":[0,0,100]}],"ix":6}},"ao":0,"shapes":[{"ty":"gr","it":[{"ind":0,"ty":"sh","ix":1,"ks":{"a":0,"k":{"i":[[-0.033,-2.613],[2.613,-0.033],[0.033,2.613],[-2.613,0.032]],"o":[[0.033,2.613],[-2.614,0.033],[-0.033,-2.614],[2.613,-0.033]],"v":[[4.732,-0.06],[0.059,4.732],[-4.732,0.06],[-0.059,-4.732]],"c":true},"ix":2},"nm":"Path 1","mn":"ADBE Vector Shape - Group","hd":false},{"ty":"fl","c":{"a":0,"k":[0.423529441684,0.658823529412,0.960784373564,1],"ix":4},"o":{"a":0,"k":100,"ix":5},"r":1,"bm":0,"nm":"Fill 1","mn":"ADBE Vector Graphic - Fill","hd":false},{"ty":"tr","p":{"a":0,"k":[171.676,110.809],"ix":2},"a":{"a":0,"k":[0,0],"ix":1},"s":{"a":0,"k":[100,100],"ix":3},"r":{"a":0,"k":0,"ix":6},"o":{"a":0,"k":100,"ix":7},"sk":{"a":0,"k":0,"ix":4},"sa":{"a":0,"k":0,"ix":5},"nm":"Transform"}],"nm":"Group 1","np":2,"cix":2,"bm":0,"ix":1,"mn":"ADBE Vector Group","hd":false}],"ip":186,"op":249,"st":-1,"bm":0},{"ddd":0,"ind":2,"ty":4,"nm":"circle 7","sr":1,"ks":{"o":{"a":0,"k":100,"ix":11},"r":{"a":0,"k":0,"ix":10},"p":{"a":0,"k":[93.094,171.031,0],"ix":2},"a":{"a":0,"k":[171.676,110.809,0],"ix":1},"s":{"a":1,"k":[{"i":{"x":[0.146,0.146,0.833],"y":[1,1,1]},"o":{"x":[0.384,0.384,0.167],"y":[0,0,0]},"t":197,"s":[0,0,100]},{"i":{"x":[0.158,0.158,0.833],"y":[1,1,1]},"o":{"x":[0.187,0.187,0.167],"y":[0,0,0]},"t":220,"s":[100,100,100]},{"t":260,"s":[0,0,100]}],"ix":6}},"ao":0,"shapes":[{"ty":"gr","it":[{"ind":0,"ty":"sh","ix":1,"ks":{"a":0,"k":{"i":[[-0.033,-2.613],[2.613,-0.033],[0.033,2.613],[-2.613,0.032]],"o":[[0.033,2.613],[-2.614,0.033],[-0.033,-2.614],[2.613,-0.033]],"v":[[4.732,-0.06],[0.059,4.732],[-4.732,0.06],[-0.059,-4.732]],"c":true},"ix":2},"nm":"Path 1","mn":"ADBE Vector Shape - Group","hd":false},{"ty":"fl","c":{"a":0,"k":[0.423529441684,0.658823529412,0.960784373564,1],"ix":4},"o":{"a":0,"k":100,"ix":5},"r":1,"bm":0,"nm":"Fill 1","mn":"ADBE Vector Graphic - Fill","hd":false},{"ty":"tr","p":{"a":0,"k":[171.676,110.809],"ix":2},"a":{"a":0,"k":[0,0],"ix":1},"s":{"a":0,"k":[100,100],"ix":3},"r":{"a":0,"k":0,"ix":6},"o":{"a":0,"k":100,"ix":7},"sk":{"a":0,"k":0,"ix":4},"sa":{"a":0,"k":0,"ix":5},"nm":"Transform"}],"nm":"Group 1","np":2,"cix":2,"bm":0,"ix":1,"mn":"ADBE Vector Group","hd":false}],"ip":197,"op":260,"st":10,"bm":0},{"ddd":0,"ind":3,"ty":4,"nm":"circle 6","sr":1,"ks":{"o":{"a":0,"k":100,"ix":11},"r":{"a":0,"k":0,"ix":10},"p":{"a":0,"k":[243.391,75.948,0],"ix":2},"a":{"a":0,"k":[171.676,110.809,0],"ix":1},"s":{"a":1,"k":[{"i":{"x":[0.146,0.146,0.833],"y":[1,1,1]},"o":{"x":[0.384,0.384,0.167],"y":[0,0,0]},"t":110,"s":[0,0,100]},{"i":{"x":[0.158,0.158,0.833],"y":[1,1,1]},"o":{"x":[0.187,0.187,0.167],"y":[0,0,0]},"t":133,"s":[100,100,100]},{"t":173,"s":[0,0,100]}],"ix":6}},"ao":0,"shapes":[{"ty":"gr","it":[{"ind":0,"ty":"sh","ix":1,"ks":{"a":0,"k":{"i":[[-0.033,-2.613],[2.613,-0.033],[0.033,2.613],[-2.613,0.032]],"o":[[0.033,2.613],[-2.614,0.033],[-0.033,-2.614],[2.613,-0.033]],"v":[[4.732,-0.06],[0.059,4.732],[-4.732,0.06],[-0.059,-4.732]],"c":true},"ix":2},"nm":"Path 1","mn":"ADBE Vector Shape - Group","hd":false},{"ty":"fl","c":{"a":0,"k":[0.423529441684,0.658823529412,0.960784373564,1],"ix":4},"o":{"a":0,"k":100,"ix":5},"r":1,"bm":0,"nm":"Fill 1","mn":"ADBE Vector Graphic - Fill","hd":false},{"ty":"tr","p":{"a":0,"k":[171.676,110.809],"ix":2},"a":{"a":0,"k":[0,0],"ix":1},"s":{"a":0,"k":[100,100],"ix":3},"r":{"a":0,"k":0,"ix":6},"o":{"a":0,"k":100,"ix":7},"sk":{"a":0,"k":0,"ix":4},"sa":{"a":0,"k":0,"ix":5},"nm":"Transform"}],"nm":"Group 1","np":2,"cix":2,"bm":0,"ix":1,"mn":"ADBE Vector Group","hd":false}],"ip":110,"op":173,"st":-77,"bm":0},{"ddd":0,"ind":4,"ty":4,"nm":"circle 5","sr":1,"ks":{"o":{"a":0,"k":100,"ix":11},"r":{"a":0,"k":0,"ix":10},"p":{"a":0,"k":[147.362,133.808,0],"ix":2},"a":{"a":0,"k":[171.676,110.809,0],"ix":1},"s":{"a":1,"k":[{"i":{"x":[0.146,0.146,0.833],"y":[1,1,1]},"o":{"x":[0.384,0.384,0.167],"y":[0,0,0]},"t":90,"s":[0,0,100]},{"i":{"x":[0.158,0.158,0.833],"y":[1,1,1]},"o":{"x":[0.187,0.187,0.167],"y":[0,0,0]},"t":113,"s":[100,100,100]},{"t":153,"s":[0,0,100]}],"ix":6}},"ao":0,"shapes":[{"ty":"gr","it":[{"ind":0,"ty":"sh","ix":1,"ks":{"a":0,"k":{"i":[[-0.033,-2.613],[2.613,-0.033],[0.033,2.613],[-2.613,0.032]],"o":[[0.033,2.613],[-2.614,0.033],[-0.033,-2.614],[2.613,-0.033]],"v":[[4.732,-0.06],[0.059,4.732],[-4.732,0.06],[-0.059,-4.732]],"c":true},"ix":2},"nm":"Path 1","mn":"ADBE Vector Shape - Group","hd":false},{"ty":"fl","c":{"a":0,"k":[0.423529441684,0.658823529412,0.960784373564,1],"ix":4},"o":{"a":0,"k":100,"ix":5},"r":1,"bm":0,"nm":"Fill 1","mn":"ADBE Vector Graphic - Fill","hd":false},{"ty":"tr","p":{"a":0,"k":[171.676,110.809],"ix":2},"a":{"a":0,"k":[0,0],"ix":1},"s":{"a":0,"k":[100,100],"ix":3},"r":{"a":0,"k":0,"ix":6},"o":{"a":0,"k":100,"ix":7},"sk":{"a":0,"k":0,"ix":4},"sa":{"a":0,"k":0,"ix":5},"nm":"Transform"}],"nm":"Group 1","np":2,"cix":2,"bm":0,"ix":1,"mn":"ADBE Vector Group","hd":false}],"ip":90,"op":153,"st":-97,"bm":0},{"ddd":0,"ind":5,"ty":4,"nm":"circle 4","sr":1,"ks":{"o":{"a":0,"k":100,"ix":11},"r":{"a":0,"k":0,"ix":10},"p":{"a":0,"k":[200.466,253.08,0],"ix":2},"a":{"a":0,"k":[171.676,110.809,0],"ix":1},"s":{"a":1,"k":[{"i":{"x":[0.146,0.146,0.833],"y":[1,1,1]},"o":{"x":[0.384,0.384,0.167],"y":[0,0,0]},"t":52,"s":[0,0,100]},{"i":{"x":[0.158,0.158,0.833],"y":[1,1,1]},"o":{"x":[0.187,0.187,0.167],"y":[0,0,0]},"t":75,"s":[100,100,100]},{"t":115,"s":[0,0,100]}],"ix":6}},"ao":0,"shapes":[{"ty":"gr","it":[{"ind":0,"ty":"sh","ix":1,"ks":{"a":0,"k":{"i":[[-0.033,-2.613],[2.613,-0.033],[0.033,2.613],[-2.613,0.032]],"o":[[0.033,2.613],[-2.614,0.033],[-0.033,-2.614],[2.613,-0.033]],"v":[[4.732,-0.06],[0.059,4.732],[-4.732,0.06],[-0.059,-4.732]],"c":true},"ix":2},"nm":"Path 1","mn":"ADBE Vector Shape - Group","hd":false},{"ty":"fl","c":{"a":0,"k":[0.423529441684,0.658823529412,0.960784373564,1],"ix":4},"o":{"a":0,"k":100,"ix":5},"r":1,"bm":0,"nm":"Fill 1","mn":"ADBE Vector Graphic - Fill","hd":false},{"ty":"tr","p":{"a":0,"k":[171.676,110.809],"ix":2},"a":{"a":0,"k":[0,0],"ix":1},"s":{"a":0,"k":[100,100],"ix":3},"r":{"a":0,"k":0,"ix":6},"o":{"a":0,"k":100,"ix":7},"sk":{"a":0,"k":0,"ix":4},"sa":{"a":0,"k":0,"ix":5},"nm":"Transform"}],"nm":"Group 1","np":2,"cix":2,"bm":0,"ix":1,"mn":"ADBE Vector Group","hd":false}],"ip":52,"op":115,"st":-135,"bm":0},{"ddd":0,"ind":6,"ty":4,"nm":"circle 3","sr":1,"ks":{"o":{"a":0,"k":100,"ix":11},"r":{"a":0,"k":0,"ix":10},"p":{"a":0,"k":[285.016,63.765,0],"ix":2},"a":{"a":0,"k":[171.676,110.809,0],"ix":1},"s":{"a":1,"k":[{"i":{"x":[0.146,0.146,0.833],"y":[1,1,1]},"o":{"x":[0.384,0.384,0.167],"y":[0,0,0]},"t":40,"s":[0,0,100]},{"i":{"x":[0.158,0.158,0.833],"y":[1,1,1]},"o":{"x":[0.187,0.187,0.167],"y":[0,0,0]},"t":63,"s":[100,100,100]},{"t":103,"s":[0,0,100]}],"ix":6}},"ao":0,"shapes":[{"ty":"gr","it":[{"ind":0,"ty":"sh","ix":1,"ks":{"a":0,"k":{"i":[[-0.033,-2.613],[2.613,-0.033],[0.033,2.613],[-2.613,0.032]],"o":[[0.033,2.613],[-2.614,0.033],[-0.033,-2.614],[2.613,-0.033]],"v":[[4.732,-0.06],[0.059,4.732],[-4.732,0.06],[-0.059,-4.732]],"c":true},"ix":2},"nm":"Path 1","mn":"ADBE Vector Shape - Group","hd":false},{"ty":"fl","c":{"a":0,"k":[0.423529441684,0.658823529412,0.960784373564,1],"ix":4},"o":{"a":0,"k":100,"ix":5},"r":1,"bm":0,"nm":"Fill 1","mn":"ADBE Vector Graphic - Fill","hd":false},{"ty":"tr","p":{"a":0,"k":[171.676,110.809],"ix":2},"a":{"a":0,"k":[0,0],"ix":1},"s":{"a":0,"k":[100,100],"ix":3},"r":{"a":0,"k":0,"ix":6},"o":{"a":0,"k":100,"ix":7},"sk":{"a":0,"k":0,"ix":4},"sa":{"a":0,"k":0,"ix":5},"nm":"Transform"}],"nm":"Group 1","np":2,"cix":2,"bm":0,"ix":1,"mn":"ADBE Vector Group","hd":false}],"ip":40,"op":103,"st":-147,"bm":0},{"ddd":0,"ind":7,"ty":4,"nm":"circle 2","sr":1,"ks":{"o":{"a":0,"k":100,"ix":11},"r":{"a":0,"k":0,"ix":10},"p":{"a":0,"k":[121.066,160.647,0],"ix":2},"a":{"a":0,"k":[171.676,110.809,0],"ix":1},"s":{"a":1,"k":[{"i":{"x":[0.146,0.146,0.833],"y":[1,1,1]},"o":{"x":[0.384,0.384,0.167],"y":[0,0,0]},"t":10,"s":[0,0,100]},{"i":{"x":[0.158,0.158,0.833],"y":[1,1,1]},"o":{"x":[0.187,0.187,0.167],"y":[0,0,0]},"t":33,"s":[100,100,100]},{"t":73,"s":[0,0,100]}],"ix":6}},"ao":0,"shapes":[{"ty":"gr","it":[{"ind":0,"ty":"sh","ix":1,"ks":{"a":0,"k":{"i":[[-0.033,-2.613],[2.613,-0.033],[0.033,2.613],[-2.613,0.032]],"o":[[0.033,2.613],[-2.614,0.033],[-0.033,-2.614],[2.613,-0.033]],"v":[[4.732,-0.06],[0.059,4.732],[-4.732,0.06],[-0.059,-4.732]],"c":true},"ix":2},"nm":"Path 1","mn":"ADBE Vector Shape - Group","hd":false},{"ty":"fl","c":{"a":0,"k":[0.423529441684,0.658823529412,0.960784373564,1],"ix":4},"o":{"a":0,"k":100,"ix":5},"r":1,"bm":0,"nm":"Fill 1","mn":"ADBE Vector Graphic - Fill","hd":false},{"ty":"tr","p":{"a":0,"k":[171.676,110.809],"ix":2},"a":{"a":0,"k":[0,0],"ix":1},"s":{"a":0,"k":[100,100],"ix":3},"r":{"a":0,"k":0,"ix":6},"o":{"a":0,"k":100,"ix":7},"sk":{"a":0,"k":0,"ix":4},"sa":{"a":0,"k":0,"ix":5},"nm":"Transform"}],"nm":"Group 1","np":2,"cix":2,"bm":0,"ix":1,"mn":"ADBE Vector Group","hd":false}],"ip":10,"op":73,"st":-177,"bm":0},{"ddd":0,"ind":8,"ty":4,"nm":"Layer 2 Outlines 5","sr":1,"ks":{"o":{"a":0,"k":100,"ix":11},"r":{"a":1,"k":[{"i":{"x":[0.833],"y":[1.023]},"o":{"x":[0.167],"y":[0]},"t":200,"s":[-45]},{"i":{"x":[0.833],"y":[1]},"o":{"x":[0.167],"y":[0.02]},"t":210,"s":[0]},{"i":{"x":[0.833],"y":[1]},"o":{"x":[0.167],"y":[0]},"t":221,"s":[-58]},{"i":{"x":[0.833],"y":[1]},"o":{"x":[0.167],"y":[0]},"t":232,"s":[0]},{"i":{"x":[0.833],"y":[1]},"o":{"x":[0.167],"y":[0]},"t":243,"s":[-58]},{"i":{"x":[0.833],"y":[0.833]},"o":{"x":[0.167],"y":[0]},"t":252,"s":[0]},{"t":263,"s":[-58]}],"ix":10},"p":{"a":1,"k":[{"i":{"x":0.833,"y":1},"o":{"x":0.167,"y":0},"t":200,"s":[208.568,108.037,0],"to":[-100.417,16.167,0],"ti":[0,0,0]},{"t":277,"s":[39.004,22.905,0]}],"ix":2},"a":{"a":0,"k":[210.068,71.037,0],"ix":1},"s":{"a":1,"k":[{"i":{"x":[0.244,0.244,0.833],"y":[1,1,1]},"o":{"x":[0.167,0.167,0.167],"y":[0,0,0]},"t":200,"s":[0,0,100]},{"i":{"x":[0.523,0.523,0.833],"y":[1,1,1]},"o":{"x":[0.854,0.854,0.167],"y":[0,0,0]},"t":230,"s":[100,100,100]},{"t":263,"s":[0,0,100]}],"ix":6}},"ao":0,"shapes":[{"ty":"gr","it":[{"ind":0,"ty":"sh","ix":1,"ks":{"a":0,"k":{"i":[[0,0],[6.216,-0.514]],"o":[[0,0],[0,0]],"v":[[6.691,-1.953],[-6.691,1.953]],"c":false},"ix":2},"nm":"Path 1","mn":"ADBE Vector Shape - Group","hd":false},{"ty":"st","c":{"a":0,"k":[0.144999994016,0.144999994016,0.144999994016,1],"ix":3},"o":{"a":0,"k":100,"ix":4},"w":{"a":0,"k":1,"ix":5},"lc":2,"lj":2,"bm":0,"nm":"Stroke 1","mn":"ADBE Vector Graphic - Stroke","hd":false},{"ty":"tr","p":{"a":0,"k":[207.155,80.95],"ix":2},"a":{"a":0,"k":[0,0],"ix":1},"s":{"a":0,"k":[100,100],"ix":3},"r":{"a":0,"k":0,"ix":6},"o":{"a":0,"k":100,"ix":7},"sk":{"a":0,"k":0,"ix":4},"sa":{"a":0,"k":0,"ix":5},"nm":"Transform"}],"nm":"Group 1","np":2,"cix":2,"bm":0,"ix":1,"mn":"ADBE Vector Group","hd":false},{"ty":"gr","it":[{"ind":0,"ty":"sh","ix":1,"ks":{"a":0,"k":{"i":[[21.895,2.371],[1.572,12.004],[7.305,-0.266],[0.233,-7.578],[-11.204,0.925],[-1.445,-13.098],[-8.592,0.825]],"o":[[0,0],[-1.571,-12.003],[-7.304,0.266],[-0.233,7.577],[0,0],[1.445,13.098],[8.593,-0.826]],"v":[[3.727,7.872],[25.444,-13.855],[-0.684,-25.365],[-18.763,-17.318],[2.881,-10.545],[-25.571,12.037],[7.29,25.032]],"c":true},"ix":2},"nm":"Path 1","mn":"ADBE Vector Shape - Group","hd":false},{"ty":"fl","c":{"a":0,"k":[0.957000014361,0.694000004787,0.902000038297,1],"ix":4},"o":{"a":0,"k":100,"ix":5},"r":1,"bm":0,"nm":"Fill 1","mn":"ADBE Vector Graphic - Fill","hd":false},{"ty":"tr","p":{"a":0,"k":[210.119,71.125],"ix":2},"a":{"a":0,"k":[0,0],"ix":1},"s":{"a":0,"k":[100,100],"ix":3},"r":{"a":0,"k":0,"ix":6},"o":{"a":0,"k":100,"ix":7},"sk":{"a":0,"k":0,"ix":4},"sa":{"a":0,"k":0,"ix":5},"nm":"Transform"}],"nm":"Group 2","np":2,"cix":2,"bm":0,"ix":2,"mn":"ADBE Vector Group","hd":false}],"ip":200,"op":268,"st":190,"bm":0},{"ddd":0,"ind":9,"ty":4,"nm":"Layer 2 Outlines 4","sr":1,"ks":{"o":{"a":0,"k":100,"ix":11},"r":{"a":1,"k":[{"i":{"x":[0.833],"y":[1.023]},"o":{"x":[0.167],"y":[0]},"t":170,"s":[-45]},{"i":{"x":[0.833],"y":[1]},"o":{"x":[0.167],"y":[0.02]},"t":180,"s":[0]},{"i":{"x":[0.833],"y":[1]},"o":{"x":[0.167],"y":[0]},"t":191,"s":[-58]},{"i":{"x":[0.833],"y":[1]},"o":{"x":[0.167],"y":[0]},"t":202,"s":[0]},{"i":{"x":[0.833],"y":[1]},"o":{"x":[0.167],"y":[0]},"t":213,"s":[-58]},{"i":{"x":[0.833],"y":[0.833]},"o":{"x":[0.167],"y":[0]},"t":222,"s":[0]},{"t":233,"s":[-58]}],"ix":10},"p":{"a":1,"k":[{"i":{"x":0.833,"y":1},"o":{"x":0.167,"y":0},"t":170,"s":[233.528,117.214,0],"to":[42.083,-49.833,0],"ti":[0,0,0]},{"t":247,"s":[202.62,-19.353,0]}],"ix":2},"a":{"a":0,"k":[210.068,71.037,0],"ix":1},"s":{"a":1,"k":[{"i":{"x":[0.244,0.244,0.833],"y":[1,1,1]},"o":{"x":[0.167,0.167,0.167],"y":[0,0,0]},"t":170,"s":[0,0,100]},{"i":{"x":[0.523,0.523,0.833],"y":[1,1,1]},"o":{"x":[0.854,0.854,0.167],"y":[0,0,0]},"t":200,"s":[70,70,100]},{"t":233,"s":[0,0,100]}],"ix":6}},"ao":0,"shapes":[{"ty":"gr","it":[{"ind":0,"ty":"sh","ix":1,"ks":{"a":0,"k":{"i":[[0,0],[6.216,-0.514]],"o":[[0,0],[0,0]],"v":[[6.691,-1.953],[-6.691,1.953]],"c":false},"ix":2},"nm":"Path 1","mn":"ADBE Vector Shape - Group","hd":false},{"ty":"st","c":{"a":0,"k":[0.144999994016,0.144999994016,0.144999994016,1],"ix":3},"o":{"a":0,"k":100,"ix":4},"w":{"a":0,"k":1,"ix":5},"lc":2,"lj":2,"bm":0,"nm":"Stroke 1","mn":"ADBE Vector Graphic - Stroke","hd":false},{"ty":"tr","p":{"a":0,"k":[207.155,80.95],"ix":2},"a":{"a":0,"k":[0,0],"ix":1},"s":{"a":0,"k":[100,100],"ix":3},"r":{"a":0,"k":0,"ix":6},"o":{"a":0,"k":100,"ix":7},"sk":{"a":0,"k":0,"ix":4},"sa":{"a":0,"k":0,"ix":5},"nm":"Transform"}],"nm":"Group 1","np":2,"cix":2,"bm":0,"ix":1,"mn":"ADBE Vector Group","hd":false},{"ty":"gr","it":[{"ind":0,"ty":"sh","ix":1,"ks":{"a":0,"k":{"i":[[21.895,2.371],[1.572,12.004],[7.305,-0.266],[0.233,-7.578],[-11.204,0.925],[-1.445,-13.098],[-8.592,0.825]],"o":[[0,0],[-1.571,-12.003],[-7.304,0.266],[-0.233,7.577],[0,0],[1.445,13.098],[8.593,-0.826]],"v":[[3.727,7.872],[25.444,-13.855],[-0.684,-25.365],[-18.763,-17.318],[2.881,-10.545],[-25.571,12.037],[7.29,25.032]],"c":true},"ix":2},"nm":"Path 1","mn":"ADBE Vector Shape - Group","hd":false},{"ty":"fl","c":{"a":0,"k":[0.957000014361,0.694000004787,0.902000038297,1],"ix":4},"o":{"a":0,"k":100,"ix":5},"r":1,"bm":0,"nm":"Fill 1","mn":"ADBE Vector Graphic - Fill","hd":false},{"ty":"tr","p":{"a":0,"k":[210.119,71.125],"ix":2},"a":{"a":0,"k":[0,0],"ix":1},"s":{"a":0,"k":[100,100],"ix":3},"r":{"a":0,"k":0,"ix":6},"o":{"a":0,"k":100,"ix":7},"sk":{"a":0,"k":0,"ix":4},"sa":{"a":0,"k":0,"ix":5},"nm":"Transform"}],"nm":"Group 2","np":2,"cix":2,"bm":0,"ix":2,"mn":"ADBE Vector Group","hd":false}],"ip":170,"op":240,"st":160,"bm":0},{"ddd":0,"ind":10,"ty":4,"nm":"Layer 2 Outlines 3","sr":1,"ks":{"o":{"a":0,"k":100,"ix":11},"r":{"a":1,"k":[{"i":{"x":[0.833],"y":[1.023]},"o":{"x":[0.167],"y":[0]},"t":105,"s":[-45]},{"i":{"x":[0.833],"y":[1]},"o":{"x":[0.167],"y":[0.02]},"t":115,"s":[0]},{"i":{"x":[0.833],"y":[1]},"o":{"x":[0.167],"y":[0]},"t":126,"s":[-58]},{"i":{"x":[0.833],"y":[1]},"o":{"x":[0.167],"y":[0]},"t":137,"s":[0]},{"i":{"x":[0.833],"y":[1]},"o":{"x":[0.167],"y":[0]},"t":148,"s":[-58]},{"i":{"x":[0.833],"y":[0.833]},"o":{"x":[0.167],"y":[0]},"t":157,"s":[0]},{"t":168,"s":[-58]}],"ix":10},"p":{"a":1,"k":[{"i":{"x":0.833,"y":1},"o":{"x":0.167,"y":0},"t":105,"s":[237.789,121.807,0],"to":[112.583,-87.833,0],"ti":[0,0,0]},{"t":183,"s":[476.955,63.543,0]}],"ix":2},"a":{"a":0,"k":[210.068,71.037,0],"ix":1},"s":{"a":1,"k":[{"i":{"x":[0.244,0.244,0.833],"y":[1,1,1]},"o":{"x":[0.167,0.167,0.167],"y":[0,0,0]},"t":105,"s":[0,0,100]},{"i":{"x":[0.523,0.523,0.833],"y":[1,1,1]},"o":{"x":[0.854,0.854,0.167],"y":[0,0,0]},"t":135,"s":[70,70,100]},{"t":168,"s":[0,0,100]}],"ix":6}},"ao":0,"shapes":[{"ty":"gr","it":[{"ind":0,"ty":"sh","ix":1,"ks":{"a":0,"k":{"i":[[0,0],[6.216,-0.514]],"o":[[0,0],[0,0]],"v":[[6.691,-1.953],[-6.691,1.953]],"c":false},"ix":2},"nm":"Path 1","mn":"ADBE Vector Shape - Group","hd":false},{"ty":"st","c":{"a":0,"k":[0.144999994016,0.144999994016,0.144999994016,1],"ix":3},"o":{"a":0,"k":100,"ix":4},"w":{"a":0,"k":1,"ix":5},"lc":2,"lj":2,"bm":0,"nm":"Stroke 1","mn":"ADBE Vector Graphic - Stroke","hd":false},{"ty":"tr","p":{"a":0,"k":[207.155,80.95],"ix":2},"a":{"a":0,"k":[0,0],"ix":1},"s":{"a":0,"k":[100,100],"ix":3},"r":{"a":0,"k":0,"ix":6},"o":{"a":0,"k":100,"ix":7},"sk":{"a":0,"k":0,"ix":4},"sa":{"a":0,"k":0,"ix":5},"nm":"Transform"}],"nm":"Group 1","np":2,"cix":2,"bm":0,"ix":1,"mn":"ADBE Vector Group","hd":false},{"ty":"gr","it":[{"ind":0,"ty":"sh","ix":1,"ks":{"a":0,"k":{"i":[[21.895,2.371],[1.572,12.004],[7.305,-0.266],[0.233,-7.578],[-11.204,0.925],[-1.445,-13.098],[-8.592,0.825]],"o":[[0,0],[-1.571,-12.003],[-7.304,0.266],[-0.233,7.577],[0,0],[1.445,13.098],[8.593,-0.826]],"v":[[3.727,7.872],[25.444,-13.855],[-0.684,-25.365],[-18.763,-17.318],[2.881,-10.545],[-25.571,12.037],[7.29,25.032]],"c":true},"ix":2},"nm":"Path 1","mn":"ADBE Vector Shape - Group","hd":false},{"ty":"fl","c":{"a":0,"k":[0.957000014361,0.694000004787,0.902000038297,1],"ix":4},"o":{"a":0,"k":100,"ix":5},"r":1,"bm":0,"nm":"Fill 1","mn":"ADBE Vector Graphic - Fill","hd":false},{"ty":"tr","p":{"a":0,"k":[210.119,71.125],"ix":2},"a":{"a":0,"k":[0,0],"ix":1},"s":{"a":0,"k":[100,100],"ix":3},"r":{"a":0,"k":0,"ix":6},"o":{"a":0,"k":100,"ix":7},"sk":{"a":0,"k":0,"ix":4},"sa":{"a":0,"k":0,"ix":5},"nm":"Transform"}],"nm":"Group 2","np":2,"cix":2,"bm":0,"ix":2,"mn":"ADBE Vector Group","hd":false}],"ip":105,"op":192,"st":95,"bm":0},{"ddd":0,"ind":11,"ty":4,"nm":"Layer 2 Outlines 2","sr":1,"ks":{"o":{"a":0,"k":100,"ix":11},"r":{"a":1,"k":[{"i":{"x":[0.833],"y":[1.023]},"o":{"x":[0.167],"y":[0]},"t":41,"s":[-45]},{"i":{"x":[0.833],"y":[1]},"o":{"x":[0.167],"y":[0.02]},"t":51,"s":[0]},{"i":{"x":[0.833],"y":[1]},"o":{"x":[0.167],"y":[0]},"t":62,"s":[-58]},{"i":{"x":[0.833],"y":[1]},"o":{"x":[0.167],"y":[0]},"t":73,"s":[0]},{"i":{"x":[0.833],"y":[1]},"o":{"x":[0.167],"y":[0]},"t":84,"s":[-58]},{"i":{"x":[0.833],"y":[0.833]},"o":{"x":[0.167],"y":[0]},"t":93,"s":[0]},{"t":104,"s":[-58]}],"ix":10},"p":{"a":1,"k":[{"i":{"x":0.833,"y":1},"o":{"x":0.167,"y":0},"t":41,"s":[229.434,101.435,0],"to":[42.083,-49.833,0],"ti":[0,0,0]},{"t":118,"s":[202.62,-19.353,0]}],"ix":2},"a":{"a":0,"k":[210.068,71.037,0],"ix":1},"s":{"a":1,"k":[{"i":{"x":[0.244,0.244,0.833],"y":[1,1,1]},"o":{"x":[0.167,0.167,0.167],"y":[0,0,0]},"t":41,"s":[0,0,100]},{"i":{"x":[0.523,0.523,0.833],"y":[1,1,1]},"o":{"x":[0.854,0.854,0.167],"y":[0,0,0]},"t":71,"s":[70,70,100]},{"t":104,"s":[0,0,100]}],"ix":6}},"ao":0,"shapes":[{"ty":"gr","it":[{"ind":0,"ty":"sh","ix":1,"ks":{"a":0,"k":{"i":[[0,0],[6.216,-0.514]],"o":[[0,0],[0,0]],"v":[[6.691,-1.953],[-6.691,1.953]],"c":false},"ix":2},"nm":"Path 1","mn":"ADBE Vector Shape - Group","hd":false},{"ty":"st","c":{"a":0,"k":[0.144999994016,0.144999994016,0.144999994016,1],"ix":3},"o":{"a":0,"k":100,"ix":4},"w":{"a":0,"k":1,"ix":5},"lc":2,"lj":2,"bm":0,"nm":"Stroke 1","mn":"ADBE Vector Graphic - Stroke","hd":false},{"ty":"tr","p":{"a":0,"k":[207.155,80.95],"ix":2},"a":{"a":0,"k":[0,0],"ix":1},"s":{"a":0,"k":[100,100],"ix":3},"r":{"a":0,"k":0,"ix":6},"o":{"a":0,"k":100,"ix":7},"sk":{"a":0,"k":0,"ix":4},"sa":{"a":0,"k":0,"ix":5},"nm":"Transform"}],"nm":"Group 1","np":2,"cix":2,"bm":0,"ix":1,"mn":"ADBE Vector Group","hd":false},{"ty":"gr","it":[{"ind":0,"ty":"sh","ix":1,"ks":{"a":0,"k":{"i":[[21.895,2.371],[1.572,12.004],[7.305,-0.266],[0.233,-7.578],[-11.204,0.925],[-1.445,-13.098],[-8.592,0.825]],"o":[[0,0],[-1.571,-12.003],[-7.304,0.266],[-0.233,7.577],[0,0],[1.445,13.098],[8.593,-0.826]],"v":[[3.727,7.872],[25.444,-13.855],[-0.684,-25.365],[-18.763,-17.318],[2.881,-10.545],[-25.571,12.037],[7.29,25.032]],"c":true},"ix":2},"nm":"Path 1","mn":"ADBE Vector Shape - Group","hd":false},{"ty":"fl","c":{"a":0,"k":[0.957000014361,0.694000004787,0.902000038297,1],"ix":4},"o":{"a":0,"k":100,"ix":5},"r":1,"bm":0,"nm":"Fill 1","mn":"ADBE Vector Graphic - Fill","hd":false},{"ty":"tr","p":{"a":0,"k":[210.119,71.125],"ix":2},"a":{"a":0,"k":[0,0],"ix":1},"s":{"a":0,"k":[100,100],"ix":3},"r":{"a":0,"k":0,"ix":6},"o":{"a":0,"k":100,"ix":7},"sk":{"a":0,"k":0,"ix":4},"sa":{"a":0,"k":0,"ix":5},"nm":"Transform"}],"nm":"Group 2","np":2,"cix":2,"bm":0,"ix":2,"mn":"ADBE Vector Group","hd":false}],"ip":41,"op":111,"st":31,"bm":0},{"ddd":0,"ind":12,"ty":0,"nm":"Man","parent":17,"refId":"comp_0","sr":1,"ks":{"o":{"a":0,"k":100,"ix":11},"r":{"a":1,"k":[{"i":{"x":[0.291],"y":[1]},"o":{"x":[0.48],"y":[0]},"t":10,"s":[-33]},{"i":{"x":[0.833],"y":[1]},"o":{"x":[0.647],"y":[0]},"t":130,"s":[-15]},{"t":268,"s":[-33]}],"ix":10},"p":{"a":0,"k":[173.419,115.678,0],"ix":2},"a":{"a":0,"k":[277,158,0],"ix":1},"s":{"a":0,"k":[97,97,100],"ix":6}},"ao":0,"w":512,"h":387,"ip":0,"op":601,"st":0,"bm":0},{"ddd":0,"ind":13,"ty":4,"nm":"outline","parent":17,"sr":1,"ks":{"o":{"a":1,"k":[{"t":0,"s":[0],"h":1},{"t":35,"s":[100],"h":1},{"t":53,"s":[0],"h":1},{"t":176,"s":[100],"h":1},{"t":201,"s":[0],"h":1}],"ix":11},"r":{"a":0,"k":0,"ix":10},"p":{"a":0,"k":[220.131,278.404,0],"ix":2},"a":{"a":0,"k":[220.131,278.404,0],"ix":1},"s":{"a":0,"k":[100,100,100],"ix":6}},"ao":0,"shapes":[{"ty":"gr","it":[{"ind":0,"ty":"sh","ix":1,"ks":{"a":0,"k":{"i":[[0,0],[6.162,-1.329],[5.636,-0.997]],"o":[[-5.546,1.413],[-6.163,1.329],[0,0]],"v":[[17.649,-3.805],[0.07,0.324],[-17.649,3.805]],"c":false},"ix":2},"nm":"Path 1","mn":"ADBE Vector Shape - Group","hd":false},{"ty":"st","c":{"a":0,"k":[0.144999994016,0.144999994016,0.144999994016,1],"ix":3},"o":{"a":0,"k":100,"ix":4},"w":{"a":0,"k":1,"ix":5},"lc":2,"lj":2,"bm":0,"nm":"Stroke 1","mn":"ADBE Vector Graphic - Stroke","hd":false},{"ty":"tr","p":{"a":0,"k":[220.062,278.08],"ix":2},"a":{"a":0,"k":[0,0],"ix":1},"s":{"a":0,"k":[100,100],"ix":3},"r":{"a":0,"k":0,"ix":6},"o":{"a":0,"k":100,"ix":7},"sk":{"a":0,"k":0,"ix":4},"sa":{"a":0,"k":0,"ix":5},"nm":"Transform"}],"nm":"Group 1","np":2,"cix":2,"bm":0,"ix":1,"mn":"ADBE Vector Group","hd":false}],"ip":0,"op":601,"st":0,"bm":0},{"ddd":0,"ind":14,"ty":4,"nm":"Layer 3 Outlines","parent":17,"sr":1,"ks":{"o":{"a":0,"k":100,"ix":11},"r":{"a":1,"k":[{"i":{"x":[0.657],"y":[0.34]},"o":{"x":[0.324],"y":[0]},"t":-4,"s":[29]},{"i":{"x":[0.442],"y":[1]},"o":{"x":[0.209],"y":[0]},"t":0,"s":[28.81]},{"i":{"x":[0.222],"y":[1]},"o":{"x":[0.273],"y":[0]},"t":140,"s":[-37.54]},{"t":268,"s":[29]}],"ix":10},"p":{"a":0,"k":[212.169,246.169,0],"ix":2},"a":{"a":0,"k":[212.169,246.169,0],"ix":1},"s":{"a":1,"k":[{"i":{"x":[0.607,0.607,0.833],"y":[1,1,1]},"o":{"x":[0.78,0.78,0.167],"y":[0,0,0]},"t":0,"s":[120,120,100]},{"i":{"x":[0.269,0.269,0.833],"y":[1,1,1]},"o":{"x":[0.313,0.313,0.167],"y":[0,0,0]},"t":50,"s":[80,80,100]},{"i":{"x":[0.269,0.269,0.833],"y":[1,1,1]},"o":{"x":[0.167,0.167,0.167],"y":[0,0,0]},"t":100,"s":[120,120,100]},{"i":{"x":[0.156,0.156,0.833],"y":[1,1,1]},"o":{"x":[0.641,0.641,0.167],"y":[0,0,0]},"t":140,"s":[120,120,100]},{"i":{"x":[0.713,0.713,0.833],"y":[1,1,1]},"o":{"x":[0.816,0.816,0.167],"y":[0,0,0]},"t":180,"s":[80,80,100]},{"t":231,"s":[120,120,100]}],"ix":6}},"ao":0,"shapes":[{"ty":"gr","it":[{"ind":0,"ty":"sh","ix":1,"ks":{"a":0,"k":{"i":[[0,0],[0,0]],"o":[[0,0],[0,0]],"v":[[-3.936,-17.266],[3.936,17.266]],"c":false},"ix":2},"nm":"Path 1","mn":"ADBE Vector Shape - Group","hd":false},{"ty":"st","c":{"a":0,"k":[0.976000019148,0.851000019148,0.352999997606,1],"ix":3},"o":{"a":0,"k":100,"ix":4},"w":{"a":0,"k":7,"ix":5},"lc":1,"lj":1,"ml":10,"bm":0,"nm":"Stroke 1","mn":"ADBE Vector Graphic - Stroke","hd":false},{"ty":"tr","p":{"a":0,"k":[215.576,262.573],"ix":2},"a":{"a":0,"k":[0,0],"ix":1},"s":{"a":0,"k":[100,100],"ix":3},"r":{"a":0,"k":0,"ix":6},"o":{"a":0,"k":100,"ix":7},"sk":{"a":0,"k":0,"ix":4},"sa":{"a":0,"k":0,"ix":5},"nm":"Transform"}],"nm":"Group 1","np":2,"cix":2,"bm":0,"ix":1,"mn":"ADBE Vector Group","hd":false},{"ty":"gr","it":[{"ind":0,"ty":"sh","ix":1,"ks":{"a":0,"k":{"i":[[-2.103,-9.754],[-9.754,2.102],[2.103,9.754],[9.753,-2.102]],"o":[[2.103,9.754],[9.753,-2.104],[-2.103,-9.754],[-9.754,2.104]],"v":[[-17.66,3.808],[3.809,17.662],[17.661,-3.807],[-3.807,-17.661]],"c":true},"ix":2},"nm":"Path 1","mn":"ADBE Vector Shape - Group","hd":false},{"ty":"fl","c":{"a":0,"k":[0.976000019148,0.851000019148,0.352999997606,1],"ix":4},"o":{"a":0,"k":100,"ix":5},"r":1,"bm":0,"nm":"Fill 1","mn":"ADBE Vector Graphic - Fill","hd":false},{"ty":"tr","p":{"a":0,"k":[220.132,278.404],"ix":2},"a":{"a":0,"k":[0,0],"ix":1},"s":{"a":0,"k":[100,100],"ix":3},"r":{"a":0,"k":0,"ix":6},"o":{"a":0,"k":100,"ix":7},"sk":{"a":0,"k":0,"ix":4},"sa":{"a":0,"k":0,"ix":5},"nm":"Transform"}],"nm":"Group 2","np":2,"cix":2,"bm":0,"ix":2,"mn":"ADBE Vector Group","hd":false}],"ip":0,"op":601,"st":0,"bm":0},{"ddd":0,"ind":15,"ty":4,"nm":"Layer 7 Outlines 2","parent":17,"sr":1,"ks":{"o":{"a":1,"k":[{"t":0,"s":[100],"h":1},{"t":35,"s":[0],"h":1},{"t":53,"s":[100],"h":1},{"t":176,"s":[0],"h":1},{"t":201,"s":[100],"h":1}],"ix":11},"r":{"a":0,"k":0,"ix":10},"p":{"a":0,"k":[219.908,275.914,0],"ix":2},"a":{"a":0,"k":[219.908,275.914,0],"ix":1},"s":{"a":0,"k":[100,100,100],"ix":6}},"ao":0,"shapes":[{"ty":"gr","it":[{"ind":0,"ty":"sh","ix":1,"ks":{"a":1,"k":[{"i":{"x":0.833,"y":0.833},"o":{"x":0.167,"y":0.167},"t":0,"s":[{"i":[[-1.615,-7.506],[43.024,-9.259],[1.615,7.506],[-43.024,9.26]],"o":[[1.615,7.506],[-43.024,9.26],[-1.615,-7.505],[43.023,-9.259]],"v":[[77.902,-16.766],[2.924,13.59],[-77.901,16.766],[-2.924,-13.589]],"c":true}]},{"i":{"x":0.833,"y":0.833},"o":{"x":0.167,"y":0.167},"t":35,"s":[{"i":[[-0.136,-1.129],[43.024,-9.259],[0.268,1.018],[-43.024,9.26]],"o":[[0.429,3.573],[-43.024,9.26],[-0.615,-2.341],[43.023,-9.259]],"v":[[77.655,-15.796],[1.48,11.158],[-74.765,20.66],[2.122,11.171]],"c":true}]},{"i":{"x":0.833,"y":0.833},"o":{"x":0.167,"y":0.167},"t":53,"s":[{"i":[[-0.136,-1.129],[43.024,-9.259],[0.268,1.018],[-43.024,9.26]],"o":[[0.429,3.573],[-43.024,9.26],[-0.615,-2.341],[43.023,-9.259]],"v":[[77.655,-15.796],[1.48,11.158],[-74.765,20.66],[2.122,11.171]],"c":true}]},{"i":{"x":0.833,"y":0.833},"o":{"x":0.167,"y":0.167},"t":90,"s":[{"i":[[-1.615,-7.506],[43.024,-9.259],[1.615,7.506],[-43.024,9.26]],"o":[[1.615,7.506],[-43.024,9.26],[-1.615,-7.505],[43.023,-9.259]],"v":[[77.902,-16.766],[2.924,13.59],[-77.901,16.766],[-2.924,-13.589]],"c":true}]},{"i":{"x":0.833,"y":0.833},"o":{"x":0.167,"y":0.167},"t":135,"s":[{"i":[[-1.615,-7.506],[43.024,-9.259],[1.615,7.506],[-43.024,9.26]],"o":[[1.615,7.506],[-43.024,9.26],[-1.615,-7.505],[43.023,-9.259]],"v":[[77.902,-16.766],[2.924,13.59],[-77.901,16.766],[-2.924,-13.589]],"c":true}]},{"i":{"x":0.833,"y":0.833},"o":{"x":0.167,"y":0.167},"t":176,"s":[{"i":[[-0.136,-1.129],[43.024,-9.259],[0.268,1.018],[-43.024,9.26]],"o":[[0.429,3.573],[-43.024,9.26],[-0.615,-2.341],[43.023,-9.259]],"v":[[77.655,-15.796],[1.48,11.158],[-74.765,20.66],[2.122,11.171]],"c":true}]},{"i":{"x":0.833,"y":0.833},"o":{"x":0.167,"y":0.167},"t":198,"s":[{"i":[[-0.136,-1.129],[43.024,-9.259],[0.268,1.018],[-43.024,9.26]],"o":[[0.429,3.573],[-43.024,9.26],[-0.615,-2.341],[43.023,-9.259]],"v":[[77.655,-15.796],[1.48,11.158],[-74.765,20.66],[2.122,11.171]],"c":true}]},{"t":231,"s":[{"i":[[-1.615,-7.506],[43.024,-9.259],[1.615,7.506],[-43.024,9.26]],"o":[[1.615,7.506],[-43.024,9.26],[-1.615,-7.505],[43.023,-9.259]],"v":[[77.902,-16.766],[2.924,13.59],[-77.901,16.766],[-2.924,-13.589]],"c":true}]}],"ix":2},"nm":"Path 1","mn":"ADBE Vector Shape - Group","hd":false},{"ty":"fl","c":{"a":0,"k":[0.144999994016,0.144999994016,0.144999994016,1],"ix":4},"o":{"a":0,"k":100,"ix":5},"r":1,"bm":0,"nm":"Fill 1","mn":"ADBE Vector Graphic - Fill","hd":false},{"ty":"tr","p":{"a":0,"k":[217.609,262.865],"ix":2},"a":{"a":0,"k":[0,0],"ix":1},"s":{"a":0,"k":[100,100],"ix":3},"r":{"a":0,"k":0,"ix":6},"o":{"a":0,"k":100,"ix":7},"sk":{"a":0,"k":0,"ix":4},"sa":{"a":0,"k":0,"ix":5},"nm":"Transform"}],"nm":"Group 1","np":2,"cix":2,"bm":0,"ix":1,"mn":"ADBE Vector Group","hd":false}],"ip":0,"op":601,"st":0,"bm":0},{"ddd":0,"ind":16,"ty":4,"nm":"face","parent":17,"sr":1,"ks":{"o":{"a":0,"k":100,"ix":11},"r":{"a":0,"k":-6,"ix":10},"p":{"s":true,"x":{"a":1,"k":[{"i":{"x":[0.3],"y":[1]},"o":{"x":[0.342],"y":[0]},"t":0,"s":[162.413]},{"i":{"x":[0.833],"y":[1]},"o":{"x":[0.653],"y":[0]},"t":45,"s":[210.413]},{"i":{"x":[0.833],"y":[1]},"o":{"x":[0.167],"y":[0]},"t":90,"s":[213.413]},{"i":{"x":[0.273],"y":[1]},"o":{"x":[0.271],"y":[0]},"t":150,"s":[213.413]},{"i":{"x":[0.833],"y":[1]},"o":{"x":[0.653],"y":[0]},"t":190,"s":[208.413]},{"t":230,"s":[162.413]}],"ix":3},"y":{"a":1,"k":[{"i":{"x":[0.3],"y":[1]},"o":{"x":[0.342],"y":[0]},"t":0,"s":[183.425]},{"i":{"x":[0.591],"y":[1]},"o":{"x":[0.653],"y":[0]},"t":45,"s":[217.425]},{"i":{"x":[0.833],"y":[1]},"o":{"x":[0.167],"y":[0]},"t":90,"s":[166.425]},{"i":{"x":[0.3],"y":[1]},"o":{"x":[0.167],"y":[0]},"t":150,"s":[166.425]},{"i":{"x":[0.833],"y":[1]},"o":{"x":[0.653],"y":[0]},"t":190,"s":[210.425]},{"t":230,"s":[183.425]}],"ix":4}},"a":{"a":0,"k":[271.47,125.56,0],"ix":1},"s":{"a":0,"k":[220,220,100],"ix":6}},"ao":0,"shapes":[{"ty":"gr","it":[{"ind":0,"ty":"sh","ix":1,"ks":{"a":1,"k":[{"i":{"x":0,"y":1},"o":{"x":0.549,"y":0},"t":13,"s":[{"i":[[0,-1.001],[1,0],[0,1.001],[-1.001,0]],"o":[[0,1.001],[-1.001,0],[0,-1.001],[1,0]],"v":[[1.813,0],[0,1.812],[-1.813,0],[0,-1.812]],"c":true}]},{"i":{"x":0.437,"y":1},"o":{"x":1,"y":0},"t":48,"s":[{"i":[[-0.219,-1.802],[0.993,-0.121],[0.378,1.775],[-1.829,0.466]],"o":[[0.219,1.802],[-0.994,0.121],[-0.732,-3.438],[2.038,-0.519]],"v":[[3.805,1.136],[1.543,3.974],[-1.724,2.154],[-0.279,-5.256]],"c":true}]},{"i":{"x":0.162,"y":1},"o":{"x":0.353,"y":0},"t":82,"s":[{"i":[[0,-1.001],[1,0],[0,1.001],[-1.001,0]],"o":[[0,1.001],[-1.001,0],[0,-1.001],[1,0]],"v":[[1.813,0],[0,1.812],[-1.813,0],[0,-1.812]],"c":true}]},{"i":{"x":0.437,"y":1},"o":{"x":0.449,"y":0},"t":122,"s":[{"i":[[0,-1.507],[1.505,0],[0,1.506],[-1.507,0]],"o":[[0,1.507],[-1.507,0],[0,-1.506],[1.505,0]],"v":[[2.864,-0.136],[0.137,2.591],[-2.591,-0.136],[0.137,-2.863]],"c":true}]},{"i":{"x":0,"y":1},"o":{"x":0.167,"y":0},"t":157,"s":[{"i":[[0,-1.001],[1,0],[0,1.001],[-1.001,0]],"o":[[0,1.001],[-1.001,0],[0,-1.001],[1,0]],"v":[[1.813,0],[0,1.812],[-1.813,0],[0,-1.812]],"c":true}]},{"i":{"x":0.437,"y":1},"o":{"x":1,"y":0},"t":193,"s":[{"i":[[-0.219,-1.802],[0.993,-0.121],[0.378,1.775],[-1.829,0.466]],"o":[[0.219,1.802],[-0.994,0.121],[-0.732,-3.438],[2.038,-0.519]],"v":[[3.805,1.136],[1.543,3.974],[-1.724,2.154],[-0.279,-5.256]],"c":true}]},{"t":223,"s":[{"i":[[0,-1.001],[1,0],[0,1.001],[-1.001,0]],"o":[[0,1.001],[-1.001,0],[0,-1.001],[1,0]],"v":[[1.813,0],[0,1.812],[-1.813,0],[0,-1.812]],"c":true}]}],"ix":2},"nm":"Path 1","mn":"ADBE Vector Shape - Group","hd":false},{"ty":"fl","c":{"a":0,"k":[0.144999994016,0.144999994016,0.144999994016,1],"ix":4},"o":{"a":0,"k":100,"ix":5},"r":1,"bm":0,"nm":"Fill 1","mn":"ADBE Vector Graphic - Fill","hd":false},{"ty":"tr","p":{"a":0,"k":[272.077,134.151],"ix":2},"a":{"a":0,"k":[0,0],"ix":1},"s":{"a":0,"k":[100,100],"ix":3},"r":{"a":0,"k":0,"ix":6},"o":{"a":0,"k":100,"ix":7},"sk":{"a":0,"k":0,"ix":4},"sa":{"a":0,"k":0,"ix":5},"nm":"Transform"}],"nm":"Group 1","np":2,"cix":2,"bm":0,"ix":1,"mn":"ADBE Vector Group","hd":false},{"ty":"gr","it":[{"ind":0,"ty":"sh","ix":1,"ks":{"a":1,"k":[{"i":{"x":0,"y":1},"o":{"x":0.549,"y":0},"t":4,"s":[{"i":[[0,0],[2.574,-0.602],[0,0]],"o":[[0,0],[-3.15,0.737],[0,0]],"v":[[2.837,-3.177],[0.39,2.44],[-2.965,-1.561]],"c":false}]},{"i":{"x":0.437,"y":1},"o":{"x":1,"y":0},"t":48,"s":[{"i":[[0,0],[2.574,-0.602],[0,0]],"o":[[0,0],[-3.15,0.737],[0,0]],"v":[[2.746,-2.329],[0.313,2.434],[-3.797,-0.718]],"c":false}]},{"i":{"x":0.437,"y":1},"o":{"x":0.167,"y":0},"t":93,"s":[{"i":[[0,0],[2.574,-0.602],[0,0]],"o":[[0,0],[-3.15,0.737],[0,0]],"v":[[2.837,-3.177],[0.39,2.44],[-2.965,-1.561]],"c":false}]},{"i":{"x":0,"y":1},"o":{"x":0.167,"y":0},"t":153,"s":[{"i":[[0,0],[2.574,-0.602],[0,0]],"o":[[0,0],[-3.15,0.737],[0,0]],"v":[[2.837,-3.177],[0.39,2.44],[-2.965,-1.561]],"c":false}]},{"i":{"x":0.437,"y":1},"o":{"x":1,"y":0},"t":193,"s":[{"i":[[0,0],[2.574,-0.602],[0,0]],"o":[[0,0],[-3.15,0.737],[0,0]],"v":[[2.746,-2.329],[0.313,2.434],[-3.797,-0.718]],"c":false}]},{"t":234,"s":[{"i":[[0,0],[2.574,-0.602],[0,0]],"o":[[0,0],[-3.15,0.737],[0,0]],"v":[[2.837,-3.177],[0.39,2.44],[-2.965,-1.561]],"c":false}]}],"ix":2},"nm":"Path 1","mn":"ADBE Vector Shape - Group","hd":false},{"ty":"st","c":{"a":0,"k":[0.144999994016,0.144999994016,0.144999994016,1],"ix":3},"o":{"a":0,"k":100,"ix":4},"w":{"a":0,"k":1,"ix":5},"lc":2,"lj":2,"bm":0,"nm":"Stroke 1","mn":"ADBE Vector Graphic - Stroke","hd":false},{"ty":"tr","p":{"a":0,"k":[265.069,127.376],"ix":2},"a":{"a":0,"k":[0,0],"ix":1},"s":{"a":0,"k":[100,100],"ix":3},"r":{"a":0,"k":0,"ix":6},"o":{"a":0,"k":100,"ix":7},"sk":{"a":0,"k":0,"ix":4},"sa":{"a":0,"k":0,"ix":5},"nm":"Transform"}],"nm":"Group 4","np":2,"cix":2,"bm":0,"ix":2,"mn":"ADBE Vector Group","hd":false},{"ty":"gr","it":[{"ind":0,"ty":"sh","ix":1,"ks":{"a":1,"k":[{"i":{"x":0,"y":1},"o":{"x":0.549,"y":0},"t":4,"s":[{"i":[[0,0],[2.866,-0.714],[0,0]],"o":[[0,0],[-3.508,0.874],[0,0]],"v":[[3.212,-3.565],[0.391,2.69],[-3.257,-1.668]],"c":false}]},{"i":{"x":0.437,"y":1},"o":{"x":1,"y":0},"t":48,"s":[{"i":[[0,0],[2.866,-0.714],[0,0]],"o":[[0,0],[-3.508,0.874],[0,0]],"v":[[3.12,-2.717],[0.238,2.906],[-3.584,-0.726]],"c":false}]},{"i":{"x":0.437,"y":1},"o":{"x":0.167,"y":0},"t":93,"s":[{"i":[[0,0],[2.866,-0.714],[0,0]],"o":[[0,0],[-3.508,0.874],[0,0]],"v":[[3.212,-3.565],[0.391,2.69],[-3.257,-1.668]],"c":false}]},{"i":{"x":0,"y":1},"o":{"x":0.167,"y":0},"t":153,"s":[{"i":[[0,0],[2.866,-0.714],[0,0]],"o":[[0,0],[-3.508,0.874],[0,0]],"v":[[3.212,-3.565],[0.391,2.69],[-3.257,-1.668]],"c":false}]},{"i":{"x":0.437,"y":1},"o":{"x":1,"y":0},"t":193,"s":[{"i":[[0,0],[2.866,-0.714],[0,0]],"o":[[0,0],[-3.508,0.874],[0,0]],"v":[[3.12,-2.717],[0.238,2.906],[-3.584,-0.726]],"c":false}]},{"t":234,"s":[{"i":[[0,0],[2.866,-0.714],[0,0]],"o":[[0,0],[-3.508,0.874],[0,0]],"v":[[3.212,-3.565],[0.391,2.69],[-3.257,-1.668]],"c":false}]}],"ix":2},"nm":"Path 1","mn":"ADBE Vector Shape - Group","hd":false},{"ty":"st","c":{"a":0,"k":[0.144999994016,0.144999994016,0.144999994016,1],"ix":3},"o":{"a":0,"k":100,"ix":4},"w":{"a":0,"k":1,"ix":5},"lc":2,"lj":2,"bm":0,"nm":"Stroke 1","mn":"ADBE Vector Graphic - Stroke","hd":false},{"ty":"tr","p":{"a":0,"k":[276.618,124.212],"ix":2},"a":{"a":0,"k":[0,0],"ix":1},"s":{"a":0,"k":[100,100],"ix":3},"r":{"a":0,"k":0,"ix":6},"o":{"a":0,"k":100,"ix":7},"sk":{"a":0,"k":0,"ix":4},"sa":{"a":0,"k":0,"ix":5},"nm":"Transform"}],"nm":"Group 5","np":2,"cix":2,"bm":0,"ix":3,"mn":"ADBE Vector Group","hd":false}],"ip":0,"op":601,"st":0,"bm":0},{"ddd":0,"ind":17,"ty":4,"nm":"bell","sr":1,"ks":{"o":{"a":0,"k":100,"ix":11},"r":{"a":1,"k":[{"i":{"x":[0.192],"y":[1]},"o":{"x":[0.393],"y":[0]},"t":0,"s":[42]},{"i":{"x":[0.62],"y":[1]},"o":{"x":[0.834],"y":[0]},"t":121,"s":[-30]},{"t":240,"s":[42]}],"ix":10},"p":{"a":0,"k":[240.829,120.669,0],"ix":2},"a":{"a":0,"k":[176.486,97.669,0],"ix":1},"s":{"a":1,"k":[{"i":{"x":[0.21,0.21,0.833],"y":[1,1,1]},"o":{"x":[0.4,0.4,0.167],"y":[0,0,0]},"t":0,"s":[110,110,100]},{"i":{"x":[0.833,0.833,0.833],"y":[1,1,1]},"o":{"x":[0.695,0.695,0.167],"y":[0,0,0]},"t":45,"s":[100,100,100]},{"i":{"x":[0.833,0.833,0.833],"y":[1,1,1]},"o":{"x":[0.4,0.4,0.167],"y":[0,0,0]},"t":90,"s":[110,110,100]},{"i":{"x":[0.21,0.21,0.833],"y":[1,1,1]},"o":{"x":[0.4,0.4,0.167],"y":[0,0,0]},"t":150,"s":[110,110,100]},{"i":{"x":[0.833,0.833,0.833],"y":[1,1,1]},"o":{"x":[0.695,0.695,0.167],"y":[0,0,0]},"t":190,"s":[100,100,100]},{"t":230,"s":[110,110,100]}],"ix":6}},"ao":0,"shapes":[{"ty":"gr","it":[{"ind":0,"ty":"sh","ix":1,"ks":{"a":0,"k":{"i":[[-2.086,6.291],[0,0],[1.741,7.206],[0.011,0.049],[0.207,1.084],[0,0],[-40.907,8.82],[-8.82,-40.907],[0,0],[-0.203,-1.085],[-0.01,-0.049],[-5.025,-5.449],[0,0],[4.279,-5.061],[1.688,-0.845],[33.541,-7.231],[12.316,0.484],[1.6,0.762]],"o":[[0,0],[2.333,-7.035],[-0.012,-0.048],[-0.263,-1.072],[0,0],[-8.82,-40.908],[40.908,-8.82],[0,0],[0.258,1.074],[0.009,0.049],[1.382,7.283],[0,0],[4.494,4.872],[-1.144,1.354],[-11.021,5.518],[-33.541,7.232],[-1.885,-0.075],[-5.985,-2.849]],"v":[[-69.907,82.544],[-69.68,81.86],[-68.624,60.056],[-68.659,59.911],[-69.391,56.682],[-83.356,-1.671],[-25.257,-91.711],[64.783,-33.612],[76.105,25.312],[76.77,28.555],[76.797,28.701],[86.744,48.134],[87.232,48.663],[87.897,66.151],[83.634,69.498],[14.182,91.204],[-58.043,100.047],[-63.306,98.753]],"c":true},"ix":2},"nm":"Path 1","mn":"ADBE Vector Shape - Group","hd":false},{"ty":"fl","c":{"a":0,"k":[0.976000019148,0.851000019148,0.352999997606,1],"ix":4},"o":{"a":0,"k":100,"ix":5},"r":1,"bm":0,"nm":"Fill 1","mn":"ADBE Vector Graphic - Fill","hd":false},{"ty":"tr","p":{"a":0,"k":[205.949,187.199],"ix":2},"a":{"a":0,"k":[0,0],"ix":1},"s":{"a":0,"k":[100,100],"ix":3},"r":{"a":0,"k":0,"ix":6},"o":{"a":0,"k":100,"ix":7},"sk":{"a":0,"k":0,"ix":4},"sa":{"a":0,"k":0,"ix":5},"nm":"Transform"}],"nm":"Group 2","np":2,"cix":2,"bm":0,"ix":2,"mn":"ADBE Vector Group","hd":false}],"ip":0,"op":601,"st":0,"bm":0}],"markers":[]}