{"nm":"Old TV","mn":"","layers":[{"ty":4,"nm":"Controller","mn":"","sr":1,"st":0,"op":606,"ip":0,"hd":false,"cl":"","ln":"","ddd":0,"bm":0,"tt":0,"hasMask":false,"td":0,"ao":0,"ks":{"a":{"a":0,"k":[47.117,47.41,0],"ix":1},"s":{"a":0,"k":[100,100,100],"ix":6},"sk":{"a":0,"k":0},"p":{"a":0,"k":[835.007,337.28,0],"ix":2},"sa":{"a":0,"k":0},"o":{"a":0,"k":100,"ix":11},"r":{"a":1,"k":[{"o":{"x":0.167,"y":0.167},"i":{"x":0.833,"y":0.833},"s":[0],"t":0},{"o":{"x":0.167,"y":0.167},"i":{"x":0.833,"y":0.833},"s":[360],"t":60}],"ix":10}},"ef":[],"shapes":[{"ty":"gr","bm":0,"cl":"","ln":"","hd":false,"mn":"ADBE Vector Group","nm":"Group 1","ix":1,"cix":2,"np":3,"it":[{"ty":"sh","bm":0,"cl":"","ln":"","hd":false,"mn":"ADBE Vector Shape - Group","nm":"Path 1","ix":1,"d":1,"ks":{"a":0,"k":{"c":true,"i":[[-0.291,-0.283],[0,0],[0.712,-0.731],[0.731,0.712],[0.008,0.009],[0,0],[-0.297,0.29]],"o":[[0,0],[0.731,0.712],[-0.712,0.73],[-0.009,-0.009],[0,0],[-0.29,-0.296],[0.292,-0.285]],"v":[[-31.147,-32.212],[31.754,29.139],[31.787,31.752],[29.174,31.785],[29.142,31.752],[-32.209,-31.15],[-32.196,-32.212]]},"ix":2}},{"ty":"mm","bm":0,"cl":"","ln":"","hd":false,"mn":"ADBE Vector Filter - Merge","nm":"Merge Paths 1","mm":4},{"ty":"fl","bm":0,"cl":"","ln":"","hd":false,"mn":"ADBE Vector Graphic - Fill","nm":"Fill 1","c":{"a":0,"k":[0,0.0863,0.2196],"ix":4},"r":1,"o":{"a":0,"k":100,"ix":5}},{"ty":"tr","a":{"a":0,"k":[0,0],"ix":1},"s":{"a":0,"k":[100,100],"ix":3},"sk":{"a":0,"k":0,"ix":4},"p":{"a":0,"k":[48.194,48.316],"ix":2},"r":{"a":0,"k":0,"ix":6},"sa":{"a":0,"k":0,"ix":5},"o":{"a":0,"k":100,"ix":7}}]},{"ty":"gr","bm":0,"cl":"","ln":"","hd":false,"mn":"ADBE Vector Group","nm":"Group 2","ix":2,"cix":2,"np":5,"it":[{"ty":"sh","bm":0,"cl":"","ln":"","hd":false,"mn":"ADBE Vector Shape - Group","nm":"Path 1","ix":1,"d":1,"ks":{"a":0,"k":{"c":true,"i":[[-0.009,5.505],[2.164,5.023],[3.922,3.74],[10.707,-0.112],[7.592,-7.599],[-0.002,-10.762],[-7.624,-7.695],[-10.896,-0.053],[-7.83,7.713],[-2.126,5.071]],"o":[[-0.083,-5.504],[-2.191,-5.012],[-7.879,-7.469],[-10.715,-0.062],[-7.64,7.548],[-0.119,10.76],[7.57,7.743],[10.892,0.153],[3.905,-3.846],[2.107,-5.077]],"v":[[42.465,0.288],[39.065,-15.7],[29.726,-28.975],[0.462,-40.535],[-28.468,-28.64],[-40.54,0.288],[-28.712,29.462],[0.462,41.803],[30.068,29.895],[39.269,16.363]]},"ix":2}},{"ty":"sh","bm":0,"cl":"","ln":"","hd":false,"mn":"ADBE Vector Shape - Group","nm":"Path 2","ix":2,"d":1,"ks":{"a":0,"k":{"c":true,"i":[[0.153,-12.114],[8.526,-8.653],[12.251,-0.075],[8.735,8.683],[0.041,12.384],[-8.786,8.757],[-12.429,-0.016],[-5.692,-2.429],[-4.247,-4.421]],"o":[[0.012,12.119],[-8.476,8.713],[-12.247,0.13],[-8.803,-8.611],[-0.076,-12.381],[8.714,-8.828],[6.201,0.069],[5.682,2.459],[8.481,8.878]],"v":[[46.714,0.288],[33.261,33.087],[0.462,47.03],[-32.77,33.521],[-46.791,0.288],[-33.014,-33.187],[0.462,-47.143],[18.545,-43.364],[33.603,-32.853]]},"ix":2}},{"ty":"mm","bm":0,"cl":"","ln":"","hd":false,"mn":"ADBE Vector Filter - Merge","nm":"Merge Paths 1","mm":1},{"ty":"mm","bm":0,"cl":"","ln":"","hd":false,"mn":"ADBE Vector Filter - Merge","nm":"Merge Paths 2","mm":4},{"ty":"fl","bm":0,"cl":"","ln":"","hd":false,"mn":"ADBE Vector Graphic - Fill","nm":"Fill 1","c":{"a":0,"k":[0,0.0863,0.2196],"ix":4},"r":1,"o":{"a":0,"k":100,"ix":5}},{"ty":"tr","a":{"a":0,"k":[0,0],"ix":1},"s":{"a":0,"k":[100,100],"ix":3},"sk":{"a":0,"k":0,"ix":4},"p":{"a":0,"k":[47.117,47.41],"ix":2},"r":{"a":0,"k":0,"ix":6},"sa":{"a":0,"k":0,"ix":5},"o":{"a":0,"k":100,"ix":7}}]},{"ty":"gr","bm":0,"cl":"","ln":"","hd":false,"mn":"ADBE Vector Group","nm":"Group 3","ix":3,"cix":2,"np":3,"it":[{"ty":"sh","bm":0,"cl":"","ln":"","hd":false,"mn":"ADBE Vector Shape - Group","nm":"Path 1","ix":1,"d":1,"ks":{"a":0,"k":{"c":true,"i":[[0,-24.371],[24.371,0],[0,24.371],[-24.371,0]],"o":[[0,24.371],[-24.371,0],[0,-24.371],[24.371,0]],"v":[[44.128,0],[0,44.127],[-44.128,0],[0,-44.127]]},"ix":2}},{"ty":"mm","bm":0,"cl":"","ln":"","hd":false,"mn":"ADBE Vector Filter - Merge","nm":"Merge Paths 1","mm":4},{"ty":"fl","bm":0,"cl":"","ln":"","hd":false,"mn":"ADBE Vector Graphic - Fill","nm":"Fill 1","c":{"a":0,"k":[1,1,0.6667],"ix":4},"r":1,"o":{"a":0,"k":100,"ix":5}},{"ty":"tr","a":{"a":0,"k":[0,0],"ix":1},"s":{"a":0,"k":[100,100],"ix":3},"sk":{"a":0,"k":0,"ix":4},"p":{"a":0,"k":[47.579,47.698],"ix":2},"r":{"a":0,"k":0,"ix":6},"sa":{"a":0,"k":0,"ix":5},"o":{"a":0,"k":100,"ix":7}}]}],"ind":0},{"ty":4,"nm":"Controller 2","mn":"","sr":1,"st":0,"op":605,"ip":0,"hd":false,"cl":"","ln":"","ddd":0,"bm":0,"tt":0,"hasMask":false,"td":0,"ao":0,"ks":{"a":{"a":0,"k":[35.25,66.386,0],"ix":1},"s":{"a":0,"k":[80,80,100],"ix":6},"sk":{"a":0,"k":0},"p":{"a":0,"k":[836.407,634.162,0],"ix":2},"sa":{"a":0,"k":0},"o":{"a":0,"k":100,"ix":11},"r":{"a":1,"k":[{"o":{"x":1,"y":0},"i":{"x":0,"y":1},"s":[0],"t":0},{"o":{"x":0.167,"y":0.167},"i":{"x":0.833,"y":0.833},"s":[180],"t":60}],"ix":10}},"ef":[],"shapes":[{"ty":"gr","bm":0,"cl":"","ln":"","hd":false,"mn":"ADBE Vector Group","nm":"Group 2","ix":1,"cix":2,"np":4,"it":[{"ty":"sh","bm":0,"cl":"","ln":"","hd":false,"mn":"ADBE Vector Shape - Group","nm":"Path 2","ix":1,"d":1,"ks":{"a":0,"k":{"c":true,"i":[[1.727,-3.975],[9.617,-22.218],[4.435,-11.259],[0,0],[0.962,-1.685],[3.663,-0.105],[2.073,3.05],[-1.415,3.421],[0,0],[0,0],[0,0],[-1.21,2.136],[-4.377,0.111],[-2.411,-3.65]],"o":[[-9.815,22.14],[-4.915,11.062],[0,0],[-0.612,1.416],[-1.856,3.145],[-3.673,0.151],[-2.152,-2.991],[0,0],[0,0],[0,0],[0.638,-1.444],[2.245,-3.771],[4.381,-0.144],[2.444,3.623]],"v":[[33.31,-47.781],[2.879,18.219],[-10.291,52.061],[-11.956,56.281],[-13.892,60.705],[-22.951,65.988],[-32.402,61.223],[-33.621,50.622],[-7.004,-16.962],[6.301,-50.747],[7.987,-54.958],[10.093,-59.695],[20.958,-65.994],[32.154,-60.219]]},"ix":2}},{"ty":"mm","bm":0,"cl":"","ln":"","hd":false,"mn":"ADBE Vector Filter - Merge","nm":"Merge Paths 1","mm":1},{"ty":"mm","bm":0,"cl":"","ln":"","hd":false,"mn":"ADBE Vector Filter - Merge","nm":"Merge Paths 2","mm":4},{"ty":"fl","bm":0,"cl":"","ln":"","hd":false,"mn":"ADBE Vector Graphic - Fill","nm":"Fill 1","c":{"a":0,"k":[0,0.0863,0.2196],"ix":4},"r":1,"o":{"a":0,"k":100,"ix":5}},{"ty":"tr","a":{"a":0,"k":[0,0],"ix":1},"s":{"a":0,"k":[100,100],"ix":3},"sk":{"a":0,"k":0,"ix":4},"p":{"a":0,"k":[35.286,66.389],"ix":2},"r":{"a":0,"k":0,"ix":6},"sa":{"a":0,"k":0,"ix":5},"o":{"a":0,"k":100,"ix":7}}]}],"ind":1},{"ty":4,"nm":"Mask","mn":"","sr":1,"st":0,"op":605,"ip":0,"hd":false,"cl":"","ln":"","ddd":0,"bm":0,"tt":0,"hasMask":false,"td":1,"ao":0,"ks":{"a":{"a":0,"k":[0,0,0],"ix":1},"s":{"a":0,"k":[100,100,100],"ix":6},"sk":{"a":0,"k":0},"p":{"a":0,"k":[540,538,0],"ix":2},"sa":{"a":0,"k":0},"o":{"a":0,"k":100,"ix":11},"r":{"a":0,"k":0,"ix":10}},"ef":[],"shapes":[{"ty":"gr","bm":0,"cl":"","ln":"","hd":false,"mn":"ADBE Vector Group","nm":"Rectangle 1","ix":1,"cix":2,"np":3,"it":[{"ty":"rc","bm":0,"cl":"","ln":"","hd":false,"mn":"ADBE Vector Shape - Rect","nm":"Rectangle Path 1","d":1,"p":{"a":0,"k":[0,0],"ix":3},"r":{"a":0,"k":32,"ix":4},"s":{"a":0,"k":[551,477],"ix":2}},{"ty":"fl","bm":0,"cl":"","ln":"","hd":false,"mn":"ADBE Vector Graphic - Fill","nm":"Fill 1","c":{"a":0,"k":[0,0.0863,0.2196],"ix":4},"r":1,"o":{"a":0,"k":100,"ix":5}},{"ty":"tr","a":{"a":0,"k":[0,0],"ix":1},"s":{"a":0,"k":[100,100],"ix":3},"sk":{"a":0,"k":0,"ix":4},"p":{"a":0,"k":[-83.5,-42.5],"ix":2},"r":{"a":0,"k":0,"ix":6},"sa":{"a":0,"k":0,"ix":5},"o":{"a":0,"k":100,"ix":7}}]}],"ind":2},{"ty":4,"nm":"Lines","mn":"","sr":1,"st":0,"op":604,"ip":0,"hd":false,"cl":"","ln":"","ddd":0,"bm":0,"tt":1,"hasMask":false,"td":0,"ao":0,"ks":{"a":{"a":0,"k":[277.341,240.24,0],"ix":1},"s":{"a":0,"k":[100,100,100],"ix":6},"sk":{"a":0,"k":0},"p":{"a":1,"k":[{"o":{"x":1,"y":0},"i":{"x":0,"y":1},"s":[458.572,495.855,0],"t":0},{"o":{"x":0.167,"y":0.167},"i":{"x":0.833,"y":0.833},"s":[-201.428,495.855,0],"t":60}],"ix":2},"sa":{"a":0,"k":0},"o":{"a":0,"k":100,"ix":11},"r":{"a":0,"k":0,"ix":10}},"ef":[],"shapes":[{"ty":"gr","bm":0,"cl":"","ln":"","hd":false,"mn":"ADBE Vector Group","nm":"Group 1","ix":1,"cix":2,"np":6,"it":[{"ty":"gr","bm":0,"cl":"","ln":"","hd":false,"mn":"ADBE Vector Group","nm":"Group 1","ix":1,"cix":2,"np":5,"it":[{"ty":"sh","bm":0,"cl":"","ln":"","hd":false,"mn":"ADBE Vector Shape - Group","nm":"Path 1","ix":1,"d":1,"ks":{"a":0,"k":{"c":true,"i":[[0,0],[-30.483,0.073],[0,0],[-0.037,39.516],[0,0],[0,0],[0,0],[0,0],[0,0],[0,0],[0,0],[0,0]],"o":[[31.092,-0.529],[0,0],[-0.207,-39.514],[0,0],[0,0],[0,0],[0,0],[0,0],[0,0],[0,0],[0,0],[0,0]],"v":[[-46.152,235.195],[45.969,233.79],[43.062,236.697],[42.711,118.152],[42.805,-0.392],[43.846,-237.482],[45.969,-235.358],[-47.653,-235.875],[-46.045,-237.482],[-46.515,-119.154],[-46.755,-0.766],[-46.642,117.465]]},"ix":2}},{"ty":"sh","bm":0,"cl":"","ln":"","hd":false,"mn":"ADBE Vector Shape - Group","nm":"Path 2","ix":2,"d":1,"ks":{"a":0,"k":{"c":true,"i":[[31.325,0.529],[0,0],[0,0],[0,0],[0,0],[-0.886,0.004],[0,0],[-0.007,-1.166],[0,0],[0,0],[0,0],[0,0],[0.207,-39.514],[0,0],[1.603,0.007]],"o":[[0,0],[0,0],[0,0],[0,0],[-0.003,-0.885],[0,0],[1.167,-0.006],[0,0],[0,0],[0,0],[0,0],[0.037,39.516],[0,0],[-0.009,1.603],[-31.933,-0.073]],"v":[[-49.156,238.2],[-48.666,118.84],[-48.553,-0.019],[-48.793,-118.72],[-49.263,-237.482],[-47.653,-239.092],[45.969,-239.607],[48.094,-237.506],[48.094,-237.503],[48.094,-237.482],[49.135,-0.392],[49.229,118.152],[48.878,236.697],[48.878,236.718],[45.969,239.606]]},"ix":2}},{"ty":"mm","bm":0,"cl":"","ln":"","hd":false,"mn":"ADBE Vector Filter - Merge","nm":"Merge Paths 1","mm":1},{"ty":"mm","bm":0,"cl":"","ln":"","hd":false,"mn":"ADBE Vector Filter - Merge","nm":"Merge Paths 2","mm":4},{"ty":"fl","bm":0,"cl":"","ln":"","hd":false,"mn":"ADBE Vector Graphic - Fill","nm":"Fill 1","c":{"a":0,"k":[0,0.0863,0.2196],"ix":4},"r":1,"o":{"a":0,"k":100,"ix":5}},{"ty":"tr","a":{"a":0,"k":[0,0],"ix":1},"s":{"a":0,"k":[100,100],"ix":3},"sk":{"a":0,"k":0,"ix":4},"p":{"a":0,"k":[298.071,240.616],"ix":2},"r":{"a":0,"k":0,"ix":6},"sa":{"a":0,"k":0,"ix":5},"o":{"a":0,"k":100,"ix":7}}]},{"ty":"gr","bm":0,"cl":"","ln":"","hd":false,"mn":"ADBE Vector Group","nm":"Group 2","ix":2,"cix":2,"np":5,"it":[{"ty":"sh","bm":0,"cl":"","ln":"","hd":false,"mn":"ADBE Vector Shape - Group","nm":"Path 1","ix":1,"d":1,"ks":{"a":0,"k":{"c":true,"i":[[0,0],[7.217,4.159],[4.121,0.104],[0,0],[0,0],[0,0],[0,0],[0,0],[0,0],[0,0],[0,0],[-4.383,2.864],[-1.781,4.922],[-0.105,5.583],[0,0],[0,0],[0.266,44.166]],"o":[[-0.036,-8.356],[-3.535,-2.165],[0,0],[0,0],[0,0],[0,0],[0,0],[0,0],[0,0],[0,0],[5.308,0.17],[4.294,-2.926],[2.05,-4.854],[0,0],[0,0],[0.029,-44.166],[0,0]],"v":[[45.211,-210.258],[33.357,-230.918],[21.587,-234.29],[8.069,-234.246],[-46.278,-233.924],[-43.509,-236.693],[-43.009,-118.148],[-43.181,0.397],[-44.303,237.488],[-46.278,235.512],[19.971,235.884],[34.795,231.739],[44.355,219.676],[45.976,203.801],[46.025,187.239],[46.382,54.741],[45.997,-77.758]]},"ix":2}},{"ty":"sh","bm":0,"cl":"","ln":"","hd":false,"mn":"ADBE Vector Shape - Group","nm":"Path 2","ix":2,"d":1,"ks":{"a":0,"k":{"c":true,"i":[[0.089,-9.807],[0,0],[-0.03,-44.166],[0,0],[0,0],[0.098,-2.865],[0.996,-2.729],[4.782,-3.327],[5.746,0.131],[0,0],[0.006,1.085],[0,0],[0,0],[0,0],[0,0],[0,0],[0,0],[-1.521,-0.006],[0,0],[0,0],[0,0],[-4.175,-2.617]],"o":[[0,0],[-0.266,44.166],[0,0],[0,0],[-0.016,2.784],[-0.06,2.903],[-1.929,5.505],[-4.817,3.271],[0,0],[-1.085,0.007],[0,0],[0,0],[0,0],[0,0],[0,0],[0,0],[0.007,-1.522],[0,0],[0,0],[0,0],[4.92,0.177],[8.51,5.045]],"v":[[49.46,-210.258],[48.672,-77.758],[48.289,54.741],[48.643,187.239],[48.695,203.801],[48.667,212.136],[47.014,220.657],[36.483,234.244],[19.971,239.09],[-46.278,239.463],[-48.254,237.51],[-48.254,237.507],[-48.254,237.488],[-49.376,0.397],[-49.548,-118.148],[-49.048,-236.693],[-49.048,-236.72],[-46.283,-239.463],[-46.278,-239.463],[8.069,-239.14],[21.721,-239.02],[35.72,-234.831]]},"ix":2}},{"ty":"mm","bm":0,"cl":"","ln":"","hd":false,"mn":"ADBE Vector Filter - Merge","nm":"Merge Paths 1","mm":1},{"ty":"mm","bm":0,"cl":"","ln":"","hd":false,"mn":"ADBE Vector Filter - Merge","nm":"Merge Paths 2","mm":4},{"ty":"fl","bm":0,"cl":"","ln":"","hd":false,"mn":"ADBE Vector Graphic - Fill","nm":"Fill 1","c":{"a":0,"k":[0,0.0863,0.2196],"ix":4},"r":1,"o":{"a":0,"k":100,"ix":5}},{"ty":"tr","a":{"a":0,"k":[0,0],"ix":1},"s":{"a":0,"k":[100,100],"ix":3},"sk":{"a":0,"k":0,"ix":4},"p":{"a":0,"k":[504.883,239.837],"ix":2},"r":{"a":0,"k":0,"ix":6},"sa":{"a":0,"k":0,"ix":5},"o":{"a":0,"k":100,"ix":7}}]},{"ty":"gr","bm":0,"cl":"","ln":"","hd":false,"mn":"ADBE Vector Group","nm":"Group 3","ix":3,"cix":2,"np":5,"it":[{"ty":"sh","bm":0,"cl":"","ln":"","hd":false,"mn":"ADBE Vector Shape - Group","nm":"Path 1","ix":1,"d":1,"ks":{"a":0,"k":{"c":true,"i":[[0,0],[0,0],[0,0],[2.852,-0.253],[2.622,-1.39],[1.895,-5.595],[-0.028,-3.195],[0,0],[0,0],[0.26,-53.224],[0,0],[0,0],[0,0],[-1.012,-2.921],[-5.421,-2.849],[-3.051,-0.336],[-3.253,-0.062],[0,0],[0,0],[0,0],[0,0],[0,0],[0,0]],"o":[[0,0],[0,0],[-3.156,0.081],[-2.957,0.337],[-5.259,2.754],[-0.982,2.845],[0,0],[0,0],[-0.028,53.225],[0,0],[0,0],[0,0],[-0.034,3.225],[1.954,5.768],[2.703,1.434],[2.94,0.248],[0,0],[0,0],[0,0],[0,0],[0,0],[0,0],[0,0]],"v":[[46.191,-235.221],[6.999,-234.339],[-12.398,-234.031],[-21.881,-233.806],[-30.347,-231.209],[-41.635,-218.042],[-42.926,-209.207],[-42.878,-199.228],[-42.692,-159.31],[-42.742,0.363],[-43.361,160.036],[-43.585,199.954],[-43.642,209.934],[-42.317,219.007],[-30.686,232.595],[-21.955,235.278],[-12.184,235.459],[7.774,235.571],[47.693,235.795],[46.031,237.457],[46.533,119.133],[46.797,0.738],[46.691,-117.497]]},"ix":2}},{"ty":"sh","bm":0,"cl":"","ln":"","hd":false,"mn":"ADBE Vector Shape - Group","nm":"Path 2","ix":2,"d":1,"ks":{"a":0,"k":{"c":true,"i":[[0,0],[0,0],[0,0],[0,0],[0,0],[0.914,-0.003],[0,0],[0,0],[3.7,0.251],[3.192,1.648],[2.399,6.814],[-0.013,3.42],[0,0],[0,0],[0,0],[0.028,53.225],[0,0],[0,0],[-1.262,3.434],[-6.567,3.36],[-3.664,0.347],[-3.495,0.013],[0,0]],"o":[[0,0],[0,0],[0,0],[0,0],[0.003,0.914],[0,0],[0,0],[-3.398,-0.033],[-3.57,-0.349],[-6.401,-3.274],[-1.235,-3.357],[0,0],[0,0],[0,0],[-0.26,-53.224],[0,0],[0,0],[-0.017,-3.452],[2.45,-6.991],[3.275,-1.689],[3.789,-0.246],[0,0],[0,0]],"v":[[49.195,-238.225],[48.695,-118.86],[48.59,-0.005],[48.853,118.69],[49.356,237.457],[47.693,239.119],[7.774,239.343],[-12.184,239.455],[-22.366,239.366],[-32.636,236.339],[-46.513,220.475],[-48.199,209.934],[-48.255,199.954],[-48.479,160.036],[-49.099,0.363],[-49.149,-159.31],[-48.963,-199.228],[-48.915,-209.207],[-47.198,-219.988],[-32.978,-236.268],[-22.439,-239.371],[-11.97,-239.415],[8.552,-239.108]]},"ix":2}},{"ty":"mm","bm":0,"cl":"","ln":"","hd":false,"mn":"ADBE Vector Filter - Merge","nm":"Merge Paths 1","mm":1},{"ty":"mm","bm":0,"cl":"","ln":"","hd":false,"mn":"ADBE Vector Filter - Merge","nm":"Merge Paths 2","mm":4},{"ty":"fl","bm":0,"cl":"","ln":"","hd":false,"mn":"ADBE Vector Graphic - Fill","nm":"Fill 1","c":{"a":0,"k":[0,0.0863,0.2196],"ix":4},"r":1,"o":{"a":0,"k":100,"ix":5}},{"ty":"tr","a":{"a":0,"k":[0,0],"ix":1},"s":{"a":0,"k":[100,100],"ix":3},"sk":{"a":0,"k":0,"ix":4},"p":{"a":0,"k":[49.609,239.867],"ix":2},"r":{"a":0,"k":0,"ix":6},"sa":{"a":0,"k":0,"ix":5},"o":{"a":0,"k":100,"ix":7}}]},{"ty":"gr","bm":0,"cl":"","ln":"","hd":false,"mn":"ADBE Vector Group","nm":"Group 4","ix":4,"cix":2,"np":2,"it":[{"ty":"sh","bm":0,"cl":"","ln":"","hd":false,"mn":"ADBE Vector Shape - Group","nm":"Path 1","ix":1,"d":1,"ks":{"a":0,"k":{"c":true,"i":[[0,0],[0,0],[0,0],[0,0]],"o":[[0,0],[0,0],[0,0],[0,0]],"v":[[-46.812,-237.09],[46.812,-237.09],[46.812,237.091],[-46.812,237.091]]},"ix":2}},{"ty":"fl","bm":0,"cl":"","ln":"","hd":false,"mn":"ADBE Vector Graphic - Fill","nm":"Fill 1","c":{"a":0,"k":[1,1,0.6667],"ix":4},"r":1,"o":{"a":0,"k":100,"ix":5}},{"ty":"tr","a":{"a":0,"k":[0,0],"ix":1},"s":{"a":0,"k":[100,100],"ix":3},"sk":{"a":0,"k":0,"ix":4},"p":{"a":0,"k":[297.229,240.224],"ix":2},"r":{"a":0,"k":0,"ix":6},"sa":{"a":0,"k":0,"ix":5},"o":{"a":0,"k":100,"ix":7}}]},{"ty":"gr","bm":0,"cl":"","ln":"","hd":false,"mn":"ADBE Vector Group","nm":"Group 5","ix":5,"cix":2,"np":3,"it":[{"ty":"sh","bm":0,"cl":"","ln":"","hd":false,"mn":"ADBE Vector Shape - Group","nm":"Path 1","ix":1,"d":1,"ks":{"a":0,"k":{"c":true,"i":[[0,-14.605],[0,0],[14.605,0],[0,0],[0,0],[0,0]],"o":[[0,0],[0,14.572],[0,0],[0,0],[0,0],[14.605,0]],"v":[[46.807,-210.656],[46.807,210.656],[20.371,237.091],[-46.806,237.091],[-46.806,-237.09],[20.371,-237.09]]},"ix":2}},{"ty":"mm","bm":0,"cl":"","ln":"","hd":false,"mn":"ADBE Vector Filter - Merge","nm":"Merge Paths 1","mm":4},{"ty":"fl","bm":0,"cl":"","ln":"","hd":false,"mn":"ADBE Vector Graphic - Fill","nm":"Fill 1","c":{"a":0,"k":[1,1,0.6667],"ix":4},"r":1,"o":{"a":0,"k":100,"ix":5}},{"ty":"tr","a":{"a":0,"k":[0,0],"ix":1},"s":{"a":0,"k":[100,100],"ix":3},"sk":{"a":0,"k":0,"ix":4},"p":{"a":0,"k":[505.411,240.234],"ix":2},"r":{"a":0,"k":0,"ix":6},"sa":{"a":0,"k":0,"ix":5},"o":{"a":0,"k":100,"ix":7}}]},{"ty":"gr","bm":0,"cl":"","ln":"","hd":false,"mn":"ADBE Vector Group","nm":"Group 6","ix":6,"cix":2,"np":3,"it":[{"ty":"sh","bm":0,"cl":"","ln":"","hd":false,"mn":"ADBE Vector Shape - Group","nm":"Path 1","ix":1,"d":1,"ks":{"a":0,"k":{"c":true,"i":[[0,0],[0,0],[0,0],[0,14.572],[0,0],[-14.605,0]],"o":[[0,0],[0,0],[-14.605,0],[0,0],[0,-14.605],[0,0]],"v":[[46.807,-237.09],[46.807,237.091],[-20.372,237.091],[-46.807,210.656],[-46.807,-210.655],[-20.372,-237.09]]},"ix":2}},{"ty":"mm","bm":0,"cl":"","ln":"","hd":false,"mn":"ADBE Vector Filter - Merge","nm":"Merge Paths 1","mm":4},{"ty":"fl","bm":0,"cl":"","ln":"","hd":false,"mn":"ADBE Vector Graphic - Fill","nm":"Fill 1","c":{"a":0,"k":[1,1,0.6667],"ix":4},"r":1,"o":{"a":0,"k":100,"ix":5}},{"ty":"tr","a":{"a":0,"k":[0,0],"ix":1},"s":{"a":0,"k":[100,100],"ix":3},"sk":{"a":0,"k":0,"ix":4},"p":{"a":0,"k":[50.495,240.234],"ix":2},"r":{"a":0,"k":0,"ix":6},"sa":{"a":0,"k":0,"ix":5},"o":{"a":0,"k":100,"ix":7}}]},{"ty":"tr","a":{"a":0,"k":[277.366,240.298],"ix":1},"s":{"a":0,"k":[100,100],"ix":3},"sk":{"a":0,"k":0,"ix":4},"p":{"a":0,"k":[277.366,240.298],"ix":2},"r":{"a":0,"k":0,"ix":6},"sa":{"a":0,"k":0,"ix":5},"o":{"a":0,"k":100,"ix":7}}]},{"ty":"gr","bm":0,"cl":"","ln":"","hd":false,"mn":"ADBE Vector Group","nm":"Group 2","ix":2,"cix":2,"np":6,"it":[{"ty":"gr","bm":0,"cl":"","ln":"","hd":false,"mn":"ADBE Vector Group","nm":"Group 1","ix":1,"cix":2,"np":5,"it":[{"ty":"sh","bm":0,"cl":"","ln":"","hd":false,"mn":"ADBE Vector Shape - Group","nm":"Path 1","ix":1,"d":1,"ks":{"a":0,"k":{"c":true,"i":[[0,0],[-30.483,0.073],[0,0],[-0.037,39.516],[0,0],[0,0],[0,0],[0,0],[0,0],[0,0],[0,0],[0,0]],"o":[[31.092,-0.529],[0,0],[-0.207,-39.514],[0,0],[0,0],[0,0],[0,0],[0,0],[0,0],[0,0],[0,0],[0,0]],"v":[[-46.152,235.195],[45.969,233.79],[43.062,236.697],[42.711,118.152],[42.805,-0.392],[43.846,-237.482],[45.969,-235.358],[-47.653,-235.875],[-46.045,-237.482],[-46.515,-119.154],[-46.755,-0.766],[-46.642,117.465]]},"ix":2}},{"ty":"sh","bm":0,"cl":"","ln":"","hd":false,"mn":"ADBE Vector Shape - Group","nm":"Path 2","ix":2,"d":1,"ks":{"a":0,"k":{"c":true,"i":[[31.325,0.529],[0,0],[0,0],[0,0],[0,0],[-0.886,0.004],[0,0],[-0.007,-1.166],[0,0],[0,0],[0,0],[0,0],[0.207,-39.514],[0,0],[1.603,0.007]],"o":[[0,0],[0,0],[0,0],[0,0],[-0.003,-0.885],[0,0],[1.167,-0.006],[0,0],[0,0],[0,0],[0,0],[0.037,39.516],[0,0],[-0.009,1.603],[-31.933,-0.073]],"v":[[-49.156,238.2],[-48.666,118.84],[-48.553,-0.019],[-48.793,-118.72],[-49.263,-237.482],[-47.653,-239.092],[45.969,-239.607],[48.094,-237.506],[48.094,-237.503],[48.094,-237.482],[49.135,-0.392],[49.229,118.152],[48.878,236.697],[48.878,236.718],[45.969,239.606]]},"ix":2}},{"ty":"mm","bm":0,"cl":"","ln":"","hd":false,"mn":"ADBE Vector Filter - Merge","nm":"Merge Paths 1","mm":1},{"ty":"mm","bm":0,"cl":"","ln":"","hd":false,"mn":"ADBE Vector Filter - Merge","nm":"Merge Paths 2","mm":4},{"ty":"fl","bm":0,"cl":"","ln":"","hd":false,"mn":"ADBE Vector Graphic - Fill","nm":"Fill 1","c":{"a":0,"k":[0,0.0863,0.2196],"ix":4},"r":1,"o":{"a":0,"k":100,"ix":5}},{"ty":"tr","a":{"a":0,"k":[0,0],"ix":1},"s":{"a":0,"k":[100,100],"ix":3},"sk":{"a":0,"k":0,"ix":4},"p":{"a":0,"k":[298.071,240.616],"ix":2},"r":{"a":0,"k":0,"ix":6},"sa":{"a":0,"k":0,"ix":5},"o":{"a":0,"k":100,"ix":7}}]},{"ty":"gr","bm":0,"cl":"","ln":"","hd":false,"mn":"ADBE Vector Group","nm":"Group 2","ix":2,"cix":2,"np":5,"it":[{"ty":"sh","bm":0,"cl":"","ln":"","hd":false,"mn":"ADBE Vector Shape - Group","nm":"Path 1","ix":1,"d":1,"ks":{"a":0,"k":{"c":true,"i":[[0,0],[7.217,4.159],[4.121,0.104],[0,0],[0,0],[0,0],[0,0],[0,0],[0,0],[0,0],[0,0],[-4.383,2.864],[-1.781,4.922],[-0.105,5.583],[0,0],[0,0],[0.266,44.166]],"o":[[-0.036,-8.356],[-3.535,-2.165],[0,0],[0,0],[0,0],[0,0],[0,0],[0,0],[0,0],[0,0],[5.308,0.17],[4.294,-2.926],[2.05,-4.854],[0,0],[0,0],[0.029,-44.166],[0,0]],"v":[[45.211,-210.258],[33.357,-230.918],[21.587,-234.29],[8.069,-234.246],[-46.278,-233.924],[-43.509,-236.693],[-43.009,-118.148],[-43.181,0.397],[-44.303,237.488],[-46.278,235.512],[19.971,235.884],[34.795,231.739],[44.355,219.676],[45.976,203.801],[46.025,187.239],[46.382,54.741],[45.997,-77.758]]},"ix":2}},{"ty":"sh","bm":0,"cl":"","ln":"","hd":false,"mn":"ADBE Vector Shape - Group","nm":"Path 2","ix":2,"d":1,"ks":{"a":0,"k":{"c":true,"i":[[0.089,-9.807],[0,0],[-0.03,-44.166],[0,0],[0,0],[0.098,-2.865],[0.996,-2.729],[4.782,-3.327],[5.746,0.131],[0,0],[0.006,1.085],[0,0],[0,0],[0,0],[0,0],[0,0],[0,0],[-1.521,-0.006],[0,0],[0,0],[0,0],[-4.175,-2.617]],"o":[[0,0],[-0.266,44.166],[0,0],[0,0],[-0.016,2.784],[-0.06,2.903],[-1.929,5.505],[-4.817,3.271],[0,0],[-1.085,0.007],[0,0],[0,0],[0,0],[0,0],[0,0],[0,0],[0.007,-1.522],[0,0],[0,0],[0,0],[4.92,0.177],[8.51,5.045]],"v":[[49.46,-210.258],[48.672,-77.758],[48.289,54.741],[48.643,187.239],[48.695,203.801],[48.667,212.136],[47.014,220.657],[36.483,234.244],[19.971,239.09],[-46.278,239.463],[-48.254,237.51],[-48.254,237.507],[-48.254,237.488],[-49.376,0.397],[-49.548,-118.148],[-49.048,-236.693],[-49.048,-236.72],[-46.283,-239.463],[-46.278,-239.463],[8.069,-239.14],[21.721,-239.02],[35.72,-234.831]]},"ix":2}},{"ty":"mm","bm":0,"cl":"","ln":"","hd":false,"mn":"ADBE Vector Filter - Merge","nm":"Merge Paths 1","mm":1},{"ty":"mm","bm":0,"cl":"","ln":"","hd":false,"mn":"ADBE Vector Filter - Merge","nm":"Merge Paths 2","mm":4},{"ty":"fl","bm":0,"cl":"","ln":"","hd":false,"mn":"ADBE Vector Graphic - Fill","nm":"Fill 1","c":{"a":0,"k":[0,0.0863,0.2196],"ix":4},"r":1,"o":{"a":0,"k":100,"ix":5}},{"ty":"tr","a":{"a":0,"k":[0,0],"ix":1},"s":{"a":0,"k":[100,100],"ix":3},"sk":{"a":0,"k":0,"ix":4},"p":{"a":0,"k":[504.883,239.837],"ix":2},"r":{"a":0,"k":0,"ix":6},"sa":{"a":0,"k":0,"ix":5},"o":{"a":0,"k":100,"ix":7}}]},{"ty":"gr","bm":0,"cl":"","ln":"","hd":false,"mn":"ADBE Vector Group","nm":"Group 3","ix":3,"cix":2,"np":5,"it":[{"ty":"sh","bm":0,"cl":"","ln":"","hd":false,"mn":"ADBE Vector Shape - Group","nm":"Path 1","ix":1,"d":1,"ks":{"a":0,"k":{"c":true,"i":[[0,0],[0,0],[0,0],[2.852,-0.253],[2.622,-1.39],[1.895,-5.595],[-0.028,-3.195],[0,0],[0,0],[0.26,-53.224],[0,0],[0,0],[0,0],[-1.012,-2.921],[-5.421,-2.849],[-3.051,-0.336],[-3.253,-0.062],[0,0],[0,0],[0,0],[0,0],[0,0],[0,0]],"o":[[0,0],[0,0],[-3.156,0.081],[-2.957,0.337],[-5.259,2.754],[-0.982,2.845],[0,0],[0,0],[-0.028,53.225],[0,0],[0,0],[0,0],[-0.034,3.225],[1.954,5.768],[2.703,1.434],[2.94,0.248],[0,0],[0,0],[0,0],[0,0],[0,0],[0,0],[0,0]],"v":[[46.191,-235.221],[6.999,-234.339],[-12.398,-234.031],[-21.881,-233.806],[-30.347,-231.209],[-41.635,-218.042],[-42.926,-209.207],[-42.878,-199.228],[-42.692,-159.31],[-42.742,0.363],[-43.361,160.036],[-43.585,199.954],[-43.642,209.934],[-42.317,219.007],[-30.686,232.595],[-21.955,235.278],[-12.184,235.459],[7.774,235.571],[47.693,235.795],[46.031,237.457],[46.533,119.133],[46.797,0.738],[46.691,-117.497]]},"ix":2}},{"ty":"sh","bm":0,"cl":"","ln":"","hd":false,"mn":"ADBE Vector Shape - Group","nm":"Path 2","ix":2,"d":1,"ks":{"a":0,"k":{"c":true,"i":[[0,0],[0,0],[0,0],[0,0],[0,0],[0.914,-0.003],[0,0],[0,0],[3.7,0.251],[3.192,1.648],[2.399,6.814],[-0.013,3.42],[0,0],[0,0],[0,0],[0.028,53.225],[0,0],[0,0],[-1.262,3.434],[-6.567,3.36],[-3.664,0.347],[-3.495,0.013],[0,0]],"o":[[0,0],[0,0],[0,0],[0,0],[0.003,0.914],[0,0],[0,0],[-3.398,-0.033],[-3.57,-0.349],[-6.401,-3.274],[-1.235,-3.357],[0,0],[0,0],[0,0],[-0.26,-53.224],[0,0],[0,0],[-0.017,-3.452],[2.45,-6.991],[3.275,-1.689],[3.789,-0.246],[0,0],[0,0]],"v":[[49.195,-238.225],[48.695,-118.86],[48.59,-0.005],[48.853,118.69],[49.356,237.457],[47.693,239.119],[7.774,239.343],[-12.184,239.455],[-22.366,239.366],[-32.636,236.339],[-46.513,220.475],[-48.199,209.934],[-48.255,199.954],[-48.479,160.036],[-49.099,0.363],[-49.149,-159.31],[-48.963,-199.228],[-48.915,-209.207],[-47.198,-219.988],[-32.978,-236.268],[-22.439,-239.371],[-11.97,-239.415],[8.552,-239.108]]},"ix":2}},{"ty":"mm","bm":0,"cl":"","ln":"","hd":false,"mn":"ADBE Vector Filter - Merge","nm":"Merge Paths 1","mm":1},{"ty":"mm","bm":0,"cl":"","ln":"","hd":false,"mn":"ADBE Vector Filter - Merge","nm":"Merge Paths 2","mm":4},{"ty":"fl","bm":0,"cl":"","ln":"","hd":false,"mn":"ADBE Vector Graphic - Fill","nm":"Fill 1","c":{"a":0,"k":[0,0.0863,0.2196],"ix":4},"r":1,"o":{"a":0,"k":100,"ix":5}},{"ty":"tr","a":{"a":0,"k":[0,0],"ix":1},"s":{"a":0,"k":[100,100],"ix":3},"sk":{"a":0,"k":0,"ix":4},"p":{"a":0,"k":[49.609,239.867],"ix":2},"r":{"a":0,"k":0,"ix":6},"sa":{"a":0,"k":0,"ix":5},"o":{"a":0,"k":100,"ix":7}}]},{"ty":"gr","bm":0,"cl":"","ln":"","hd":false,"mn":"ADBE Vector Group","nm":"Group 4","ix":4,"cix":2,"np":2,"it":[{"ty":"sh","bm":0,"cl":"","ln":"","hd":false,"mn":"ADBE Vector Shape - Group","nm":"Path 1","ix":1,"d":1,"ks":{"a":0,"k":{"c":true,"i":[[0,0],[0,0],[0,0],[0,0]],"o":[[0,0],[0,0],[0,0],[0,0]],"v":[[-46.812,-237.09],[46.812,-237.09],[46.812,237.091],[-46.812,237.091]]},"ix":2}},{"ty":"fl","bm":0,"cl":"","ln":"","hd":false,"mn":"ADBE Vector Graphic - Fill","nm":"Fill 1","c":{"a":0,"k":[1,1,0.6667],"ix":4},"r":1,"o":{"a":0,"k":100,"ix":5}},{"ty":"tr","a":{"a":0,"k":[0,0],"ix":1},"s":{"a":0,"k":[100,100],"ix":3},"sk":{"a":0,"k":0,"ix":4},"p":{"a":0,"k":[297.229,240.224],"ix":2},"r":{"a":0,"k":0,"ix":6},"sa":{"a":0,"k":0,"ix":5},"o":{"a":0,"k":100,"ix":7}}]},{"ty":"gr","bm":0,"cl":"","ln":"","hd":false,"mn":"ADBE Vector Group","nm":"Group 5","ix":5,"cix":2,"np":3,"it":[{"ty":"sh","bm":0,"cl":"","ln":"","hd":false,"mn":"ADBE Vector Shape - Group","nm":"Path 1","ix":1,"d":1,"ks":{"a":0,"k":{"c":true,"i":[[0,-14.605],[0,0],[14.605,0],[0,0],[0,0],[0,0]],"o":[[0,0],[0,14.572],[0,0],[0,0],[0,0],[14.605,0]],"v":[[46.807,-210.656],[46.807,210.656],[20.371,237.091],[-46.806,237.091],[-46.806,-237.09],[20.371,-237.09]]},"ix":2}},{"ty":"mm","bm":0,"cl":"","ln":"","hd":false,"mn":"ADBE Vector Filter - Merge","nm":"Merge Paths 1","mm":4},{"ty":"fl","bm":0,"cl":"","ln":"","hd":false,"mn":"ADBE Vector Graphic - Fill","nm":"Fill 1","c":{"a":0,"k":[1,1,0.6667],"ix":4},"r":1,"o":{"a":0,"k":100,"ix":5}},{"ty":"tr","a":{"a":0,"k":[0,0],"ix":1},"s":{"a":0,"k":[100,100],"ix":3},"sk":{"a":0,"k":0,"ix":4},"p":{"a":0,"k":[505.411,240.234],"ix":2},"r":{"a":0,"k":0,"ix":6},"sa":{"a":0,"k":0,"ix":5},"o":{"a":0,"k":100,"ix":7}}]},{"ty":"gr","bm":0,"cl":"","ln":"","hd":false,"mn":"ADBE Vector Group","nm":"Group 6","ix":6,"cix":2,"np":3,"it":[{"ty":"sh","bm":0,"cl":"","ln":"","hd":false,"mn":"ADBE Vector Shape - Group","nm":"Path 1","ix":1,"d":1,"ks":{"a":0,"k":{"c":true,"i":[[0,0],[0,0],[0,0],[0,14.572],[0,0],[-14.605,0]],"o":[[0,0],[0,0],[-14.605,0],[0,0],[0,-14.605],[0,0]],"v":[[46.807,-237.09],[46.807,237.091],[-20.372,237.091],[-46.807,210.656],[-46.807,-210.655],[-20.372,-237.09]]},"ix":2}},{"ty":"mm","bm":0,"cl":"","ln":"","hd":false,"mn":"ADBE Vector Filter - Merge","nm":"Merge Paths 1","mm":4},{"ty":"fl","bm":0,"cl":"","ln":"","hd":false,"mn":"ADBE Vector Graphic - Fill","nm":"Fill 1","c":{"a":0,"k":[1,1,0.6667],"ix":4},"r":1,"o":{"a":0,"k":100,"ix":5}},{"ty":"tr","a":{"a":0,"k":[0,0],"ix":1},"s":{"a":0,"k":[100,100],"ix":3},"sk":{"a":0,"k":0,"ix":4},"p":{"a":0,"k":[50.495,240.234],"ix":2},"r":{"a":0,"k":0,"ix":6},"sa":{"a":0,"k":0,"ix":5},"o":{"a":0,"k":100,"ix":7}}]},{"ty":"tr","a":{"a":0,"k":[277.366,240.298],"ix":1},"s":{"a":0,"k":[100,100],"ix":3},"sk":{"a":0,"k":0,"ix":4},"p":{"a":0,"k":[937.366,240.298],"ix":2},"r":{"a":0,"k":0,"ix":6},"sa":{"a":0,"k":0,"ix":5},"o":{"a":0,"k":100,"ix":7}}]}],"ind":3},{"ty":4,"nm":"TV","mn":"","sr":1,"st":0,"op":606,"ip":0,"hd":false,"cl":"","ln":"","ddd":0,"bm":0,"tt":0,"hasMask":false,"td":0,"ao":0,"ks":{"a":{"a":0,"k":[400.259,309.641,0],"ix":1},"s":{"a":0,"k":[100,100,100],"ix":6},"sk":{"a":0,"k":0},"p":{"a":0,"k":[539.991,525.14,0],"ix":2},"sa":{"a":0,"k":0},"o":{"a":0,"k":100,"ix":11},"r":{"a":0,"k":0,"ix":10}},"ef":[],"shapes":[{"ty":"gr","bm":0,"cl":"","ln":"","hd":false,"mn":"ADBE Vector Group","nm":"Group 1","ix":1,"cix":2,"np":5,"it":[{"ty":"sh","bm":0,"cl":"","ln":"","hd":false,"mn":"ADBE Vector Shape - Group","nm":"Path 1","ix":1,"d":1,"ks":{"a":0,"k":{"c":true,"i":[[-0.009,5.505],[2.164,5.023],[3.922,3.74],[10.707,-0.112],[7.592,-7.599],[-0.002,-10.762],[-7.624,-7.695],[-10.896,-0.053],[-7.83,7.713],[-2.126,5.071]],"o":[[-0.083,-5.504],[-2.191,-5.012],[-7.879,-7.469],[-10.715,-0.062],[-7.64,7.548],[-0.119,10.76],[7.57,7.743],[10.892,0.153],[3.905,-3.846],[2.107,-5.077]],"v":[[42.465,0.288],[39.065,-15.7],[29.726,-28.975],[0.462,-40.535],[-28.468,-28.64],[-40.54,0.288],[-28.712,29.462],[0.462,41.803],[30.068,29.895],[39.269,16.363]]},"ix":2}},{"ty":"sh","bm":0,"cl":"","ln":"","hd":false,"mn":"ADBE Vector Shape - Group","nm":"Path 2","ix":2,"d":1,"ks":{"a":0,"k":{"c":true,"i":[[0.153,-12.114],[8.526,-8.653],[12.251,-0.075],[8.735,8.683],[0.041,12.384],[-8.786,8.757],[-12.429,-0.016],[-5.692,-2.429],[-4.247,-4.421]],"o":[[0.012,12.119],[-8.476,8.713],[-12.247,0.13],[-8.803,-8.611],[-0.076,-12.381],[8.714,-8.828],[6.201,0.069],[5.682,2.459],[8.481,8.878]],"v":[[46.714,0.288],[33.261,33.087],[0.462,47.03],[-32.77,33.521],[-46.791,0.288],[-33.014,-33.187],[0.462,-47.143],[18.545,-43.364],[33.603,-32.853]]},"ix":2}},{"ty":"mm","bm":0,"cl":"","ln":"","hd":false,"mn":"ADBE Vector Filter - Merge","nm":"Merge Paths 1","mm":1},{"ty":"mm","bm":0,"cl":"","ln":"","hd":false,"mn":"ADBE Vector Filter - Merge","nm":"Merge Paths 2","mm":4},{"ty":"fl","bm":0,"cl":"","ln":"","hd":false,"mn":"ADBE Vector Graphic - Fill","nm":"Fill 1","c":{"a":0,"k":[0,0.0863,0.2196],"ix":4},"r":1,"o":{"a":0,"k":100,"ix":5}},{"ty":"tr","a":{"a":0,"k":[0,0],"ix":1},"s":{"a":0,"k":[100,100],"ix":3},"sk":{"a":0,"k":0,"ix":4},"p":{"a":0,"k":[695.274,417.781],"ix":2},"r":{"a":0,"k":0,"ix":6},"sa":{"a":0,"k":0,"ix":5},"o":{"a":0,"k":100,"ix":7}}]},{"ty":"gr","bm":0,"cl":"","ln":"","hd":false,"mn":"ADBE Vector Group","nm":"Group 2","ix":2,"cix":2,"np":3,"it":[{"ty":"sh","bm":0,"cl":"","ln":"","hd":false,"mn":"ADBE Vector Shape - Group","nm":"Path 1","ix":1,"d":1,"ks":{"a":0,"k":{"c":true,"i":[[0,-24.371],[24.371,0],[0,24.371],[-24.371,0]],"o":[[0,24.371],[-24.371,0],[0,-24.371],[24.371,0]],"v":[[44.128,0],[0,44.127],[-44.128,0],[0,-44.127]]},"ix":2}},{"ty":"mm","bm":0,"cl":"","ln":"","hd":false,"mn":"ADBE Vector Filter - Merge","nm":"Merge Paths 1","mm":4},{"ty":"fl","bm":0,"cl":"","ln":"","hd":false,"mn":"ADBE Vector Graphic - Fill","nm":"Fill 1","c":{"a":0,"k":[1,1,0.6667],"ix":4},"r":1,"o":{"a":0,"k":100,"ix":5}},{"ty":"tr","a":{"a":0,"k":[0,0],"ix":1},"s":{"a":0,"k":[100,100],"ix":3},"sk":{"a":0,"k":0,"ix":4},"p":{"a":0,"k":[695.736,418.069],"ix":2},"r":{"a":0,"k":0,"ix":6},"sa":{"a":0,"k":0,"ix":5},"o":{"a":0,"k":100,"ix":7}}]},{"ty":"gr","bm":0,"cl":"","ln":"","hd":false,"mn":"ADBE Vector Group","nm":"Group 3","ix":3,"cix":2,"np":3,"it":[{"ty":"sh","bm":0,"cl":"","ln":"","hd":false,"mn":"ADBE Vector Shape - Group","nm":"Path 1","ix":1,"d":1,"ks":{"a":0,"k":{"c":true,"i":[[0,-2.181],[10.145,0],[0,10.145],[-0.726,1.916],[-7.996,0],[-2.479,7.137]],"o":[[0,10.145],[-10.144,0],[0,-2.181],[2.479,7.137],[7.997,0],[0.726,1.916]],"v":[[18.372,-6.097],[-0.001,12.276],[-18.373,-6.097],[-17.283,-12.276],[-0.001,-0.05],[17.282,-12.276]]},"ix":2}},{"ty":"mm","bm":0,"cl":"","ln":"","hd":false,"mn":"ADBE Vector Filter - Merge","nm":"Merge Paths 1","mm":4},{"ty":"fl","bm":0,"cl":"","ln":"","hd":false,"mn":"ADBE Vector Graphic - Fill","nm":"Fill 1","c":{"a":0,"k":[0,0.0863,0.2196],"ix":4},"r":1,"o":{"a":0,"k":30,"ix":5}},{"ty":"tr","a":{"a":0,"k":[0,0],"ix":1},"s":{"a":0,"k":[100,100],"ix":3},"sk":{"a":0,"k":0,"ix":4},"p":{"a":0,"k":[695.739,289.319],"ix":2},"r":{"a":0,"k":0,"ix":6},"sa":{"a":0,"k":0,"ix":5},"o":{"a":0,"k":100,"ix":7}}]},{"ty":"gr","bm":0,"cl":"","ln":"","hd":false,"mn":"ADBE Vector Group","nm":"Group 4","ix":4,"cix":2,"np":3,"it":[{"ty":"sh","bm":0,"cl":"","ln":"","hd":false,"mn":"ADBE Vector Shape - Group","nm":"Path 1","ix":1,"d":1,"ks":{"a":0,"k":{"c":true,"i":[[0,-2.082],[24.354,0],[0,24.386],[-0.297,2.016],[-22.304,0],[-3.007,21.478]],"o":[[0,24.386],[-24.386,0],[0,-2.082],[3.007,21.478],[22.272,0],[0.298,2.016]],"v":[[44.131,-19],[0.017,25.146],[-44.13,-19],[-43.701,-25.146],[0.017,12.821],[43.701,-25.146]]},"ix":2}},{"ty":"mm","bm":0,"cl":"","ln":"","hd":false,"mn":"ADBE Vector Filter - Merge","nm":"Merge Paths 1","mm":4},{"ty":"fl","bm":0,"cl":"","ln":"","hd":false,"mn":"ADBE Vector Graphic - Fill","nm":"Fill 1","c":{"a":0,"k":[0,0.0863,0.2196],"ix":4},"r":1,"o":{"a":0,"k":30,"ix":5}},{"ty":"tr","a":{"a":0,"k":[0,0],"ix":1},"s":{"a":0,"k":[100,100],"ix":3},"sk":{"a":0,"k":0,"ix":4},"p":{"a":0,"k":[695.722,153.36],"ix":2},"r":{"a":0,"k":0,"ix":6},"sa":{"a":0,"k":0,"ix":5},"o":{"a":0,"k":100,"ix":7}}]},{"ty":"gr","bm":0,"cl":"","ln":"","hd":false,"mn":"ADBE Vector Group","nm":"Group 5","ix":5,"cix":2,"np":5,"it":[{"ty":"sh","bm":0,"cl":"","ln":"","hd":false,"mn":"ADBE Vector Shape - Group","nm":"Path 1","ix":1,"d":1,"ks":{"a":0,"k":{"c":true,"i":[[0.252,4.263],[3.105,2.631],[3.939,0.092],[3.02,-2.732],[0.246,-4.28],[-3.015,-3.317],[-4.578,-0.077],[-2.973,3.354]],"o":[[-0.228,-4.276],[-3.048,-2.703],[-3.962,-0.1],[-3.042,2.705],[-0.269,4.259],[3.002,3.325],[4.6,0.114],[2.952,-3.391]],"v":[[16.265,1.187],[10.92,-9.723],[0.009,-13.889],[-10.946,-9.767],[-16.248,1.187],[-12.027,13.223],[0.009,18.624],[12.088,13.267]]},"ix":2}},{"ty":"sh","bm":0,"cl":"","ln":"","hd":false,"mn":"ADBE Vector Shape - Group","nm":"Path 2","ix":2,"d":1,"ks":{"a":0,"k":{"c":true,"i":[[0.26,-5.364],[3.89,-3.402],[5.04,-0.083],[3.79,3.518],[0.237,5.382],[-3.801,4.088],[-5.679,0.068],[-3.744,-4.138]],"o":[[-0.219,5.378],[-3.819,3.488],[-5.063,0.109],[-3.827,-3.475],[-0.278,-5.36],[3.772,-4.109],[5.701,-0.124],[3.736,4.162]],"v":[[20.514,1.187],[13.924,15.103],[0.009,20.512],[-13.95,15.147],[-20.496,1.187],[-15.03,-13.851],[0.009,-20.498],[15.092,-13.895]]},"ix":2}},{"ty":"mm","bm":0,"cl":"","ln":"","hd":false,"mn":"ADBE Vector Filter - Merge","nm":"Merge Paths 1","mm":1},{"ty":"mm","bm":0,"cl":"","ln":"","hd":false,"mn":"ADBE Vector Filter - Merge","nm":"Merge Paths 2","mm":4},{"ty":"fl","bm":0,"cl":"","ln":"","hd":false,"mn":"ADBE Vector Graphic - Fill","nm":"Fill 1","c":{"a":0,"k":[0,0.0863,0.2196],"ix":4},"r":1,"o":{"a":0,"k":100,"ix":5}},{"ty":"tr","a":{"a":0,"k":[0,0],"ix":1},"s":{"a":0,"k":[100,100],"ix":3},"sk":{"a":0,"k":0,"ix":4},"p":{"a":0,"k":[695.727,269.717],"ix":2},"r":{"a":0,"k":0,"ix":6},"sa":{"a":0,"k":0,"ix":5},"o":{"a":0,"k":100,"ix":7}}]},{"ty":"gr","bm":0,"cl":"","ln":"","hd":false,"mn":"ADBE Vector Group","nm":"Group 6","ix":6,"cix":2,"np":3,"it":[{"ty":"sh","bm":0,"cl":"","ln":"","hd":false,"mn":"ADBE Vector Shape - Group","nm":"Path 1","ix":1,"d":1,"ks":{"a":0,"k":{"c":true,"i":[[0,-10.151],[10.152,0],[0,10.151],[-10.151,0]],"o":[[0,10.151],[-10.151,0],[0,-10.151],[10.152,0]],"v":[[18.38,-0.001],[-0.001,18.38],[-18.381,-0.001],[-0.001,-18.38]]},"ix":2}},{"ty":"mm","bm":0,"cl":"","ln":"","hd":false,"mn":"ADBE Vector Filter - Merge","nm":"Merge Paths 1","mm":4},{"ty":"fl","bm":0,"cl":"","ln":"","hd":false,"mn":"ADBE Vector Graphic - Fill","nm":"Fill 1","c":{"a":0,"k":[1,1,1],"ix":4},"r":1,"o":{"a":0,"k":100,"ix":5}},{"ty":"tr","a":{"a":0,"k":[0,0],"ix":1},"s":{"a":0,"k":[100,100],"ix":3},"sk":{"a":0,"k":0,"ix":4},"p":{"a":0,"k":[695.736,270.906],"ix":2},"r":{"a":0,"k":0,"ix":6},"sa":{"a":0,"k":0,"ix":5},"o":{"a":0,"k":100,"ix":7}}]},{"ty":"gr","bm":0,"cl":"","ln":"","hd":false,"mn":"ADBE Vector Group","nm":"Group 7","ix":7,"cix":2,"np":5,"it":[{"ty":"sh","bm":0,"cl":"","ln":"","hd":false,"mn":"ADBE Vector Shape - Group","nm":"Path 1","ix":1,"d":1,"ks":{"a":0,"k":{"c":true,"i":[[0.312,11.016],[7.861,7.417],[10.708,-0.013],[7.733,-7.582],[0.219,-11.035],[-7.82,-8.061],[-11.33,-0.106],[-5.209,2.179],[-3.895,4.031]],"o":[[-0.244,-11.026],[-7.812,-7.451],[-10.713,-0.175],[-7.821,7.474],[-0.289,11.008],[7.801,8.059],[5.656,-0.026],[5.193,-2.221],[7.78,-8.118]],"v":[[41.992,1.088],[29.105,-28.028],[-0.011,-39.735],[-29.178,-28.079],[-42.014,1.088],[-30.246,31.322],[-0.011,44.272],[16.495,40.939],[30.274,31.374]]},"ix":2}},{"ty":"sh","bm":0,"cl":"","ln":"","hd":false,"mn":"ADBE Vector Shape - Group","nm":"Path 2","ix":2,"d":1,"ks":{"a":0,"k":{"c":true,"i":[[0.32,-12.117],[8.645,-8.187],[11.809,0.022],[8.504,8.367],[0.211,12.136],[-8.605,8.831],[-12.432,0.098],[-5.724,-2.396],[-4.285,-4.422]],"o":[[-0.235,12.128],[-8.584,8.236],[-11.814,0.183],[-8.606,-8.244],[-0.298,-12.109],[8.572,-8.845],[6.201,0.026],[5.711,2.434],[8.565,8.889]],"v":[[46.241,1.088],[32.11,33.21],[-0.011,46.16],[-32.182,33.259],[-46.263,1.088],[-33.25,-32.149],[-0.011,-46.343],[18.122,-42.684],[33.278,-32.201]]},"ix":2}},{"ty":"mm","bm":0,"cl":"","ln":"","hd":false,"mn":"ADBE Vector Filter - Merge","nm":"Merge Paths 1","mm":1},{"ty":"mm","bm":0,"cl":"","ln":"","hd":false,"mn":"ADBE Vector Filter - Merge","nm":"Merge Paths 2","mm":4},{"ty":"fl","bm":0,"cl":"","ln":"","hd":false,"mn":"ADBE Vector Graphic - Fill","nm":"Fill 1","c":{"a":0,"k":[0,0.0863,0.2196],"ix":4},"r":1,"o":{"a":0,"k":100,"ix":5}},{"ty":"tr","a":{"a":0,"k":[0,0],"ix":1},"s":{"a":0,"k":[100,100],"ix":3},"sk":{"a":0,"k":0,"ix":4},"p":{"a":0,"k":[695.747,269.816],"ix":2},"r":{"a":0,"k":0,"ix":6},"sa":{"a":0,"k":0,"ix":5},"o":{"a":0,"k":100,"ix":7}}]},{"ty":"gr","bm":0,"cl":"","ln":"","hd":false,"mn":"ADBE Vector Group","nm":"Group 8","ix":8,"cix":2,"np":2,"it":[{"ty":"sh","bm":0,"cl":"","ln":"","hd":false,"mn":"ADBE Vector Shape - Group","nm":"Path 3","ix":1,"d":1,"ks":{"a":0,"k":{"c":true,"i":[[0,0],[0,0],[0,0],[0,0]],"o":[[0,0],[0,0],[0,0],[0,0]],"v":[[-287.688,257.142],[287.276,257.142],[287.276,232.582],[-287.688,232.582]]},"ix":2}},{"ty":"fl","bm":0,"cl":"","ln":"","hd":false,"mn":"ADBE Vector Graphic - Fill","nm":"Fill 1","c":{"a":0,"k":[0,0.0863,0.2196],"ix":4},"r":1,"o":{"a":0,"k":30,"ix":5}},{"ty":"tr","a":{"a":0,"k":[0,0],"ix":1},"s":{"a":0,"k":[100,100],"ix":3},"sk":{"a":0,"k":0,"ix":4},"p":{"a":0,"k":[400.268,324.501],"ix":2},"r":{"a":0,"k":0,"ix":6},"sa":{"a":0,"k":0,"ix":5},"o":{"a":0,"k":100,"ix":7}}]},{"ty":"gr","bm":0,"cl":"","ln":"","hd":false,"mn":"ADBE Vector Group","nm":"Group 9","ix":9,"cix":2,"np":5,"it":[{"ty":"sh","bm":0,"cl":"","ln":"","hd":false,"mn":"ADBE Vector Shape - Group","nm":"Path 1","ix":1,"d":1,"ks":{"a":0,"k":{"c":true,"i":[[0.296,-11.878],[0,0],[0,0],[0,0],[0,0],[0,0],[0,0],[0,0],[0,0],[0,0],[47.914,-0.508],[0,0]],"o":[[0,0],[0,0],[0,0],[0,0],[0,0],[0,0],[0,0],[0,0],[0,0],[-47.914,0.209],[0,0],[0.129,11.879]],"v":[[-286.151,16.49],[-142.172,15.432],[1.089,14.948],[144.099,15.221],[287.311,15.724],[285.045,17.992],[285.187,-18.906],[287.311,-16.781],[-0.171,-17.891],[-143.912,-17.89],[-287.653,-17.104],[-285.852,-18.906]]},"ix":2}},{"ty":"sh","bm":0,"cl":"","ln":"","hd":false,"mn":"ADBE Vector Shape - Group","nm":"Path 2","ix":2,"d":1,"ks":{"a":0,"k":{"c":true,"i":[[0,0],[-0.128,12.72],[0,0],[-0.984,-0.011],[0,0],[-47.914,-0.209],[0,0],[0,0],[-0.004,-1.169],[0,0],[0,0],[1.248,-0.004],[0,0],[0,0],[0,0],[0,0]],"o":[[-0.297,-12.72],[0,0],[0.01,-0.984],[0,0],[47.914,0.509],[0,0],[0,0],[1.169,-0.003],[0,0],[0,0],[0.005,1.247],[0,0],[0,0],[0,0],[0,0],[0,0]],"v":[[-289.155,19.494],[-289.455,-18.906],[-289.454,-18.943],[-287.654,-20.708],[-287.653,-20.708],[-143.912,-19.924],[-0.171,-19.922],[287.311,-21.031],[289.435,-18.922],[289.435,-18.906],[289.578,17.992],[287.328,20.258],[287.311,20.258],[143.041,20.763],[-1.432,21.034],[-145.652,20.552]]},"ix":2}},{"ty":"mm","bm":0,"cl":"","ln":"","hd":false,"mn":"ADBE Vector Filter - Merge","nm":"Merge Paths 1","mm":1},{"ty":"mm","bm":0,"cl":"","ln":"","hd":false,"mn":"ADBE Vector Filter - Merge","nm":"Merge Paths 2","mm":4},{"ty":"fl","bm":0,"cl":"","ln":"","hd":false,"mn":"ADBE Vector Graphic - Fill","nm":"Fill 1","c":{"a":0,"k":[0,0.0863,0.2196],"ix":4},"r":1,"o":{"a":0,"k":100,"ix":5}},{"ty":"tr","a":{"a":0,"k":[0,0],"ix":1},"s":{"a":0,"k":[100,100],"ix":3},"sk":{"a":0,"k":0,"ix":4},"p":{"a":0,"k":[400.233,575.989],"ix":2},"r":{"a":0,"k":0,"ix":6},"sa":{"a":0,"k":0,"ix":5},"o":{"a":0,"k":100,"ix":7}}]},{"ty":"gr","bm":0,"cl":"","ln":"","hd":false,"mn":"ADBE Vector Group","nm":"Group 10","ix":10,"cix":2,"np":6,"it":[{"ty":"sh","bm":0,"cl":"","ln":"","hd":false,"mn":"ADBE Vector Shape - Group","nm":"Path 1","ix":1,"d":1,"ks":{"a":0,"k":{"c":true,"i":[[0,0],[0.135,19.389],[0,0],[51.768,-0.106],[0,0],[0,0],[0,0],[0,0],[0,0],[0,0],[0,0]],"o":[[-0.479,-19.79],[0,0],[-51.769,0.385],[0,0],[0,0],[0,0],[0,0],[0,0],[0,0],[0,0],[0,0]],"v":[[308.872,29.173],[307.777,-29.355],[310.373,-26.759],[155.068,-26.116],[-0.24,-26.155],[-310.852,-27.231],[-308.728,-29.355],[-308.936,30.674],[-310.852,28.758],[-0.607,29.788],[154.409,29.705]]},"ix":2}},{"ty":"sh","bm":0,"cl":"","ln":"","hd":false,"mn":"ADBE Vector Shape - Group","nm":"Path 2","ix":2,"d":1,"ks":{"a":0,"k":{"c":true,"i":[[0.479,-20.231],[0,0],[0,0],[0,0],[0.003,1.055],[0,0],[-1.17,0.004],[0,0],[0,0],[0,0],[-51.769,-0.385],[0,0],[0.011,-1.424]],"o":[[0,0],[0,0],[0,0],[-1.054,0.003],[0,0],[-0.004,-1.169],[0,0],[0,0],[0,0],[51.768,0.106],[0,0],[1.425,0.011],[-0.134,20.632]],"v":[[311.875,32.177],[155.726,31.644],[0.129,31.562],[-310.852,32.591],[-312.768,30.674],[-312.977,-29.355],[-310.866,-31.479],[-310.852,-31.479],[-0.24,-32.556],[155.068,-32.594],[310.373,-31.951],[310.409,-31.951],[312.969,-29.355]]},"ix":2}},{"ty":"mm","bm":0,"cl":"","ln":"","hd":false,"mn":"ADBE Vector Filter - Merge","nm":"Merge Paths 1","mm":1},{"ty":"mm","bm":0,"cl":"","ln":"","hd":false,"mn":"ADBE Vector Filter - Merge","nm":"Merge Paths 2","mm":4},{"ty":"fl","bm":0,"cl":"","ln":"","hd":false,"mn":"ADBE Vector Graphic - Fill","nm":"Fill 2","c":{"a":0,"k":[0,0.0863,0.2196],"ix":4},"r":1,"o":{"a":0,"k":100,"ix":5}},{"ty":"fl","bm":0,"cl":"","ln":"","hd":false,"mn":"ADBE Vector Graphic - Fill","nm":"Fill 1","c":{"a":0,"k":[0,0.0863,0.2196],"ix":4},"r":1,"o":{"a":0,"k":100,"ix":5}},{"ty":"tr","a":{"a":0,"k":[0,0],"ix":1},"s":{"a":0,"k":[100,100],"ix":3},"sk":{"a":0,"k":0,"ix":4},"p":{"a":0,"k":[400.301,586.438],"ix":2},"r":{"a":0,"k":0,"ix":6},"sa":{"a":0,"k":0,"ix":5},"o":{"a":0,"k":100,"ix":7}}]},{"ty":"gr","bm":0,"cl":"","ln":"","hd":false,"mn":"ADBE Vector Group","nm":"Group 11","ix":11,"cix":2,"np":3,"it":[{"ty":"sh","bm":0,"cl":"","ln":"","hd":false,"mn":"ADBE Vector Shape - Group","nm":"Path 1","ix":1,"d":1,"ks":{"a":0,"k":{"c":true,"i":[[0,5.523],[0,0],[-14.6,0],[0,0],[-3.449,-1.65],[9.076,0],[0,0],[0,-14.599],[0,0],[-8.898,-4.256]],"o":[[0,0],[0,-14.6],[0,0],[4.079,0],[-4.76,-6.97],[0,0],[-14.599,0],[0,0],[0,10.521],[-2.897,-4.242]],"v":[[-61.521,220.902],[-61.521,-200.408],[-35.086,-226.843],[60.609,-226.843],[71.985,-224.242],[50.146,-235.79],[-45.55,-235.79],[-71.985,-209.355],[-71.985,211.956],[-56.925,235.791]]},"ix":2}},{"ty":"mm","bm":0,"cl":"","ln":"","hd":false,"mn":"ADBE Vector Filter - Merge","nm":"Merge Paths 1","mm":4},{"ty":"fl","bm":0,"cl":"","ln":"","hd":false,"mn":"ADBE Vector Graphic - Fill","nm":"Fill 1","c":{"a":0,"k":[0,0.0863,0.2196],"ix":4},"r":1,"o":{"a":0,"k":30,"ix":5}},{"ty":"tr","a":{"a":0,"k":[0,0],"ix":1},"s":{"a":0,"k":[100,100],"ix":3},"sk":{"a":0,"k":0,"ix":4},"p":{"a":0,"k":[693.441,279.039],"ix":2},"r":{"a":0,"k":0,"ix":6},"sa":{"a":0,"k":0,"ix":5},"o":{"a":0,"k":100,"ix":7}}]},{"ty":"gr","bm":0,"cl":"","ln":"","hd":false,"mn":"ADBE Vector Group","nm":"Group 12","ix":12,"cix":2,"np":5,"it":[{"ty":"sh","bm":0,"cl":"","ln":"","hd":false,"mn":"ADBE Vector Shape - Group","nm":"Path 1","ix":1,"d":1,"ks":{"a":0,"k":{"c":true,"i":[[0,0],[-3.77,-4.323],[-5.634,-0.795],[-1.539,-0.044],[0,0],[0,0],[0,0],[0,0],[0,0],[-2.621,0.344],[-2.437,1.331],[-2.026,5.154],[-0.021,2.775],[0,0],[0,0],[0,0],[0,0],[3.752,4.393],[5.709,0.866],[3.152,0.044],[0,0],[0,0],[0,0],[0,0],[2.844,-0.333],[2.599,-1.386],[2.197,-5.481],[0.043,-2.961],[0,0],[0,0],[0,0],[0,0]],"o":[[0.059,5.762],[3.725,4.364],[1.428,0.266],[0,0],[0,0],[0,0],[0,0],[0,0],[3.112,-0.045],[2.757,-0.359],[4.904,-2.608],[1.025,-2.571],[0,0],[0,0],[0,0],[0,0],[0.001,-5.761],[-3.707,-4.434],[-2.772,-0.456],[0,0],[0,0],[0,0],[0,0],[-3.118,0.019],[-2.915,0.351],[-5.221,2.728],[-1.11,2.732],[0,0],[0,0],[0,0],[0,0],[0,0]],"v":[[-72.74,210.123],[-66.781,225.879],[-52.072,233.92],[-47.753,234.201],[-43.065,234.175],[-33.689,234.123],[-14.938,234.02],[22.564,233.814],[41.315,233.71],[50.307,233.438],[58.195,230.901],[69.047,218.746],[70.656,210.644],[70.663,201.334],[70.574,163.832],[70.397,88.829],[71.577,-211.187],[65.753,-227.059],[50.963,-235.335],[41.902,-235.683],[32.527,-235.72],[13.776,-235.794],[-23.726,-235.941],[-42.477,-236.014],[-51.64,-235.82],[-60.017,-233.217],[-71.636,-220.375],[-73.411,-211.743],[-73.477,-202.399],[-73.625,-164.898],[-73.92,-89.894],[-73.566,60.114]]},"ix":2}},{"ty":"sh","bm":0,"cl":"","ln":"","hd":false,"mn":"ADBE Vector Shape - Group","nm":"Path 2","ix":2,"d":1,"ks":{"a":0,"k":{"c":true,"i":[[-0.017,6.753],[0,0],[0,0],[0,0],[0,0],[0,0],[-1.217,3.064],[-5.842,3.112],[-3.281,0.422],[-3.126,0.053],[0,0],[0,0],[0,0],[0,0],[0,0],[-1.633,-0.307],[-4.368,-5.134],[-0.042,-6.754],[0,0],[0,0],[0,0],[0,0],[1.303,-3.226],[6.157,-3.232],[3.44,-0.412],[3.131,-0.026],[0,0],[0,0],[0,0],[0,0],[0,0],[1.647,0.325],[4.35,5.203]],"o":[[0,0],[0,0],[0,0],[0,0],[0,0],[0.026,-3.292],[2.407,-6.147],[2.909,-1.576],[3.365,-0.404],[0,0],[0,0],[0,0],[0,0],[0,0],[1.574,0.043],[6.649,0.955],[4.421,5.085],[0,0],[0,0],[0,0],[0,0],[-0.049,3.476],[-2.578,6.473],[-3.071,1.629],[-3.589,0.394],[0,0],[0,0],[0,0],[0,0],[0,0],[-1.577,-0.058],[-6.724,-1.026],[-4.404,-5.156]],"v":[[-76.989,210.123],[-76.162,60.114],[-75.808,-89.894],[-76.103,-164.898],[-76.251,-202.399],[-76.258,-211.805],[-74.351,-221.451],[-61.448,-235.932],[-52.042,-238.936],[-42.477,-239.231],[-23.726,-239.304],[13.776,-239.452],[32.527,-239.525],[41.902,-239.563],[46.59,-239.581],[51.556,-239.244],[68.863,-229.732],[75.826,-211.187],[77.006,88.829],[76.829,163.832],[76.74,201.334],[76.688,210.776],[74.614,220.952],[60.946,236.12],[51.05,239.188],[41.315,239.405],[22.564,239.302],[-14.938,239.096],[-33.689,238.992],[-43.065,238.94],[-47.753,238.915],[-52.772,238.529],[-70.16,228.783]]},"ix":2}},{"ty":"mm","bm":0,"cl":"","ln":"","hd":false,"mn":"ADBE Vector Filter - Merge","nm":"Merge Paths 1","mm":1},{"ty":"mm","bm":0,"cl":"","ln":"","hd":false,"mn":"ADBE Vector Filter - Merge","nm":"Merge Paths 2","mm":4},{"ty":"fl","bm":0,"cl":"","ln":"","hd":false,"mn":"ADBE Vector Graphic - Fill","nm":"Fill 1","c":{"a":0,"k":[0,0.0863,0.2196],"ix":4},"r":1,"o":{"a":0,"k":100,"ix":5}},{"ty":"tr","a":{"a":0,"k":[0,0],"ix":1},"s":{"a":0,"k":[100,100],"ix":3},"sk":{"a":0,"k":0,"ix":4},"p":{"a":0,"k":[696.32,280.872],"ix":2},"r":{"a":0,"k":0,"ix":6},"sa":{"a":0,"k":0,"ix":5},"o":{"a":0,"k":100,"ix":7}}]},{"ty":"gr","bm":0,"cl":"","ln":"","hd":false,"mn":"ADBE Vector Group","nm":"Group 13","ix":13,"cix":2,"np":3,"it":[{"ty":"sh","bm":0,"cl":"","ln":"","hd":false,"mn":"ADBE Vector Shape - Group","nm":"Path 1","ix":1,"d":1,"ks":{"a":0,"k":{"c":true,"i":[[0,3.199],[0,0],[-14.605,0],[0,0],[-2.84,-1.042],[11.403,0],[0,0],[0,-14.605],[0,0],[-10.114,-3.718]],"o":[[0,0],[0,-14.606],[0,0],[3.203,0],[-3.71,-10.112],[0,0],[-14.605,0],[0,0],[0,11.378],[-1.045,-2.842]],"v":[[-257.748,227.172],[-257.748,-194.138],[-231.313,-220.574],[264.346,-220.574],[273.445,-218.933],[248.649,-236.269],[-247.009,-236.269],[-273.445,-209.834],[-273.445,211.476],[-256.104,236.269]]},"ix":2}},{"ty":"mm","bm":0,"cl":"","ln":"","hd":false,"mn":"ADBE Vector Filter - Merge","nm":"Merge Paths 1","mm":4},{"ty":"fl","bm":0,"cl":"","ln":"","hd":false,"mn":"ADBE Vector Graphic - Fill","nm":"Fill 1","c":{"a":0,"k":[0,0.0863,0.2196],"ix":4},"r":1,"o":{"a":0,"k":30,"ix":5}},{"ty":"tr","a":{"a":0,"k":[0,0],"ix":1},"s":{"a":0,"k":[100,100],"ix":3},"sk":{"a":0,"k":0,"ix":4},"p":{"a":0,"k":[316.631,279.529],"ix":2},"r":{"a":0,"k":0,"ix":6},"sa":{"a":0,"k":0,"ix":5},"o":{"a":0,"k":100,"ix":7}}]},{"ty":"gr","bm":0,"cl":"","ln":"","hd":false,"mn":"ADBE Vector Group","nm":"Group 14","ix":14,"cix":2,"np":5,"it":[{"ty":"sh","bm":0,"cl":"","ln":"","hd":false,"mn":"ADBE Vector Shape - Group","nm":"Path 1","ix":1,"d":1,"ks":{"a":0,"k":{"c":true,"i":[[0,0],[0.688,2.295],[1.316,2],[4.43,1.802],[2.369,0.263],[2.569,0.013],[0,0],[0,0],[0,0],[0,0],[0,0],[0,0],[0,0],[0,0],[2.108,-0.867],[2.627,-3.718],[0.089,-4.566],[0,0],[0,0],[0,0],[0,0],[-8.507,-3.357],[-2.253,-0.258],[-2.55,-0.016],[0,0],[0,0],[0,0],[0,0],[0,0],[0,0],[0,0],[0,0],[-2.11,0.861],[-2.645,3.716],[-0.104,4.58],[0,0],[0,0],[0,0]],"o":[[-0.065,-2.398],[-0.738,-2.275],[-2.705,-3.955],[-2.212,-0.911],[-2.288,-0.168],[0,0],[0,0],[0,0],[0,0],[0,0],[0,0],[0,0],[0,0],[-2.266,0.184],[-4.259,1.607],[-2.629,3.728],[0,0],[0,0],[0,0],[0,0],[-0.122,9.153],[2.1,0.872],[2.119,0.165],[0,0],[0,0],[0,0],[0,0],[0,0],[0,0],[0,0],[0,0],[2.263,-0.175],[4.26,-1.594],[2.648,-3.725],[0,0],[0,0],[0,0],[0,0]],"v":[[272.23,-210.733],[271.159,-217.812],[268.081,-224.264],[257.101,-233.169],[250.168,-234.849],[242.56,-234.948],[226.934,-234.916],[164.436,-234.787],[39.436,-234.531],[-210.562,-233.863],[-241.812,-233.858],[-245.718,-233.858],[-247.671,-233.858],[-249.39,-233.771],[-256.029,-232.299],[-266.646,-224.019],[-270.833,-211.231],[-270.857,-195.677],[-270.854,-164.428],[-270.835,-39.428],[-270.797,210.57],[-256.466,231.904],[-249.88,233.518],[-242.382,233.627],[-226.756,233.624],[-164.257,233.616],[-39.257,233.597],[210.741,233.56],[241.991,233.648],[245.897,233.66],[247.85,233.665],[249.565,233.584],[256.201,232.133],[266.852,223.877],[271.096,211.071],[271.168,195.515],[271.257,164.265],[271.612,39.265]]},"ix":2}},{"ty":"sh","bm":0,"cl":"","ln":"","hd":false,"mn":"ADBE Vector Shape - Group","nm":"Path 2","ix":2,"d":1,"ks":{"a":0,"k":{"c":true,"i":[[-0.054,-2.81],[0,0],[0,0],[0,0],[0,0],[3.367,-4.787],[5.484,-2.097],[2.913,-0.236],[0,0],[0,0],[0,0],[0,0],[0,0],[0,0],[0,0],[0,0],[3.08,0.219],[2.722,1.127],[3.302,4.863],[0.893,2.802],[0.058,2.931],[0,0],[0,0],[0,0],[0,0],[-3.384,4.787],[-5.489,2.077],[-2.91,0.227],[0,0],[0,0],[0,0],[0,0],[0,0],[0,0],[0,0],[0,0],[-2.911,-0.213],[-2.611,-1.085],[-3.158,-4.67],[-0.851,-2.685]],"o":[[0,0],[0,0],[0,0],[0,0],[-0.095,5.843],[-3.36,4.784],[-2.719,1.111],[0,0],[0,0],[0,0],[0,0],[0,0],[0,0],[0,0],[0,0],[-2.658,-0.027],[-2.916,-0.321],[-5.449,-2.235],[-1.616,-2.454],[-0.843,-2.821],[0,0],[0,0],[0,0],[0,0],[0.111,-5.855],[3.377,-4.783],[2.722,-1.102],[0,0],[0,0],[0,0],[0,0],[0,0],[0,0],[0,0],[0,0],[2.638,0.03],[2.8,0.314],[5.227,2.151],[1.546,2.358],[0.803,2.706]],"v":[[276.478,-210.733],[277.095,39.265],[277.451,164.265],[277.539,195.515],[277.555,211.206],[272.206,227.648],[258.586,238.329],[250.036,240.251],[247.85,240.36],[245.897,240.365],[241.991,240.377],[210.741,240.465],[-39.257,240.428],[-164.257,240.41],[-226.756,240.4],[-242.382,240.398],[-250.502,240.259],[-259.034,238.165],[-272.494,227.19],[-276.262,219.255],[-277.555,210.57],[-277.518,-39.428],[-277.499,-164.428],[-277.495,-195.677],[-277.463,-211.372],[-272.065,-227.834],[-258.404,-238.481],[-249.856,-240.375],[-247.671,-240.478],[-245.718,-240.478],[-241.812,-240.477],[-210.562,-240.472],[39.436,-239.804],[164.436,-239.548],[226.934,-239.42],[242.56,-239.388],[250.57,-239.24],[258.758,-237.22],[271.659,-226.671],[275.254,-219.057]]},"ix":2}},{"ty":"mm","bm":0,"cl":"","ln":"","hd":false,"mn":"ADBE Vector Filter - Merge","nm":"Merge Paths 1","mm":1},{"ty":"mm","bm":0,"cl":"","ln":"","hd":false,"mn":"ADBE Vector Filter - Merge","nm":"Merge Paths 2","mm":4},{"ty":"fl","bm":0,"cl":"","ln":"","hd":false,"mn":"ADBE Vector Graphic - Fill","nm":"Fill 1","c":{"a":0,"k":[0,0.0863,0.2196],"ix":4},"r":1,"o":{"a":0,"k":100,"ix":5}},{"ty":"tr","a":{"a":0,"k":[0,0],"ix":1},"s":{"a":0,"k":[100,100],"ix":3},"sk":{"a":0,"k":0,"ix":4},"p":{"a":0,"k":[317.363,280.428],"ix":2},"r":{"a":0,"k":0,"ix":6},"sa":{"a":0,"k":0,"ix":5},"o":{"a":0,"k":100,"ix":7}}]},{"ty":"gr","bm":0,"cl":"","ln":"","hd":false,"mn":"ADBE Vector Group","nm":"Group 15","ix":15,"cix":2,"np":5,"it":[{"ty":"sh","bm":0,"cl":"","ln":"","hd":false,"mn":"ADBE Vector Shape - Group","nm":"Path 1","ix":1,"d":1,"ks":{"a":0,"k":{"c":true,"i":[[0,0],[-4.937,3.612],[-1.945,5.762],[-0.027,3.062],[0,0],[0,0],[0,0],[0,0],[0,0],[0,0],[0.598,3.036],[1.476,2.706],[5.625,2.552],[3.075,0.317],[1.733,0.029],[0,0],[0,0],[0,0],[0,0],[5.007,-3.668],[1.97,-5.847],[0.025,-3.104],[0,0],[0,0],[0,0],[0,0],[0,0],[0,0],[-0.603,-3.05],[-1.484,-2.717],[-5.649,-2.558],[-3.087,-0.317],[-1.732,-0.029],[0,0],[0,0],[0,0]],"o":[[6.104,-0.05],[4.982,-3.523],[0.93,-2.895],[0,0],[0,0],[0,0],[0,0],[0,0],[0,0],[0.008,-3.573],[-0.637,-3.014],[-3.041,-5.341],[-2.793,-1.277],[-1.568,-0.207],[0,0],[0,0],[0,0],[0,0],[-6.196,0.054],[-5.053,3.578],[-0.942,2.938],[0,0],[0,0],[0,0],[0,0],[0,0],[0,0],[-0.006,3.569],[0.642,3.027],[3.057,5.362],[2.805,1.281],[1.572,0.206],[0,0],[0,0],[0,0],[0,0]],"v":[[363.286,272.84],[380.395,267.311],[391.094,252.849],[392.625,243.87],[392.651,233.617],[392.664,213.021],[392.716,130.637],[392.819,-34.132],[392.922,-198.9],[392.948,-240.093],[392.377,-249.693],[389.197,-258.328],[375.881,-270.736],[367.046,-273.312],[362.33,-273.582],[357.182,-273.585],[336.585,-273.598],[295.393,-273.624],[-363.681,-273.659],[-381.044,-268.035],[-391.891,-253.355],[-393.437,-244.246],[-393.458,-233.988],[-393.459,-213.392],[-393.463,-131.008],[-393.472,33.761],[-393.481,198.529],[-393.483,239.721],[-392.903,249.349],[-389.703,258.02],[-376.325,270.47],[-367.454,273.051],[-362.725,273.319],[-357.576,273.319],[-336.98,273.32],[-295.788,273.322]]},"ix":2}},{"ty":"sh","bm":0,"cl":"","ln":"","hd":false,"mn":"ADBE Vector Shape - Group","nm":"Path 2","ix":2,"d":1,"ks":{"a":0,"k":{"c":true,"i":[[3.815,-0.058],[0,0],[0,0],[0,0],[0,0],[1.824,0.25],[3.415,1.568],[3.715,6.541],[0.774,3.692],[-0.008,3.288],[0,0],[0,0],[0,0],[0,0],[0,0],[0,0],[-1.16,3.586],[-6.152,4.369],[-3.602,1.148],[-3.769,0.055],[0,0],[0,0],[0,0],[0,0],[-1.828,-0.248],[-3.427,-1.572],[-3.732,-6.562],[-0.779,-3.706],[0.005,-3.281],[0,0],[0,0],[0,0],[0,0],[0,0],[0,0],[1.172,-3.629],[6.223,-4.425],[3.646,-1.163]],"o":[[0,0],[0,0],[0,0],[0,0],[-1.695,-0.025],[-3.754,-0.4],[-6.877,-3.133],[-1.814,-3.305],[-0.747,-3.706],[0,0],[0,0],[0,0],[0,0],[0,0],[0,0],[0.032,-3.771],[2.405,-7.15],[3.07,-2.178],[3.606,-1.125],[0,0],[0,0],[0,0],[0,0],[1.694,0.024],[3.766,0.401],[6.901,3.14],[1.823,3.317],[0.752,3.718],[0,0],[0,0],[0,0],[0,0],[0,0],[0,0],[-0.03,3.814],[-2.43,7.236],[-3.106,2.206],[-3.649,1.142]],"v":[[363.286,280.275],[-295.788,279.793],[-336.98,279.795],[-357.576,279.797],[-362.725,279.797],[-368.267,279.478],[-379.08,276.334],[-395.361,261.181],[-399.262,250.611],[-399.966,239.721],[-399.969,198.529],[-399.977,33.761],[-399.986,-131.008],[-399.99,-213.392],[-399.991,-233.988],[-399.971,-244.325],[-398.087,-255.434],[-384.865,-273.34],[-374.816,-278.443],[-363.681,-280.198],[295.393,-280.233],[336.585,-280.259],[357.182,-280.272],[362.33,-280.275],[367.886,-279.959],[378.735,-276.81],[395.078,-261.615],[398.999,-251.007],[399.712,-240.093],[399.738,-198.9],[399.841,-34.132],[399.944,130.637],[399.996,213.021],[400.009,233.617],[399.994,243.959],[398.094,255.198],[384.725,273.323],[374.556,278.492]]},"ix":2}},{"ty":"mm","bm":0,"cl":"","ln":"","hd":false,"mn":"ADBE Vector Filter - Merge","nm":"Merge Paths 1","mm":1},{"ty":"mm","bm":0,"cl":"","ln":"","hd":false,"mn":"ADBE Vector Filter - Merge","nm":"Merge Paths 2","mm":4},{"ty":"fl","bm":0,"cl":"","ln":"","hd":false,"mn":"ADBE Vector Graphic - Fill","nm":"Fill 1","c":{"a":0,"k":[0,0.0863,0.2196],"ix":4},"r":1,"o":{"a":0,"k":100,"ix":5}},{"ty":"tr","a":{"a":0,"k":[0,0],"ix":1},"s":{"a":0,"k":[100,100],"ix":3},"sk":{"a":0,"k":0,"ix":4},"p":{"a":0,"k":[400.259,280.525],"ix":2},"r":{"a":0,"k":0,"ix":6},"sa":{"a":0,"k":0,"ix":5},"o":{"a":0,"k":100,"ix":7}}]},{"ty":"gr","bm":0,"cl":"","ln":"","hd":false,"mn":"ADBE Vector Group","nm":"Group 16","ix":16,"cix":2,"np":3,"it":[{"ty":"sh","bm":0,"cl":"","ln":"","hd":false,"mn":"ADBE Vector Shape - Group","nm":"Path 1","ix":1,"d":1,"ks":{"a":0,"k":{"c":true,"i":[[0,-24.371],[24.371,0],[0,24.371],[-24.371,0]],"o":[[0,24.371],[-24.371,0],[0,-24.371],[24.371,0]],"v":[[44.128,0],[0,44.127],[-44.128,0],[0,-44.127]]},"ix":2}},{"ty":"mm","bm":0,"cl":"","ln":"","hd":false,"mn":"ADBE Vector Filter - Merge","nm":"Merge Paths 1","mm":4},{"ty":"fl","bm":0,"cl":"","ln":"","hd":false,"mn":"ADBE Vector Graphic - Fill","nm":"Fill 1","c":{"a":0,"k":[1,1,0.6667],"ix":4},"r":1,"o":{"a":0,"k":100,"ix":5}},{"ty":"tr","a":{"a":0,"k":[0,0],"ix":1},"s":{"a":0,"k":[100,100],"ix":3},"sk":{"a":0,"k":0,"ix":4},"p":{"a":0,"k":[695.736,270.905],"ix":2},"r":{"a":0,"k":0,"ix":6},"sa":{"a":0,"k":0,"ix":5},"o":{"a":0,"k":100,"ix":7}}]},{"ty":"gr","bm":0,"cl":"","ln":"","hd":false,"mn":"ADBE Vector Group","nm":"Group 17","ix":17,"cix":2,"np":3,"it":[{"ty":"fl","bm":0,"cl":"","ln":"","hd":false,"mn":"ADBE Vector Graphic - Fill","nm":"Fill 1","c":{"a":0,"k":[1,1,0.6667],"ix":4},"r":1,"o":{"a":0,"k":100,"ix":5}},{"ty":"tr","a":{"a":0,"k":[0,0],"ix":1},"s":{"a":0,"k":[100,100],"ix":3},"sk":{"a":0,"k":0,"ix":4},"p":{"a":0,"k":[400.062,575.532],"ix":2},"r":{"a":0,"k":0,"ix":6},"sa":{"a":0,"k":0,"ix":5},"o":{"a":0,"k":100,"ix":7}}]},{"ty":"gr","bm":0,"cl":"","ln":"","hd":false,"mn":"ADBE Vector Group","nm":"Group 18","ix":18,"cix":2,"np":5,"it":[{"ty":"sh","bm":0,"cl":"","ln":"","hd":false,"mn":"ADBE Vector Shape - Group","nm":"Path 1","ix":1,"d":1,"ks":{"a":0,"k":{"c":true,"i":[[0,0],[0.135,19.389],[0,0],[51.768,-0.107],[0,0],[0,0],[0,0],[0,0],[0,0],[0,0],[0,0]],"o":[[-0.479,-19.79],[0,0],[-51.769,0.385],[0,0],[0,0],[0,0],[0,0],[0,0],[0,0],[0,0],[0,0]],"v":[[308.872,29.172],[307.777,-29.355],[310.373,-26.759],[155.068,-26.116],[-0.24,-26.155],[-310.852,-27.231],[-308.728,-29.355],[-308.936,30.674],[-310.852,28.758],[-0.607,29.787],[154.409,29.705]]},"ix":2}},{"ty":"sh","bm":0,"cl":"","ln":"","hd":false,"mn":"ADBE Vector Shape - Group","nm":"Path 2","ix":2,"d":1,"ks":{"a":0,"k":{"c":true,"i":[[0.479,-20.23],[0,0],[0,0],[0,0],[0.003,1.055],[0,0],[-1.17,0.004],[0,0],[0,0],[0,0],[-51.769,-0.385],[0,0],[0.011,-1.425]],"o":[[0,0],[0,0],[0,0],[-1.054,0.003],[0,0],[-0.004,-1.169],[0,0],[0,0],[0,0],[51.768,0.105],[0,0],[1.425,0.011],[-0.134,20.631]],"v":[[311.875,32.176],[155.726,31.644],[0.129,31.561],[-310.852,32.591],[-312.768,30.674],[-312.977,-29.355],[-310.866,-31.479],[-310.852,-31.48],[-0.24,-32.556],[155.068,-32.594],[310.373,-31.952],[310.409,-31.952],[312.969,-29.355]]},"ix":2}},{"ty":"mm","bm":0,"cl":"","ln":"","hd":false,"mn":"ADBE Vector Filter - Merge","nm":"Merge Paths 1","mm":1},{"ty":"mm","bm":0,"cl":"","ln":"","hd":false,"mn":"ADBE Vector Filter - Merge","nm":"Merge Paths 2","mm":4},{"ty":"fl","bm":0,"cl":"","ln":"","hd":false,"mn":"ADBE Vector Graphic - Fill","nm":"Fill 1","c":{"a":0,"k":[0,0.0863,0.2196],"ix":4},"r":1,"o":{"a":0,"k":100,"ix":5}},{"ty":"tr","a":{"a":0,"k":[0,0],"ix":1},"s":{"a":0,"k":[100,100],"ix":3},"sk":{"a":0,"k":0,"ix":4},"p":{"a":0,"k":[400.301,586.438],"ix":2},"r":{"a":0,"k":0,"ix":6},"sa":{"a":0,"k":0,"ix":5},"o":{"a":0,"k":100,"ix":7}}]},{"ty":"gr","bm":0,"cl":"","ln":"","hd":false,"mn":"ADBE Vector Group","nm":"Group 19","ix":19,"cix":2,"np":3,"it":[{"ty":"fl","bm":0,"cl":"","ln":"","hd":false,"mn":"ADBE Vector Graphic - Fill","nm":"Fill 1","c":{"a":0,"k":[1,1,1],"ix":4},"r":1,"o":{"a":0,"k":100,"ix":5}},{"ty":"tr","a":{"a":0,"k":[0,0],"ix":1},"s":{"a":0,"k":[100,100],"ix":3},"sk":{"a":0,"k":0,"ix":4},"p":{"a":0,"k":[400.062,587.098],"ix":2},"r":{"a":0,"k":0,"ix":6},"sa":{"a":0,"k":0,"ix":5},"o":{"a":0,"k":100,"ix":7}}]},{"ty":"gr","bm":0,"cl":"","ln":"","hd":false,"mn":"ADBE Vector Group","nm":"Group 20","ix":20,"cix":2,"np":5,"it":[{"ty":"sh","bm":0,"cl":"","ln":"","hd":false,"mn":"ADBE Vector Shape - Group","nm":"Path 1","ix":1,"d":1,"ks":{"a":0,"k":{"c":true,"i":[[0,0],[0.135,19.389],[0,0],[51.768,-0.107],[0,0],[0,0],[0,0],[0,0],[0,0],[0,0],[0,0]],"o":[[-0.479,-19.79],[0,0],[-51.769,0.385],[0,0],[0,0],[0,0],[0,0],[0,0],[0,0],[0,0],[0,0]],"v":[[308.872,29.172],[307.777,-29.355],[310.373,-26.759],[155.068,-26.116],[-0.24,-26.155],[-310.852,-27.231],[-308.728,-29.355],[-308.936,30.674],[-310.852,28.758],[-0.607,29.787],[154.409,29.705]]},"ix":2}},{"ty":"sh","bm":0,"cl":"","ln":"","hd":false,"mn":"ADBE Vector Shape - Group","nm":"Path 2","ix":2,"d":1,"ks":{"a":0,"k":{"c":true,"i":[[0.479,-20.23],[0,0],[0,0],[0,0],[0.003,1.055],[0,0],[-1.17,0.004],[0,0],[0,0],[0,0],[-51.769,-0.385],[0,0],[0.011,-1.425]],"o":[[0,0],[0,0],[0,0],[-1.054,0.003],[0,0],[-0.004,-1.169],[0,0],[0,0],[0,0],[51.768,0.105],[0,0],[1.425,0.011],[-0.134,20.631]],"v":[[311.875,32.176],[155.726,31.644],[0.129,31.561],[-310.852,32.591],[-312.768,30.674],[-312.977,-29.355],[-310.866,-31.479],[-310.852,-31.48],[-0.24,-32.556],[155.068,-32.594],[310.373,-31.952],[310.409,-31.952],[312.969,-29.355]]},"ix":2}},{"ty":"mm","bm":0,"cl":"","ln":"","hd":false,"mn":"ADBE Vector Filter - Merge","nm":"Merge Paths 1","mm":1},{"ty":"mm","bm":0,"cl":"","ln":"","hd":false,"mn":"ADBE Vector Filter - Merge","nm":"Merge Paths 2","mm":4},{"ty":"fl","bm":0,"cl":"","ln":"","hd":false,"mn":"ADBE Vector Graphic - Fill","nm":"Fill 1","c":{"a":0,"k":[0,0.0863,0.2196],"ix":4},"r":1,"o":{"a":0,"k":100,"ix":5}},{"ty":"tr","a":{"a":0,"k":[0,0],"ix":1},"s":{"a":0,"k":[100,100],"ix":3},"sk":{"a":0,"k":0,"ix":4},"p":{"a":0,"k":[400.301,586.438],"ix":2},"r":{"a":0,"k":0,"ix":6},"sa":{"a":0,"k":0,"ix":5},"o":{"a":0,"k":100,"ix":7}}]},{"ty":"gr","bm":0,"cl":"","ln":"","hd":false,"mn":"ADBE Vector Group","nm":"Group 21","ix":21,"cix":2,"np":5,"it":[{"ty":"sh","bm":0,"cl":"","ln":"","hd":false,"mn":"ADBE Vector Shape - Group","nm":"Path 1","ix":1,"d":1,"ks":{"a":0,"k":{"c":true,"i":[[0,0],[-4.937,3.612],[-1.945,5.761],[-0.027,3.062],[0,0],[0,0],[0,0],[0,0],[0,0],[0,0],[0.598,3.036],[1.476,2.706],[5.625,2.551],[3.075,0.318],[1.733,0.029],[0,0],[0,0],[0,0],[0,0],[5.007,-3.667],[1.97,-5.846],[0.025,-3.104],[0,0],[0,0],[0,0],[0,0],[0,0],[0,0],[-0.603,-3.05],[-1.484,-2.717],[-5.649,-2.558],[-3.087,-0.316],[-1.732,-0.03],[0,0],[0,0],[0,0]],"o":[[6.104,-0.05],[4.982,-3.523],[0.93,-2.895],[0,0],[0,0],[0,0],[0,0],[0,0],[0,0],[0.008,-3.574],[-0.637,-3.014],[-3.041,-5.341],[-2.793,-1.277],[-1.568,-0.206],[0,0],[0,0],[0,0],[0,0],[-6.196,0.053],[-5.053,3.579],[-0.942,2.938],[0,0],[0,0],[0,0],[0,0],[0,0],[0,0],[-0.006,3.568],[0.642,3.028],[3.057,5.362],[2.805,1.28],[1.572,0.207],[0,0],[0,0],[0,0],[0,0]],"v":[[363.286,272.84],[380.395,267.311],[391.094,252.849],[392.625,243.87],[392.651,233.616],[392.664,213.02],[392.716,130.636],[392.819,-34.132],[392.922,-198.901],[392.948,-240.093],[392.377,-249.694],[389.197,-258.328],[375.881,-270.736],[367.046,-273.313],[362.33,-273.582],[357.182,-273.585],[336.585,-273.598],[295.393,-273.624],[-363.681,-273.659],[-381.044,-268.036],[-391.891,-253.356],[-393.437,-244.247],[-393.458,-233.989],[-393.459,-213.392],[-393.463,-131.009],[-393.472,33.76],[-393.481,198.529],[-393.483,239.721],[-392.903,249.348],[-389.703,258.019],[-376.325,270.47],[-367.454,273.05],[-362.725,273.319],[-357.576,273.319],[-336.98,273.319],[-295.788,273.321]]},"ix":2}},{"ty":"sh","bm":0,"cl":"","ln":"","hd":false,"mn":"ADBE Vector Shape - Group","nm":"Path 2","ix":2,"d":1,"ks":{"a":0,"k":{"c":true,"i":[[3.815,-0.058],[0,0],[0,0],[0,0],[0,0],[1.824,0.249],[3.415,1.568],[3.715,6.54],[0.774,3.692],[-0.008,3.287],[0,0],[0,0],[0,0],[0,0],[0,0],[0,0],[-1.16,3.586],[-6.152,4.368],[-3.602,1.147],[-3.769,0.056],[0,0],[0,0],[0,0],[0,0],[-1.828,-0.249],[-3.427,-1.571],[-3.732,-6.562],[-0.779,-3.706],[0.005,-3.282],[0,0],[0,0],[0,0],[0,0],[0,0],[0,0],[1.172,-3.628],[6.223,-4.424],[3.646,-1.164]],"o":[[0,0],[0,0],[0,0],[0,0],[-1.695,-0.025],[-3.754,-0.4],[-6.877,-3.134],[-1.814,-3.306],[-0.747,-3.706],[0,0],[0,0],[0,0],[0,0],[0,0],[0,0],[0.032,-3.772],[2.405,-7.15],[3.07,-2.179],[3.606,-1.126],[0,0],[0,0],[0,0],[0,0],[1.694,0.024],[3.766,0.4],[6.901,3.141],[1.823,3.316],[0.752,3.718],[0,0],[0,0],[0,0],[0,0],[0,0],[0,0],[-0.03,3.813],[-2.43,7.236],[-3.106,2.207],[-3.649,1.141]],"v":[[363.286,280.275],[-295.788,279.793],[-336.98,279.795],[-357.576,279.796],[-362.725,279.797],[-368.267,279.478],[-379.08,276.334],[-395.361,261.181],[-399.262,250.611],[-399.966,239.721],[-399.969,198.529],[-399.977,33.76],[-399.986,-131.009],[-399.99,-213.392],[-399.991,-233.989],[-399.971,-244.325],[-398.087,-255.435],[-384.865,-273.34],[-374.816,-278.443],[-363.681,-280.199],[295.393,-280.233],[336.585,-280.259],[357.182,-280.272],[362.33,-280.275],[367.886,-279.959],[378.735,-276.811],[395.078,-261.615],[398.999,-251.008],[399.712,-240.093],[399.738,-198.901],[399.841,-34.132],[399.944,130.636],[399.996,213.02],[400.009,233.616],[399.994,243.959],[398.094,255.197],[384.725,273.322],[374.556,278.492]]},"ix":2}},{"ty":"mm","bm":0,"cl":"","ln":"","hd":false,"mn":"ADBE Vector Filter - Merge","nm":"Merge Paths 1","mm":1},{"ty":"mm","bm":0,"cl":"","ln":"","hd":false,"mn":"ADBE Vector Filter - Merge","nm":"Merge Paths 2","mm":4},{"ty":"fl","bm":0,"cl":"","ln":"","hd":false,"mn":"ADBE Vector Graphic - Fill","nm":"Fill 1","c":{"a":0,"k":[0,0.0863,0.2196],"ix":4},"r":1,"o":{"a":0,"k":100,"ix":5}},{"ty":"tr","a":{"a":0,"k":[0,0],"ix":1},"s":{"a":0,"k":[100,100],"ix":3},"sk":{"a":0,"k":0,"ix":4},"p":{"a":0,"k":[400.259,280.525],"ix":2},"r":{"a":0,"k":0,"ix":6},"sa":{"a":0,"k":0,"ix":5},"o":{"a":0,"k":100,"ix":7}}]},{"ty":"gr","bm":0,"cl":"","ln":"","hd":false,"mn":"ADBE Vector Group","nm":"Group 22","ix":22,"cix":2,"np":3,"it":[{"ty":"sh","bm":0,"cl":"","ln":"","hd":false,"mn":"ADBE Vector Shape - Group","nm":"Path 1","ix":1,"d":1,"ks":{"a":0,"k":{"c":true,"i":[[18.25,0],[0,0],[0,18.25],[0,0],[-18.249,0],[0,0],[0,-18.25],[0,0]],"o":[[0,0],[-18.249,0],[0,0],[0,-18.25],[0,0],[18.25,0],[0,0],[0,18.25]],"v":[[363.484,276.743],[-363.483,276.743],[-396.527,243.699],[-396.527,-243.699],[-363.483,-276.743],[363.484,-276.743],[396.527,-243.699],[396.527,243.699]]},"ix":2}},{"ty":"mm","bm":0,"cl":"","ln":"","hd":false,"mn":"ADBE Vector Filter - Merge","nm":"Merge Paths 1","mm":4},{"ty":"fl","bm":0,"cl":"","ln":"","hd":false,"mn":"ADBE Vector Graphic - Fill","nm":"Fill 1","c":{"a":0,"k":[1,1,1],"ix":4},"r":1,"o":{"a":0,"k":100,"ix":5}},{"ty":"tr","a":{"a":0,"k":[0,0],"ix":1},"s":{"a":0,"k":[100,100],"ix":3},"sk":{"a":0,"k":0,"ix":4},"p":{"a":0,"k":[400.061,280.34],"ix":2},"r":{"a":0,"k":0,"ix":6},"sa":{"a":0,"k":0,"ix":5},"o":{"a":0,"k":100,"ix":7}}]}],"ind":4}],"ddd":0,"h":1080,"w":1080,"meta":{"a":"","k":"","d":"","g":"@lottiefiles/toolkit-js 0.21.1","tc":"#ffffff"},"v":"5.7.4","fr":60,"op":60,"ip":0,"assets":[]}