{"nm":"Popcorn","mn":"","layers":[{"ty":4,"nm":"Container","mn":"","sr":1,"st":0,"op":480,"ip":0,"hd":false,"cl":"","ln":"","ddd":0,"bm":0,"tt":0,"hasMask":false,"td":0,"ao":0,"ks":{"a":{"a":0,"k":[214.472,241.501,0],"ix":1},"s":{"a":1,"k":[{"o":{"x":0.3,"y":0},"i":{"x":0,"y":1},"s":[0,0,100],"t":0},{"o":{"x":0.167,"y":0.167},"i":{"x":0.833,"y":0.833},"s":[100,100,100],"t":30}],"ix":6},"sk":{"a":0,"k":0},"p":{"a":0,"k":[549.864,668.598,0],"ix":2},"sa":{"a":0,"k":0},"o":{"a":0,"k":100,"ix":11},"r":{"a":1,"k":[{"o":{"x":0.333,"y":0},"i":{"x":0.667,"y":1},"s":[0],"t":0},{"o":{"x":0.333,"y":0},"i":{"x":0.667,"y":1},"s":[10],"t":30},{"o":{"x":0.333,"y":0},"i":{"x":0.667,"y":1},"s":[-10],"t":60},{"o":{"x":0.333,"y":0},"i":{"x":0.667,"y":1},"s":[10],"t":90},{"o":{"x":0.333,"y":0},"i":{"x":0.833,"y":1},"s":[-10],"t":120},{"o":{"x":0.167,"y":0.167},"i":{"x":0.833,"y":0.833},"s":[0],"t":150}],"ix":10}},"ef":[],"shapes":[{"ty":"gr","bm":0,"cl":"","ln":"","hd":false,"mn":"ADBE Vector Group","nm":"Group 1","ix":1,"cix":2,"np":3,"it":[{"ty":"sh","bm":0,"cl":"","ln":"","hd":false,"mn":"ADBE Vector Shape - Group","nm":"Path 1","ix":1,"d":1,"ks":{"a":0,"k":{"c":true,"i":[[4.614,-2.523],[0,0],[7.469,7.469],[8.93,1.328],[-2.091,0],[-7.535,-7.502],[-1.461,-8.664]],"o":[[0,0],[0,-11.419],[-6.141,-6.108],[2.025,-0.298],[11.452,0],[5.942,5.942],[-3.585,3.818]],"v":[[11.154,22.041],[11.652,19.319],[-0.464,-9.926],[-23.535,-21.577],[-17.327,-22.041],[11.984,-9.926],[23.536,12.415]]},"ix":2}},{"ty":"mm","bm":0,"cl":"","ln":"","hd":false,"mn":"ADBE Vector Filter - Merge","nm":"Merge Paths 1","mm":4},{"ty":"fl","bm":0,"cl":"","ln":"","hd":false,"mn":"ADBE Vector Graphic - Fill","nm":"Fill 1","c":{"a":0,"k":[0,0.0863,0.2196],"ix":4},"r":1,"o":{"a":0,"k":100,"ix":5}},{"ty":"tr","a":{"a":0,"k":[0,0],"ix":1},"s":{"a":0,"k":[100,100],"ix":3},"sk":{"a":0,"k":0,"ix":4},"p":{"a":0,"k":[405.408,26.06],"ix":2},"r":{"a":0,"k":0,"ix":6},"sa":{"a":0,"k":0,"ix":5},"o":{"a":0,"k":100,"ix":7}}]},{"ty":"gr","bm":0,"cl":"","ln":"","hd":false,"mn":"ADBE Vector Group","nm":"Group 2","ix":2,"cix":2,"np":3,"it":[{"ty":"sh","bm":0,"cl":"","ln":"","hd":false,"mn":"ADBE Vector Shape - Group","nm":"Path 1","ix":1,"d":1,"ks":{"a":0,"k":{"c":true,"i":[[-1.66,-2.689],[0,-7.999],[7.536,7.469],[8.896,1.361],[-2.092,0],[-7.468,-7.502]],"o":[[-3.95,6.307],[0,-11.419],[-6.074,-6.107],[1.991,-0.298],[11.419,0],[2.258,2.258]],"v":[[20.647,-1.129],[14.439,20.68],[2.29,-8.565],[-20.647,-20.216],[-14.506,-20.681],[14.738,-8.565]]},"ix":2}},{"ty":"mm","bm":0,"cl":"","ln":"","hd":false,"mn":"ADBE Vector Filter - Merge","nm":"Merge Paths 1","mm":4},{"ty":"fl","bm":0,"cl":"","ln":"","hd":false,"mn":"ADBE Vector Graphic - Fill","nm":"Fill 1","c":{"a":0,"k":[0,0.0863,0.2196],"ix":4},"r":1,"o":{"a":0,"k":100,"ix":5}},{"ty":"tr","a":{"a":0,"k":[0,0],"ix":1},"s":{"a":0,"k":[100,100],"ix":3},"sk":{"a":0,"k":0,"ix":4},"p":{"a":0,"k":[319.831,24.699],"ix":2},"r":{"a":0,"k":0,"ix":6},"sa":{"a":0,"k":0,"ix":5},"o":{"a":0,"k":100,"ix":7}}]},{"ty":"gr","bm":0,"cl":"","ln":"","hd":false,"mn":"ADBE Vector Group","nm":"Group 3","ix":3,"cix":2,"np":3,"it":[{"ty":"sh","bm":0,"cl":"","ln":"","hd":false,"mn":"ADBE Vector Shape - Group","nm":"Path 1","ix":1,"d":1,"ks":{"a":0,"k":{"c":true,"i":[[-1.693,-2.689],[0.265,-7.403],[0,-0.53],[0.033,0.531],[7.17,7.138],[8.897,1.361],[-2.091,0],[-7.469,-7.502]],"o":[[-3.685,5.908],[-0.067,0.531],[0,-0.53],[-0.398,-10.789],[-6.075,-6.107],[1.992,-0.299],[11.419,0],[2.258,2.225]],"v":[[20.647,-1.162],[14.473,19.054],[14.406,20.68],[14.373,19.087],[2.29,-8.565],[-20.648,-20.216],[-14.507,-20.681],[14.738,-8.565]]},"ix":2}},{"ty":"mm","bm":0,"cl":"","ln":"","hd":false,"mn":"ADBE Vector Filter - Merge","nm":"Merge Paths 1","mm":4},{"ty":"fl","bm":0,"cl":"","ln":"","hd":false,"mn":"ADBE Vector Graphic - Fill","nm":"Fill 1","c":{"a":0,"k":[0,0.0863,0.2196],"ix":4},"r":1,"o":{"a":0,"k":100,"ix":5}},{"ty":"tr","a":{"a":0,"k":[0,0],"ix":1},"s":{"a":0,"k":[100,100],"ix":3},"sk":{"a":0,"k":0,"ix":4},"p":{"a":0,"k":[237.043,24.699],"ix":2},"r":{"a":0,"k":0,"ix":6},"sa":{"a":0,"k":0,"ix":5},"o":{"a":0,"k":100,"ix":7}}]},{"ty":"gr","bm":0,"cl":"","ln":"","hd":false,"mn":"ADBE Vector Group","nm":"Group 4","ix":4,"cix":2,"np":3,"it":[{"ty":"sh","bm":0,"cl":"","ln":"","hd":false,"mn":"ADBE Vector Shape - Group","nm":"Path 1","ix":1,"d":1,"ks":{"a":0,"k":{"c":true,"i":[[7.369,7.37],[8.896,1.361],[-2.092,0],[-7.535,-7.502],[-1.66,-2.689],[0.067,-7.867]],"o":[[-6.108,-6.107],[1.992,-0.299],[11.452,0],[2.224,2.224],[-3.851,6.207],[-0.133,-11.253]],"v":[[2.324,-8.349],[-20.647,-20],[-14.539,-20.465],[14.772,-8.349],[20.648,-0.946],[14.44,20.464]]},"ix":2}},{"ty":"mm","bm":0,"cl":"","ln":"","hd":false,"mn":"ADBE Vector Filter - Merge","nm":"Merge Paths 1","mm":4},{"ty":"fl","bm":0,"cl":"","ln":"","hd":false,"mn":"ADBE Vector Graphic - Fill","nm":"Fill 1","c":{"a":0,"k":[0,0.0863,0.2196],"ix":4},"r":1,"o":{"a":0,"k":100,"ix":5}},{"ty":"tr","a":{"a":0,"k":[0,0],"ix":1},"s":{"a":0,"k":[100,100],"ix":3},"sk":{"a":0,"k":0,"ix":4},"p":{"a":0,"k":[154.254,24.483],"ix":2},"r":{"a":0,"k":0,"ix":6},"sa":{"a":0,"k":0,"ix":5},"o":{"a":0,"k":100,"ix":7}}]},{"ty":"gr","bm":0,"cl":"","ln":"","hd":false,"mn":"ADBE Vector Group","nm":"Group 5","ix":5,"cix":2,"np":3,"it":[{"ty":"sh","bm":0,"cl":"","ln":"","hd":false,"mn":"ADBE Vector Shape - Group","nm":"Path 1","ix":1,"d":1,"ks":{"a":0,"k":{"c":true,"i":[[6.706,6.672],[8.929,1.328],[-2.125,0],[-7.469,-7.502],[-1.66,-2.689],[0.598,-6.606],[0,-1.261],[0.1,1.194]],"o":[[-6.075,-6.107],[2.025,-0.299],[11.419,0],[2.258,2.258],[-3.319,5.312],[-0.099,1.194],[0,-1.261],[-0.896,-9.992]],"v":[[2.34,-8.565],[-20.697,-20.216],[-14.456,-20.681],[14.788,-8.565],[20.697,-1.096],[14.655,16.996],[14.489,20.68],[14.323,16.996]]},"ix":2}},{"ty":"mm","bm":0,"cl":"","ln":"","hd":false,"mn":"ADBE Vector Filter - Merge","nm":"Merge Paths 1","mm":4},{"ty":"fl","bm":0,"cl":"","ln":"","hd":false,"mn":"ADBE Vector Graphic - Fill","nm":"Fill 1","c":{"a":0,"k":[0,0.0863,0.2196],"ix":4},"r":1,"o":{"a":0,"k":100,"ix":5}},{"ty":"tr","a":{"a":0,"k":[0,0],"ix":1},"s":{"a":0,"k":[100,100],"ix":3},"sk":{"a":0,"k":0,"ix":4},"p":{"a":0,"k":[71.416,24.699],"ix":2},"r":{"a":0,"k":0,"ix":6},"sa":{"a":0,"k":0,"ix":5},"o":{"a":0,"k":100,"ix":7}}]},{"ty":"gr","bm":0,"cl":"","ln":"","hd":false,"mn":"ADBE Vector Group","nm":"Group 6","ix":6,"cix":2,"np":3,"it":[{"ty":"sh","bm":0,"cl":"","ln":"","hd":false,"mn":"ADBE Vector Shape - Group","nm":"Path 1","ix":1,"d":1,"ks":{"a":0,"k":{"c":true,"i":[[-0.278,0.29],[0,0],[-1.323,-1.27],[1.27,-1.323],[0.029,-0.028],[0,0],[0.289,0.301]],"o":[[0,0],[1.27,-1.323],[1.323,1.27],[-0.029,0.029],[0,0],[-0.3,0.288],[-0.281,-0.293]],"v":[[-46.573,45.503],[40.794,-45.492],[45.488,-45.588],[45.584,-40.893],[45.488,-40.798],[-45.507,46.57],[-46.573,46.548]]},"ix":2}},{"ty":"mm","bm":0,"cl":"","ln":"","hd":false,"mn":"ADBE Vector Filter - Merge","nm":"Merge Paths 1","mm":4},{"ty":"fl","bm":0,"cl":"","ln":"","hd":false,"mn":"ADBE Vector Graphic - Fill","nm":"Fill 1","c":{"a":0,"k":[0,0.0863,0.2196],"ix":4},"r":1,"o":{"a":0,"k":100,"ix":5}},{"ty":"tr","a":{"a":0,"k":[0,0],"ix":1},"s":{"a":0,"k":[100,100],"ix":3},"sk":{"a":0,"k":0,"ix":4},"p":{"a":0,"k":[211.668,215.217],"ix":2},"r":{"a":0,"k":0,"ix":6},"sa":{"a":0,"k":0,"ix":5},"o":{"a":0,"k":100,"ix":7}}]},{"ty":"gr","bm":0,"cl":"","ln":"","hd":false,"mn":"ADBE Vector Group","nm":"Group 7","ix":7,"cix":2,"np":5,"it":[{"ty":"sh","bm":0,"cl":"","ln":"","hd":false,"mn":"ADBE Vector Shape - Group","nm":"Path 1","ix":1,"d":1,"ks":{"a":0,"k":{"c":true,"i":[[-26.373,0.239],[-23.41,11.737],[-8.517,9.593],[0.052,12.452],[8.556,9.495],[11.671,5.834],[26.369,0.292],[23.895,-11.44],[8.886,-9.749],[0.013,-13.209],[-8.841,-9.666],[-11.833,-5.82]],"o":[[26.366,-0.318],[11.616,-5.91],[8.56,-9.427],[0.123,-12.476],[-8.569,-9.598],[-23.447,-11.676],[-26.362,-0.187],[-11.864,5.773],[-8.862,9.622],[-0.01,13.197],[8.893,9.779],[23.938,11.38]],"v":[[-1.156,74.224],[75.162,56.81],[106.199,33.787],[120.662,-0.046],[106.314,-33.98],[75.149,-56.906],[-1.192,-74.308],[-78.201,-58.257],[-110.124,-35.254],[-125.38,-0.012],[-110.221,35.335],[-78.21,58.31]]},"ix":2}},{"ty":"sh","bm":0,"cl":"","ln":"","hd":false,"mn":"ADBE Vector Shape - Group","nm":"Path 2","ix":2,"d":1,"ks":{"a":0,"k":{"c":true,"i":[[26.943,0.22],[24.158,12.1],[9.022,10.119],[-0.044,13.789],[-2.798,6.212],[-4.487,5.064],[-12.037,6.019],[-26.943,0.318],[-13.255,-2.682],[-12.276,-5.95],[-9.378,-10.267],[-2.925,-6.458],[-0.09,-7.167],[9.301,-10.18],[12.218,-5.995]],"o":[[-26.936,-0.317],[-11.979,-6.12],[-9.038,-9.925],[0.017,-6.818],[2.743,-6.241],[9.042,-10.131],[24.189,-12.042],[13.487,-0.136],[13.27,2.669],[12.228,5.957],[4.651,5.137],[2.976,6.425],[0.02,14.535],[-9.373,10.326],[-24.692,11.73]],"v":[[-1.156,78.492],[-79.365,60.649],[-111.701,36.669],[-127.277,-0.011],[-123.002,-19.856],[-111.852,-36.809],[-79.417,-60.726],[-1.192,-78.576],[39.107,-74.81],[77.706,-62.094],[110.928,-38.139],[122.613,-20.774],[127.301,-0.049],[111.063,38.161],[77.785,62.126]]},"ix":2}},{"ty":"mm","bm":0,"cl":"","ln":"","hd":false,"mn":"ADBE Vector Filter - Merge","nm":"Merge Paths 1","mm":1},{"ty":"mm","bm":0,"cl":"","ln":"","hd":false,"mn":"ADBE Vector Filter - Merge","nm":"Merge Paths 2","mm":4},{"ty":"fl","bm":0,"cl":"","ln":"","hd":false,"mn":"ADBE Vector Graphic - Fill","nm":"Fill 1","c":{"a":0,"k":[0,0.0863,0.2196],"ix":4},"r":1,"o":{"a":0,"k":100,"ix":5}},{"ty":"tr","a":{"a":0,"k":[0,0],"ix":1},"s":{"a":0,"k":[100,100],"ix":3},"sk":{"a":0,"k":0,"ix":4},"p":{"a":0,"k":[211.245,216.688],"ix":2},"r":{"a":0,"k":0,"ix":6},"sa":{"a":0,"k":0,"ix":5},"o":{"a":0,"k":100,"ix":7}}]},{"ty":"gr","bm":0,"cl":"","ln":"","hd":false,"mn":"ADBE Vector Group","nm":"Group 8","ix":8,"cix":2,"np":3,"it":[{"ty":"sh","bm":0,"cl":"","ln":"","hd":false,"mn":"ADBE Vector Shape - Group","nm":"Path 1","ix":1,"d":1,"ks":{"a":0,"k":{"c":true,"i":[[9.084,0],[8.672,1.204],[17.635,11.725],[0,18.799],[-10.956,9.24],[-26.421,4.697],[-11.73,0],[-10.991,-2.014],[-16.675,-14.032],[0,-19.933],[21.613,-14.429],[24.737,-3.384]],"o":[[-9.129,0],[-24.785,-3.396],[-21.615,-14.382],[0,-19.938],[16.621,-13.99],[11.128,-2.032],[11.74,0],[26.519,4.708],[10.923,9.215],[0,18.767],[-17.653,11.707],[-8.712,1.211]],"v":[[0.017,76.4],[-26.81,74.586],[-91.634,51.474],[-125.156,0.017],[-101.14,-44.362],[-34.382,-73.347],[0.017,-76.4],[34.273,-73.365],[101.192,-44.315],[125.156,0.017],[91.64,51.494],[26.815,74.579]]},"ix":2}},{"ty":"mm","bm":0,"cl":"","ln":"","hd":false,"mn":"ADBE Vector Filter - Merge","nm":"Merge Paths 1","mm":4},{"ty":"fl","bm":0,"cl":"","ln":"","hd":false,"mn":"ADBE Vector Graphic - Fill","nm":"Fill 1","c":{"a":0,"k":[1,1,1],"ix":4},"r":1,"o":{"a":0,"k":100,"ix":5}},{"ty":"tr","a":{"a":0,"k":[0,0],"ix":1},"s":{"a":0,"k":[100,100],"ix":3},"sk":{"a":0,"k":0,"ix":4},"p":{"a":0,"k":[210.071,216.646],"ix":2},"r":{"a":0,"k":0,"ix":6},"sa":{"a":0,"k":0,"ix":5},"o":{"a":0,"k":100,"ix":7}}]},{"ty":"gr","bm":0,"cl":"","ln":"","hd":false,"mn":"ADBE Vector Group","nm":"Group 9","ix":9,"cix":2,"np":5,"it":[{"ty":"sh","bm":0,"cl":"","ln":"","hd":false,"mn":"ADBE Vector Shape - Group","nm":"Path 1","ix":1,"d":1,"ks":{"a":0,"k":{"c":true,"i":[[-0.073,7.755],[9.906,11.899],[13.752,7.258],[15.224,3.789],[7.795,1.035],[7.892,0.095],[15.375,-3.568],[13.726,-7.549],[9.453,-12.211],[-0.102,-15.202],[-2.66,-7.11],[-4.7,-6.06],[-13.694,-7.422],[-15.3,-3.466],[-15.743,-0.009],[-15.38,3.376],[-13.914,7.346],[-9.713,12.275],[-2.725,7.276]],"o":[[0.034,-15.596],[-9.832,-12.079],[-13.803,-7.276],[-7.624,-1.876],[-7.812,-1.029],[-15.796,0.01],[-15.343,3.523],[-13.695,7.516],[-9.466,12.118],[0.064,7.571],[2.655,7.121],[9.475,12.128],[13.717,7.458],[15.31,3.465],[15.736,0.175],[15.377,-3.327],[13.866,-7.333],[4.786,-6.158],[2.729,-7.265]],"v":[[144.154,-0.322],[127.865,-42.903],[91.347,-71.477],[47.49,-87.824],[24.321,-92.274],[0.727,-93.833],[-46.19,-88.494],[-90.186,-72.015],[-125.906,-42.522],[-141.207,-0.341],[-137.031,21.867],[-125.696,41.674],[-89.975,70.934],[-46.059,87.192],[0.707,92.481],[47.597,87.729],[91.921,71.898],[128.283,42.593],[139.857,22.409]]},"ix":2}},{"ty":"sh","bm":0,"cl":"","ln":"","hd":false,"mn":"ADBE Vector Shape - Group","nm":"Path 2","ix":2,"d":1,"ks":{"a":0,"k":{"c":true,"i":[[0.109,-16.639],[2.852,-7.753],[4.987,-6.513],[14.244,-7.941],[32.553,-0.343],[28.909,15.828],[10.224,13.231],[2.907,7.925],[0.013,8.462],[-10.24,13.025],[-14.356,7.835],[-15.89,3.604],[-16.256,-0.038],[-15.977,-3.355],[-14.312,-8.146],[-6.258,-5.381],[-4.915,-6.651]],"o":[[-0.014,8.278],[-2.848,7.767],[-10.001,13.061],[-28.542,16.048],[-32.558,0.085],[-14.378,-7.912],[-5.07,-6.613],[-2.913,-7.909],[-0.036,-17.034],[10.249,-13.153],[14.396,-7.864],[15.861,-3.637],[16.244,-0.082],[16.01,3.339],[7.163,4.053],[6.291,5.339],[9.798,13.247]],"v":[[148.421,-0.322],[144.014,23.97],[131.929,45.42],[94.647,76.877],[0.706,100.469],[-93.751,77.814],[-131.676,46.31],[-143.985,24.475],[-148.494,-0.343],[-131.467,-46.835],[-93.506,-78.069],[-47.703,-95.094],[0.727,-100.472],[49.311,-95.758],[95.244,-78.578],[115.472,-64.432],[132.405,-46.423]]},"ix":2}},{"ty":"mm","bm":0,"cl":"","ln":"","hd":false,"mn":"ADBE Vector Filter - Merge","nm":"Merge Paths 1","mm":1},{"ty":"mm","bm":0,"cl":"","ln":"","hd":false,"mn":"ADBE Vector Filter - Merge","nm":"Merge Paths 2","mm":4},{"ty":"fl","bm":0,"cl":"","ln":"","hd":false,"mn":"ADBE Vector Graphic - Fill","nm":"Fill 1","c":{"a":0,"k":[0,0.0863,0.2196],"ix":4},"r":1,"o":{"a":0,"k":100,"ix":5}},{"ty":"tr","a":{"a":0,"k":[0,0],"ix":1},"s":{"a":0,"k":[100,100],"ix":3},"sk":{"a":0,"k":0,"ix":4},"p":{"a":0,"k":[206.266,216.985],"ix":2},"r":{"a":0,"k":0,"ix":6},"sa":{"a":0,"k":0,"ix":5},"o":{"a":0,"k":100,"ix":7}}]},{"ty":"gr","bm":0,"cl":"","ln":"","hd":false,"mn":"ADBE Vector Group","nm":"Group 10","ix":10,"cix":2,"np":3,"it":[{"ty":"sh","bm":0,"cl":"","ln":"","hd":false,"mn":"ADBE Vector Shape - Group","nm":"Path 1","ix":1,"d":1,"ks":{"a":0,"k":{"c":true,"i":[[-0.406,0.006],[0,0],[-0.027,-1.833],[1.833,-0.027],[0.028,0],[0,0],[-0.006,0.417]],"o":[[0,0],[1.834,-0.027],[0.026,1.833],[-0.028,0],[0,0],[-0.417,-0.006],[0.006,-0.409]],"v":[[-89.074,-0.741],[86.43,-3.306],[89.798,-0.035],[86.527,3.333],[86.43,3.333],[-89.074,0.768],[-89.818,0.002]]},"ix":2}},{"ty":"mm","bm":0,"cl":"","ln":"","hd":false,"mn":"ADBE Vector Filter - Merge","nm":"Merge Paths 1","mm":4},{"ty":"fl","bm":0,"cl":"","ln":"","hd":false,"mn":"ADBE Vector Graphic - Fill","nm":"Fill 1","c":{"a":0,"k":[0,0.0863,0.2196],"ix":4},"r":1,"o":{"a":0,"k":100,"ix":5}},{"ty":"tr","a":{"a":0,"k":[0,0],"ix":1},"s":{"a":0,"k":[100,100],"ix":3},"sk":{"a":0,"k":0,"ix":4},"p":{"a":0,"k":[213.201,454.945],"ix":2},"r":{"a":0,"k":0,"ix":6},"sa":{"a":0,"k":0,"ix":5},"o":{"a":0,"k":100,"ix":7}}]},{"ty":"gr","bm":0,"cl":"","ln":"","hd":false,"mn":"ADBE Vector Group","nm":"Group 11","ix":11,"cix":2,"np":5,"it":[{"ty":"sh","bm":0,"cl":"","ln":"","hd":false,"mn":"ADBE Vector Shape - Group","nm":"Path 1","ix":1,"d":1,"ks":{"a":0,"k":{"c":true,"i":[[-47.001,0.431],[-4.634,2.889],[-2.62,4.736],[0.11,5.474],[0,0],[0,0],[23.179,0.034],[23.178,0.077],[46.357,0.395],[0,0],[0,0],[-2.737,-4.918],[-11.352,0.041],[-23.501,0.093]],"o":[[5.465,-0.16],[4.693,-2.779],[2.598,-4.767],[0,0],[0,0],[-23.179,0.221],[-23.178,0.104],[-46.357,-0.163],[0,0],[0,0],[-0.089,5.633],[5.371,9.973],[23.5,0.078],[47.001,0.013]],"v":[[105.338,24.16],[120.909,19.727],[132.077,8.134],[135.844,-7.461],[135.659,-25.024],[138.533,-22.151],[68.997,-21.727],[-0.538,-21.986],[-139.609,-23.222],[-137.806,-25.024],[-137.982,-7.399],[-134.008,8.752],[-106.165,25.053],[-35.664,25.325]]},"ix":2}},{"ty":"sh","bm":0,"cl":"","ln":"","hd":false,"mn":"ADBE Vector Shape - Group","nm":"Path 2","ix":2,"d":1,"ks":{"a":0,"k":{"c":true,"i":[[6.204,-0.034],[47.001,-0.013],[23.5,-0.079],[6.036,10.759],[0.017,6.104],[0,0],[-0.986,0.01],[0,0],[0,0],[-46.357,0.163],[-23.178,-0.105],[-23.179,-0.221],[0,0],[0.015,-1.571],[0,0],[0,0],[3.142,-5.434],[5.462,-3.088]],"o":[[-47.001,-0.432],[-23.501,-0.093],[-12.205,0.195],[-3.095,-5.283],[0,0],[-0.01,-0.987],[0,0],[0,0],[46.357,-0.395],[23.178,-0.077],[23.179,-0.035],[0,0],[1.571,0.015],[0,0],[0,0],[0.004,6.228],[-3.163,5.447],[-5.4,3.198]],"v":[[105.338,28.428],[-35.664,27.263],[-106.165,27.535],[-136.532,10.187],[-141.237,-7.399],[-141.412,-25.024],[-139.645,-26.828],[-139.642,-26.828],[-139.609,-26.828],[-0.538,-28.064],[68.997,-28.322],[138.533,-27.899],[138.59,-27.898],[141.407,-25.027],[141.407,-25.024],[141.222,-7.461],[136.44,10.593],[123.254,23.729]]},"ix":2}},{"ty":"mm","bm":0,"cl":"","ln":"","hd":false,"mn":"ADBE Vector Filter - Merge","nm":"Merge Paths 1","mm":1},{"ty":"mm","bm":0,"cl":"","ln":"","hd":false,"mn":"ADBE Vector Filter - Merge","nm":"Merge Paths 2","mm":4},{"ty":"fl","bm":0,"cl":"","ln":"","hd":false,"mn":"ADBE Vector Graphic - Fill","nm":"Fill 1","c":{"a":0,"k":[0,0.0863,0.2196],"ix":4},"r":1,"o":{"a":0,"k":100,"ix":5}},{"ty":"tr","a":{"a":0,"k":[0,0],"ix":1},"s":{"a":0,"k":[100,100],"ix":3},"sk":{"a":0,"k":0,"ix":4},"p":{"a":0,"k":[209.329,454.324],"ix":2},"r":{"a":0,"k":0,"ix":6},"sa":{"a":0,"k":0,"ix":5},"o":{"a":0,"k":100,"ix":7}}]},{"ty":"gr","bm":0,"cl":"","ln":"","hd":false,"mn":"ADBE Vector Group","nm":"Group 12","ix":12,"cix":2,"np":5,"it":[{"ty":"sh","bm":0,"cl":"","ln":"","hd":false,"mn":"ADBE Vector Shape - Group","nm":"Path 1","ix":1,"d":1,"ks":{"a":0,"k":{"c":true,"i":[[0,0],[7.197,6.954],[9.904,0.009],[7.152,-6.832],[0.398,-9.931],[0,0],[0,0],[0,0],[0,0],[0,0],[-12.971,-5.727],[-10.808,-9.201],[0,0],[-1.362,18.579]],"o":[[-0.139,-9.994],[-7.127,-7.073],[-9.892,-0.002],[-7.214,6.71],[0,0],[0,0],[0,0],[0,0],[0,0],[13.935,2.717],[12.985,5.655],[0,0],[1.804,-18.54],[0,0]],"v":[[40.845,-33.83],[29.225,-60.829],[2.338,-71.95],[-24.534,-61.44],[-36.682,-35.259],[-36.704,-34.99],[-37.722,-15.432],[-38.859,4.437],[-41.232,44.162],[-42.915,42.061],[-2.349,54.645],[33.78,76.79],[32.075,77.493],[36.821,21.815]]},"ix":2}},{"ty":"sh","bm":0,"cl":"","ln":"","hd":false,"mn":"ADBE Vector Shape - Group","nm":"Path 2","ix":2,"d":1,"ks":{"a":0,"k":{"c":true,"i":[[0.235,-11.434],[0,0],[1.489,-18.569],[0.569,0.045],[0.159,0.131],[0,0],[12.864,5.344],[13.731,2.245],[-0.029,0.992],[0,0],[0,0],[0,0],[0,0],[0,0],[-8.488,7.873],[-11.521,-0.438],[-7.794,-8.297]],"o":[[0,0],[-1.932,18.529],[-0.046,0.569],[-0.22,-0.018],[0,0],[-10.77,-8.859],[-12.911,-5.269],[-1.006,-0.165],[0,0],[0,0],[0,0],[0,0],[0,0],[0.293,-11.497],[8.397,-7.929],[11.521,0.278],[7.908,8.245]],"v":[[45.109,-33.65],[39.28,22.031],[34.146,77.677],[33.032,78.626],[32.456,78.393],[32.441,78.38],[-3.443,57.215],[-43.629,46.083],[-45.315,44.042],[-45.313,43.982],[-44.177,4.262],[-43.559,-15.591],[-42.832,-35.755],[-42.854,-35.487],[-29.073,-66.261],[2.461,-78.233],[33.022,-64.559]]},"ix":2}},{"ty":"mm","bm":0,"cl":"","ln":"","hd":false,"mn":"ADBE Vector Filter - Merge","nm":"Merge Paths 1","mm":1},{"ty":"mm","bm":0,"cl":"","ln":"","hd":false,"mn":"ADBE Vector Filter - Merge","nm":"Merge Paths 2","mm":4},{"ty":"fl","bm":0,"cl":"","ln":"","hd":false,"mn":"ADBE Vector Graphic - Fill","nm":"Fill 1","c":{"a":0,"k":[0,0.0863,0.2196],"ix":4},"r":1,"o":{"a":0,"k":100,"ix":5}},{"ty":"tr","a":{"a":0,"k":[0,0],"ix":1},"s":{"a":0,"k":[100,100],"ix":3},"sk":{"a":0,"k":0,"ix":4},"p":{"a":0,"k":[291.297,79.128],"ix":2},"r":{"a":0,"k":0,"ix":6},"sa":{"a":0,"k":0,"ix":5},"o":{"a":0,"k":100,"ix":7}}]},{"ty":"gr","bm":0,"cl":"","ln":"","hd":false,"mn":"ADBE Vector Group","nm":"Group 13","ix":13,"cix":2,"np":5,"it":[{"ty":"sh","bm":0,"cl":"","ln":"","hd":false,"mn":"ADBE Vector Shape - Group","nm":"Path 1","ix":1,"d":1,"ks":{"a":0,"k":{"c":true,"i":[[1.311,0.026],[0.516,-19.37],[1.115,-19.278],[0,0],[0,0],[0,0],[0,0],[0,0],[0,0],[-1.05,12.017],[0,0],[12.369,-4.573],[6.381,-1.708],[3.233,-0.692],[0,0]],"o":[[-0.208,19.921],[-0.738,19.293],[0,0],[0,0],[0,0],[0,0],[0,0],[0,0],[1.218,-12.002],[0,0],[-11.026,7.261],[-6.197,2.27],[-3.193,0.844],[0,0],[-1.227,0.223]],"v":[[-31.425,-45.359],[-32.606,13.37],[-35.027,71.201],[-38.207,67.877],[-5.306,68.153],[27.594,68.621],[25.165,70.845],[32.635,-1.156],[36.136,-37.177],[39.402,-73.218],[40.934,-72.307],[5.587,-54.708],[-13.321,-48.846],[-22.967,-46.564],[-27.729,-45.6]]},"ix":2}},{"ty":"sh","bm":0,"cl":"","ln":"","hd":false,"mn":"ADBE Vector Shape - Group","nm":"Path 2","ix":2,"d":1,"ks":{"a":0,"k":{"c":true,"i":[[-1.527,19.365],[-2.012,0.262],[0,0],[-3.179,0.678],[-6.17,2.059],[-10.851,7.187],[-0.303,-0.454],[0.019,-0.215],[0.914,-12.029],[0,0],[0,0],[1.227,-0.021],[0,0],[0,0],[0,0],[0.015,1.744],[0,0],[0,0],[-0.996,19.994]],"o":[[1.928,-0.512],[0,0],[3.203,-0.527],[6.367,-1.316],[12.349,-4.088],[0.455,-0.303],[0.129,0.195],[-1.082,12.015],[0,0],[0,0],[-0.092,1.247],[0,0],[0,0],[0,0],[-1.744,0.015],[0,0],[0,0],[0.62,-20.008],[1.22,-19.915]],"v":[[-34.578,-48.235],[-28.556,-49.451],[-23.637,-50.172],[-14.058,-51.958],[4.747,-57.107],[39.84,-73.955],[41.211,-73.68],[41.372,-73.044],[38.242,-36.99],[35.347,-0.915],[30.024,71.276],[27.675,73.499],[27.594,73.5],[-5.306,73.968],[-38.207,74.243],[-41.391,71.112],[-41.39,71],[-41.387,70.919],[-38.603,10.892]]},"ix":2}},{"ty":"mm","bm":0,"cl":"","ln":"","hd":false,"mn":"ADBE Vector Filter - Merge","nm":"Merge Paths 1","mm":1},{"ty":"mm","bm":0,"cl":"","ln":"","hd":false,"mn":"ADBE Vector Filter - Merge","nm":"Merge Paths 2","mm":4},{"ty":"fl","bm":0,"cl":"","ln":"","hd":false,"mn":"ADBE Vector Graphic - Fill","nm":"Fill 1","c":{"a":0,"k":[0,0.0863,0.2196],"ix":4},"r":1,"o":{"a":0,"k":100,"ix":5}},{"ty":"tr","a":{"a":0,"k":[0,0],"ix":1},"s":{"a":0,"k":[100,100],"ix":3},"sk":{"a":0,"k":0,"ix":4},"p":{"a":0,"k":[272.656,358.25],"ix":2},"r":{"a":0,"k":0,"ix":6},"sa":{"a":0,"k":0,"ix":5},"o":{"a":0,"k":100,"ix":7}}]},{"ty":"gr","bm":0,"cl":"","ln":"","hd":false,"mn":"ADBE Vector Group","nm":"Group 14","ix":14,"cix":2,"np":5,"it":[{"ty":"sh","bm":0,"cl":"","ln":"","hd":false,"mn":"ADBE Vector Shape - Group","nm":"Path 1","ix":1,"d":1,"ks":{"a":0,"k":{"c":true,"i":[[-1.427,0.042],[0,0],[0,0],[0.414,8.445],[4.67,6.485],[7.593,2.542],[7.68,-2.399],[4.934,-6.461],[0.228,-8.235],[0,0],[-1.551,-18.556],[-1.766,-18.537],[0,0],[-6.071,3.63],[-6.487,2.833],[-6.742,2.172],[-3.43,0.898],[0,0]],"o":[[0,0],[0,0],[-0.574,-8.435],[-0.001,-8.114],[-4.602,-6.508],[-7.595,-2.599],[-7.759,2.263],[-4.973,6.493],[0,0],[1.392,18.571],[1.527,18.559],[0,0],[5.423,-4.559],[6.09,-3.594],[6.47,-2.874],[3.374,-1.081],[0,0],[1.328,-0.296]],"v":[[41.655,42.853],[39.626,17.006],[37.926,-8.38],[36.605,-33.63],[29.284,-56.049],[10.301,-70.058],[-13.428,-70.235],[-33,-56.49],[-40.854,-33.625],[-40.862,-33.805],[-36.688,21.907],[-32.055,77.579],[-33.659,76.918],[-16.352,64.652],[2.483,54.902],[22.372,47.483],[32.59,44.544],[37.637,43.295]]},"ix":2}},{"ty":"sh","bm":0,"cl":"","ln":"","hd":false,"mn":"ADBE Vector Shape - Group","nm":"Path 2","ix":2,"d":1,"ks":{"a":0,"k":{"c":true,"i":[[0,0],[2.122,-0.368],[0,0],[3.366,-0.902],[6.461,-2.617],[5.982,-3.593],[5.349,-4.465],[0.35,0.41],[0.017,0.194],[1.763,18.538],[1.896,18.526],[0,0],[0,0],[-5.359,7.472],[-8.826,2.893],[-8.885,-2.855],[-5.547,-7.552],[0.014,-9.224],[-0.188,-8.872],[0,0]],"o":[[-2.022,0.623],[0,0],[-3.405,0.718],[-6.745,1.76],[-6.442,2.66],[-5.998,3.557],[-0.41,0.349],[-0.135,-0.159],[-1.523,-18.559],[-1.737,-18.541],[0,0],[0,0],[-0.048,-9.064],[5.315,-7.444],[8.785,-2.928],[8.876,2.804],[5.566,7.501],[0.338,8.861],[0,0],[0,0]],"v":[[44.986,45.521],[38.656,47.071],[33.413,48.082],[23.245,50.481],[3.444,57.164],[-15.312,66.397],[-32.398,78.414],[-33.773,78.305],[-34.003,77.752],[-39.237,22.134],[-44.93,-33.444],[-44.938,-33.588],[-44.938,-33.625],[-36.957,-59.367],[-15.189,-75.657],[12.194,-75.908],[34.609,-59.93],[43.161,-33.758],[44.129,-7.087],[44.72,19.448]]},"ix":2}},{"ty":"mm","bm":0,"cl":"","ln":"","hd":false,"mn":"ADBE Vector Filter - Merge","nm":"Merge Paths 1","mm":1},{"ty":"mm","bm":0,"cl":"","ln":"","hd":false,"mn":"ADBE Vector Filter - Merge","nm":"Merge Paths 2","mm":4},{"ty":"fl","bm":0,"cl":"","ln":"","hd":false,"mn":"ADBE Vector Graphic - Fill","nm":"Fill 1","c":{"a":0,"k":[0,0.0863,0.2196],"ix":4},"r":1,"o":{"a":0,"k":100,"ix":5}},{"ty":"tr","a":{"a":0,"k":[0,0],"ix":1},"s":{"a":0,"k":[100,100],"ix":3},"sk":{"a":0,"k":0,"ix":4},"p":{"a":0,"k":[128.798,79.013],"ix":2},"r":{"a":0,"k":0,"ix":6},"sa":{"a":0,"k":0,"ix":5},"o":{"a":0,"k":100,"ix":7}}]},{"ty":"gr","bm":0,"cl":"","ln":"","hd":false,"mn":"ADBE Vector Group","nm":"Group 15","ix":15,"cix":2,"np":3,"it":[{"ty":"sh","bm":0,"cl":"","ln":"","hd":false,"mn":"ADBE Vector Shape - Group","nm":"Path 1","ix":1,"d":1,"ks":{"a":0,"k":{"c":true,"i":[[0,-22.626],[26.3,-17.556],[28.341,-3.879],[10.139,0],[9.561,1.327],[19.7,13.1],[0,26.708],[-19.563,16.501],[-30.621,5.443],[-13.133,0],[-12.078,-2.212],[-19.121,-16.093]],"o":[[0,26.708],[-19.7,13.066],[-9.561,1.327],[-10.138,0],[-28.308,-3.879],[-26.334,-17.522],[0,-22.659],[19.122,-16.093],[12.113,-2.212],[13.134,0],[30.655,5.443],[19.563,16.501]],"v":[[145.57,0.017],[102.972,68.472],[29.583,94.807],[0.016,96.814],[-29.618,94.807],[-102.938,68.472],[-145.57,0.017],[-114.303,-59.966],[-37.954,-93.445],[0.016,-96.814],[37.953,-93.445],[114.336,-59.932]]},"ix":2}},{"ty":"mm","bm":0,"cl":"","ln":"","hd":false,"mn":"ADBE Vector Filter - Merge","nm":"Merge Paths 1","mm":4},{"ty":"fl","bm":0,"cl":"","ln":"","hd":false,"mn":"ADBE Vector Graphic - Fill","nm":"Fill 1","c":{"a":0,"k":[1,1,0.6667],"ix":4},"r":1,"o":{"a":0,"k":100,"ix":5}},{"ty":"tr","a":{"a":0,"k":[0,0],"ix":1},"s":{"a":0,"k":[100,100],"ix":3},"sk":{"a":0,"k":0,"ix":4},"p":{"a":0,"k":[206.984,216.646],"ix":2},"r":{"a":0,"k":0,"ix":6},"sa":{"a":0,"k":0,"ix":5},"o":{"a":0,"k":100,"ix":7}}]},{"ty":"gr","bm":0,"cl":"","ln":"","hd":false,"mn":"ADBE Vector Group","nm":"Group 16","ix":16,"cix":2,"np":3,"it":[{"ty":"sh","bm":0,"cl":"","ln":"","hd":false,"mn":"ADBE Vector Shape - Group","nm":"Path 1","ix":1,"d":1,"ks":{"a":0,"k":{"c":true,"i":[[18.361,0],[0,0],[0,18.361],[0,0],[0,0],[0,0]],"o":[[0,0],[-18.362,0],[0,0],[0,0],[0,0],[0,18.361]],"v":[[105.826,25.659],[-105.825,25.659],[-139.071,-7.586],[-139.071,-25.66],[139.071,-25.66],[139.071,-7.586]]},"ix":2}},{"ty":"mm","bm":0,"cl":"","ln":"","hd":false,"mn":"ADBE Vector Filter - Merge","nm":"Merge Paths 1","mm":4},{"ty":"fl","bm":0,"cl":"","ln":"","hd":false,"mn":"ADBE Vector Graphic - Fill","nm":"Fill 1","c":{"a":0,"k":[1,1,0.6667],"ix":4},"r":1,"o":{"a":0,"k":100,"ix":5}},{"ty":"tr","a":{"a":0,"k":[0,0],"ix":1},"s":{"a":0,"k":[100,100],"ix":3},"sk":{"a":0,"k":0,"ix":4},"p":{"a":0,"k":[208.792,454.958],"ix":2},"r":{"a":0,"k":0,"ix":6},"sa":{"a":0,"k":0,"ix":5},"o":{"a":0,"k":100,"ix":7}}]},{"ty":"gr","bm":0,"cl":"","ln":"","hd":false,"mn":"ADBE Vector Group","nm":"Group 17","ix":17,"cix":2,"np":5,"it":[{"ty":"sh","bm":0,"cl":"","ln":"","hd":false,"mn":"ADBE Vector Shape - Group","nm":"Path 1","ix":1,"d":1,"ks":{"a":0,"k":{"c":true,"i":[[0,0],[1.989,4.644],[3.633,3.604],[10.234,-0.086],[7.162,-7.267],[-0.073,-10.168],[0,0],[0,0],[0,0],[0,0],[0,0],[0,0],[-5.862,-12.014],[1.598,-13.309],[7.849,-10.585],[10.832,-7.25],[0,0],[0,0],[0,0],[0,0],[0,0],[0,0],[-5.523,32.02],[0,0],[0,0]],"o":[[-0.041,-4.763],[-1.978,-4.729],[-7.276,-7.241],[-10.236,0.006],[-7.213,7.218],[0,0],[0,0],[0,0],[0,0],[0,0],[0,0],[10.037,8.509],[5.925,11.949],[-1.484,13.348],[-7.872,10.641],[0,0],[0,0],[0,0],[0,0],[0,0],[0,0],[5.257,-32.067],[0,0],[0,0],[0,0]],"v":[[56.033,-171.106],[52.987,-185.911],[44.448,-198.575],[16.773,-209.898],[-10.721,-198.403],[-21.979,-170.916],[-21.987,-170.714],[-21.989,-170.692],[-26.675,-114.999],[-31.183,-59.296],[-32.349,-62.126],[-32.325,-62.104],[-7.7,-31.227],[-0.776,7.77],[-15.703,44.303],[-44.453,70.911],[-43.342,69.038],[-56.898,213.161],[-58.644,211.253],[-9.899,211.511],[-9.889,211.511],[-11.362,212.745],[4.985,116.646],[13.271,68.617],[21.83,20.635]]},"ix":2}},{"ty":"sh","bm":0,"cl":"","ln":"","hd":false,"mn":"ADBE Vector Shape - Group","nm":"Path 2","ix":2,"d":1,"ks":{"a":0,"k":{"c":true,"i":[[0.115,-11.785],[0,0],[0,0],[0,0],[6.081,-31.92],[0,0],[0.702,0.008],[0,0],[0,0],[0.005,0.964],[0,0],[0,0],[0,0],[-0.591,0.41],[0,0],[-7.294,10.089],[-1.225,12.206],[5.57,10.95],[9.526,7.991],[0,0],[0,0],[-0.09,1.001],[0,0],[0,0],[0,0],[-8.203,8.07],[-11.471,-0.091],[-8.034,-8.134]],"o":[[0,0],[0,0],[0,0],[-5.817,31.968],[0,0],[-0.136,0.713],[0,0],[0,0],[-0.964,0.005],[0,0],[0,0],[0,0],[0.064,-0.772],[0,0],[10.36,-7.094],[7.279,-10.045],[1.325,-12.192],[-5.5,-11.015],[0,0],[0,0],[-0.811,-0.715],[0,0],[0,0],[0,0],[0,-11.538],[8.138,-8.138],[11.473,-0.01],[8.095,8.17]],"v":[[60.284,-170.723],[26.427,21.454],[17.977,69.454],[9.255,117.404],[-8.417,213.267],[-8.424,213.302],[-9.889,214.502],[-9.899,214.501],[-58.644,214.76],[-60.398,213.024],[-60.393,212.873],[-60.391,212.852],[-48.362,68.592],[-47.297,66.749],[-47.25,66.719],[-20.099,41.084],[-6.596,7.135],[-13.318,-28.458],[-36.604,-57.033],[-36.626,-57.054],[-36.701,-57.12],[-37.792,-59.883],[-32.422,-115.503],[-27.255,-171.136],[-27.263,-170.916],[-14.279,-201.963],[16.776,-214.674],[47.641,-201.776]]},"ix":2}},{"ty":"mm","bm":0,"cl":"","ln":"","hd":false,"mn":"ADBE Vector Filter - Merge","nm":"Merge Paths 1","mm":1},{"ty":"mm","bm":0,"cl":"","ln":"","hd":false,"mn":"ADBE Vector Filter - Merge","nm":"Merge Paths 2","mm":4},{"ty":"fl","bm":0,"cl":"","ln":"","hd":false,"mn":"ADBE Vector Graphic - Fill","nm":"Fill 1","c":{"a":0,"k":[0,0.0863,0.2196],"ix":4},"r":1,"o":{"a":0,"k":100,"ix":5}},{"ty":"tr","a":{"a":0,"k":[0,0],"ix":1},"s":{"a":0,"k":[100,100],"ix":3},"sk":{"a":0,"k":0,"ix":4},"p":{"a":0,"k":[358.896,216.303],"ix":2},"r":{"a":0,"k":0,"ix":6},"sa":{"a":0,"k":0,"ix":5},"o":{"a":0,"k":100,"ix":7}}]},{"ty":"gr","bm":0,"cl":"","ln":"","hd":false,"mn":"ADBE Vector Group","nm":"Group 18","ix":18,"cix":2,"np":3,"it":[{"ty":"sh","bm":0,"cl":"","ln":"","hd":false,"mn":"ADBE Vector Shape - Group","nm":"Path 1","ix":1,"d":1,"ks":{"a":0,"k":{"c":true,"i":[[0,-11.432],[0,0],[0,0],[0,0],[0,0],[0,26.709],[19.563,16.501],[0,0],[0,0],[-22.864,0],[-7.52,-7.485]],"o":[[0,0],[0,0],[0,0],[0,0],[26.3,-17.556],[0,-22.625],[0,0],[0,0],[0,-22.864],[11.432,0],[7.485,7.485]],"v":[[58.402,-171.275],[57.755,-167.701],[-9.645,212.647],[-58.402,212.647],[-45.608,68.456],[-3.012,0],[-34.245,-59.949],[-24.616,-168.45],[-24.378,-171.275],[16.994,-212.647],[46.289,-200.534]]},"ix":2}},{"ty":"mm","bm":0,"cl":"","ln":"","hd":false,"mn":"ADBE Vector Filter - Merge","nm":"Merge Paths 1","mm":4},{"ty":"fl","bm":0,"cl":"","ln":"","hd":false,"mn":"ADBE Vector Graphic - Fill","nm":"Fill 1","c":{"a":0,"k":[1,1,1],"ix":4},"r":1,"o":{"a":0,"k":100,"ix":5}},{"ty":"tr","a":{"a":0,"k":[0,0],"ix":1},"s":{"a":0,"k":[100,100],"ix":3},"sk":{"a":0,"k":0,"ix":4},"p":{"a":0,"k":[358.652,216.663],"ix":2},"r":{"a":0,"k":0,"ix":6},"sa":{"a":0,"k":0,"ix":5},"o":{"a":0,"k":100,"ix":7}}]},{"ty":"gr","bm":0,"cl":"","ln":"","hd":false,"mn":"ADBE Vector Group","nm":"Group 19","ix":19,"cix":2,"np":5,"it":[{"ty":"sh","bm":0,"cl":"","ln":"","hd":false,"mn":"ADBE Vector Shape - Group","nm":"Path 1","ix":1,"d":1,"ks":{"a":0,"k":{"c":true,"i":[[0,0],[7.197,6.954],[9.904,0.009],[7.152,-6.832],[0.398,-9.931],[0,0],[0,0],[0,0],[0,0],[0,0],[-12.971,-5.727],[-10.808,-9.201],[0,0],[-1.362,18.579]],"o":[[-0.139,-9.994],[-7.127,-7.073],[-9.892,-0.002],[-7.214,6.71],[0,0],[0,0],[0,0],[0,0],[0,0],[13.935,2.717],[12.985,5.655],[0,0],[1.804,-18.54],[0,0]],"v":[[40.845,-33.83],[29.225,-60.829],[2.338,-71.95],[-24.534,-61.44],[-36.682,-35.259],[-36.704,-34.99],[-37.722,-15.432],[-38.859,4.437],[-41.232,44.162],[-42.915,42.061],[-2.349,54.645],[33.78,76.79],[32.075,77.493],[36.821,21.815]]},"ix":2}},{"ty":"sh","bm":0,"cl":"","ln":"","hd":false,"mn":"ADBE Vector Shape - Group","nm":"Path 2","ix":2,"d":1,"ks":{"a":0,"k":{"c":true,"i":[[0.235,-11.434],[0,0],[1.489,-18.569],[0.569,0.045],[0.159,0.131],[0,0],[12.864,5.344],[13.731,2.245],[-0.029,0.992],[0,0],[0,0],[0,0],[0,0],[0,0],[-8.488,7.873],[-11.521,-0.438],[-7.794,-8.297]],"o":[[0,0],[-1.932,18.529],[-0.046,0.569],[-0.22,-0.018],[0,0],[-10.77,-8.859],[-12.911,-5.269],[-1.006,-0.165],[0,0],[0,0],[0,0],[0,0],[0,0],[0.293,-11.497],[8.397,-7.929],[11.521,0.278],[7.908,8.245]],"v":[[45.109,-33.65],[39.28,22.031],[34.146,77.677],[33.032,78.626],[32.456,78.393],[32.441,78.38],[-3.443,57.215],[-43.629,46.083],[-45.315,44.042],[-45.313,43.982],[-44.177,4.262],[-43.559,-15.591],[-42.832,-35.755],[-42.854,-35.487],[-29.073,-66.261],[2.461,-78.233],[33.022,-64.559]]},"ix":2}},{"ty":"mm","bm":0,"cl":"","ln":"","hd":false,"mn":"ADBE Vector Filter - Merge","nm":"Merge Paths 1","mm":1},{"ty":"mm","bm":0,"cl":"","ln":"","hd":false,"mn":"ADBE Vector Filter - Merge","nm":"Merge Paths 2","mm":4},{"ty":"fl","bm":0,"cl":"","ln":"","hd":false,"mn":"ADBE Vector Graphic - Fill","nm":"Fill 1","c":{"a":0,"k":[0,0.0863,0.2196],"ix":4},"r":1,"o":{"a":0,"k":100,"ix":5}},{"ty":"tr","a":{"a":0,"k":[0,0],"ix":1},"s":{"a":0,"k":[100,100],"ix":3},"sk":{"a":0,"k":0,"ix":4},"p":{"a":0,"k":[291.297,79.128],"ix":2},"r":{"a":0,"k":0,"ix":6},"sa":{"a":0,"k":0,"ix":5},"o":{"a":0,"k":100,"ix":7}}]},{"ty":"gr","bm":0,"cl":"","ln":"","hd":false,"mn":"ADBE Vector Group","nm":"Group 20","ix":20,"cix":2,"np":3,"it":[{"ty":"sh","bm":0,"cl":"","ln":"","hd":false,"mn":"ADBE Vector Shape - Group","nm":"Path 1","ix":1,"d":1,"ks":{"a":0,"k":{"c":true,"i":[[0,-11.432],[0,0],[0,0],[30.656,5.444],[0,0],[-0.068,0.544],[-22.319,0],[-7.485,-7.485]],"o":[[0,0],[0,0],[-19.121,-16.093],[0,0],[0,-0.544],[0.816,-22.116],[11.432,0],[7.519,7.485]],"v":[[43.125,-34.976],[42.887,-32.152],[33.258,76.349],[-43.125,42.836],[-39.688,-34.976],[-39.62,-36.609],[1.718,-76.349],[30.979,-64.236]]},"ix":2}},{"ty":"mm","bm":0,"cl":"","ln":"","hd":false,"mn":"ADBE Vector Filter - Merge","nm":"Merge Paths 1","mm":4},{"ty":"fl","bm":0,"cl":"","ln":"","hd":false,"mn":"ADBE Vector Graphic - Fill","nm":"Fill 1","c":{"a":0,"k":[1,1,1],"ix":4},"r":1,"o":{"a":0,"k":100,"ix":5}},{"ty":"tr","a":{"a":0,"k":[0,0],"ix":1},"s":{"a":0,"k":[100,100],"ix":3},"sk":{"a":0,"k":0,"ix":4},"p":{"a":0,"k":[291.149,80.364],"ix":2},"r":{"a":0,"k":0,"ix":6},"sa":{"a":0,"k":0,"ix":5},"o":{"a":0,"k":100,"ix":7}}]},{"ty":"gr","bm":0,"cl":"","ln":"","hd":false,"mn":"ADBE Vector Group","nm":"Group 21","ix":21,"cix":2,"np":5,"it":[{"ty":"sh","bm":0,"cl":"","ln":"","hd":false,"mn":"ADBE Vector Shape - Group","nm":"Path 1","ix":1,"d":1,"ks":{"a":0,"k":{"c":true,"i":[[0,0],[4.942,6.435],[7.648,2.37],[7.582,-2.368],[3.236,-2.306],[2.35,-3.233],[1.295,-3.797],[0.133,-3.925],[0,0],[0,0],[0,0],[-12.786,-0.112],[-12.586,-2.207],[0,0],[-0.368,12.97]],"o":[[-0.169,-8.132],[-4.871,-6.512],[-7.666,-2.408],[-3.808,1.194],[-3.265,2.28],[-2.367,3.214],[-1.249,3.794],[0,0],[0,0],[0,0],[12.662,-2.043],[12.79,0.105],[0,0],[0.609,-12.963],[0,0]],"v":[[39.585,-17.553],[31.711,-40.279],[12.21,-53.939],[-11.394,-53.724],[-21.98,-48.295],[-30.513,-39.972],[-36.099,-29.403],[-38.114,-17.628],[-37.349,8.309],[-35.957,60.232],[-37.924,58.665],[0.328,55.749],[38.458,59.347],[37.307,60.262],[38.581,21.353]]},"ix":2}},{"ty":"sh","bm":0,"cl":"","ln":"","hd":false,"mn":"ADBE Vector Shape - Group","nm":"Path 2","ix":2,"d":1,"ks":{"a":0,"k":{"c":true,"i":[[0.157,-9.193],[0,0],[0.537,-12.974],[0.535,0.02],[0,0],[12.644,-0.101],[12.364,-2.52],[0.18,0.887],[0,0],[0,0],[0,0],[0,0],[-1.372,4.475],[-2.695,3.8],[-8.898,2.869],[-4.668,0.023],[-4.406,-1.509],[-5.257,-7.559]],"o":[[0,0],[-0.777,12.967],[-0.019,0.535],[0,0],[-12.438,-2.368],[-12.647,0.118],[-0.887,0.181],[0,0],[0,0],[0,0],[0,0],[0.049,-4.738],[1.418,-4.439],[5.35,-7.665],[4.467,-1.389],[4.664,0.084],[8.825,2.982],[5.331,7.545]],"v":[[43.852,-17.459],[41.419,21.447],[39.255,60.349],[38.252,61.282],[38.106,61.265],[0.328,58.127],[-37.324,61.947],[-39.257,60.669],[-39.287,60.451],[-39.291,60.379],[-42.486,8.46],[-44.008,-17.524],[-41.936,-31.31],[-35.669,-43.738],[-13.417,-59.991],[0.378,-62.128],[14.102,-59.761],[35.935,-43.349]]},"ix":2}},{"ty":"mm","bm":0,"cl":"","ln":"","hd":false,"mn":"ADBE Vector Filter - Merge","nm":"Merge Paths 1","mm":1},{"ty":"mm","bm":0,"cl":"","ln":"","hd":false,"mn":"ADBE Vector Filter - Merge","nm":"Merge Paths 2","mm":4},{"ty":"fl","bm":0,"cl":"","ln":"","hd":false,"mn":"ADBE Vector Graphic - Fill","nm":"Fill 1","c":{"a":0,"k":[0,0.0863,0.2196],"ix":4},"r":1,"o":{"a":0,"k":100,"ix":5}},{"ty":"tr","a":{"a":0,"k":[0,0],"ix":1},"s":{"a":0,"k":[100,100],"ix":3},"sk":{"a":0,"k":0,"ix":4},"p":{"a":0,"k":[209.743,62.894],"ix":2},"r":{"a":0,"k":0,"ix":6},"sa":{"a":0,"k":0,"ix":5},"o":{"a":0,"k":100,"ix":7}}]},{"ty":"gr","bm":0,"cl":"","ln":"","hd":false,"mn":"ADBE Vector Group","nm":"Group 22","ix":22,"cix":2,"np":3,"it":[{"ty":"sh","bm":0,"cl":"","ln":"","hd":false,"mn":"ADBE Vector Shape - Group","nm":"Path 1","ix":1,"d":1,"ks":{"a":0,"k":{"c":true,"i":[[0,-0.544],[0,0],[13.133,0],[12.112,-2.212],[0,0],[0,0],[-22.728,0],[-7.485,-7.485],[-0.408,-10.786]],"o":[[0,0],[-12.078,-2.212],[-13.133,0],[0,0],[0,0],[0.238,-22.66],[11.432,0],[7.145,7.145],[0.034,0.544]],"v":[[41.39,-18.22],[37.953,59.592],[0.017,56.224],[-37.953,59.592],[-41.39,-18.22],[-41.39,-18.661],[0.017,-59.592],[29.277,-47.479],[41.356,-19.819]]},"ix":2}},{"ty":"mm","bm":0,"cl":"","ln":"","hd":false,"mn":"ADBE Vector Filter - Merge","nm":"Merge Paths 1","mm":4},{"ty":"fl","bm":0,"cl":"","ln":"","hd":false,"mn":"ADBE Vector Graphic - Fill","nm":"Fill 1","c":{"a":0,"k":[1,1,1],"ix":4},"r":1,"o":{"a":0,"k":100,"ix":5}},{"ty":"tr","a":{"a":0,"k":[0,0],"ix":1},"s":{"a":0,"k":[100,100],"ix":3},"sk":{"a":0,"k":0,"ix":4},"p":{"a":0,"k":[210.071,63.608],"ix":2},"r":{"a":0,"k":0,"ix":6},"sa":{"a":0,"k":0,"ix":5},"o":{"a":0,"k":100,"ix":7}}]},{"ty":"gr","bm":0,"cl":"","ln":"","hd":false,"mn":"ADBE Vector Group","nm":"Group 23","ix":23,"cix":2,"np":5,"it":[{"ty":"sh","bm":0,"cl":"","ln":"","hd":false,"mn":"ADBE Vector Shape - Group","nm":"Path 1","ix":1,"d":1,"ks":{"a":0,"k":{"c":true,"i":[[-1.427,0.042],[0,0],[0,0],[0.414,8.445],[4.67,6.485],[7.593,2.542],[7.68,-2.399],[4.934,-6.461],[0.228,-8.235],[0,0],[-1.551,-18.556],[-1.766,-18.537],[0,0],[-6.071,3.63],[-6.487,2.833],[-6.742,2.172],[-3.43,0.898],[0,0]],"o":[[0,0],[0,0],[-0.574,-8.435],[-0.001,-8.114],[-4.602,-6.508],[-7.595,-2.599],[-7.759,2.263],[-4.973,6.493],[0,0],[1.392,18.571],[1.527,18.559],[0,0],[5.423,-4.559],[6.09,-3.594],[6.47,-2.874],[3.374,-1.081],[0,0],[1.328,-0.296]],"v":[[41.655,42.853],[39.626,17.006],[37.926,-8.38],[36.605,-33.63],[29.284,-56.049],[10.301,-70.058],[-13.428,-70.235],[-33,-56.49],[-40.854,-33.625],[-40.862,-33.805],[-36.688,21.907],[-32.055,77.579],[-33.659,76.918],[-16.352,64.652],[2.483,54.902],[22.372,47.483],[32.59,44.544],[37.637,43.295]]},"ix":2}},{"ty":"sh","bm":0,"cl":"","ln":"","hd":false,"mn":"ADBE Vector Shape - Group","nm":"Path 2","ix":2,"d":1,"ks":{"a":0,"k":{"c":true,"i":[[0,0],[2.122,-0.368],[0,0],[3.366,-0.902],[6.461,-2.617],[5.982,-3.593],[5.349,-4.465],[0.35,0.41],[0.017,0.194],[1.763,18.538],[1.896,18.526],[0,0],[0,0],[-5.359,7.472],[-8.826,2.893],[-8.885,-2.855],[-5.547,-7.552],[0.014,-9.224],[-0.188,-8.872],[0,0]],"o":[[-2.022,0.623],[0,0],[-3.405,0.718],[-6.745,1.76],[-6.442,2.66],[-5.998,3.557],[-0.41,0.349],[-0.135,-0.159],[-1.523,-18.559],[-1.737,-18.541],[0,0],[0,0],[-0.048,-9.064],[5.315,-7.444],[8.785,-2.928],[8.876,2.804],[5.566,7.501],[0.338,8.861],[0,0],[0,0]],"v":[[44.986,45.521],[38.656,47.071],[33.413,48.082],[23.245,50.481],[3.444,57.164],[-15.312,66.397],[-32.398,78.414],[-33.773,78.305],[-34.003,77.752],[-39.237,22.134],[-44.93,-33.444],[-44.938,-33.588],[-44.938,-33.625],[-36.957,-59.367],[-15.189,-75.657],[12.194,-75.908],[34.609,-59.93],[43.161,-33.758],[44.129,-7.087],[44.72,19.448]]},"ix":2}},{"ty":"mm","bm":0,"cl":"","ln":"","hd":false,"mn":"ADBE Vector Filter - Merge","nm":"Merge Paths 1","mm":1},{"ty":"mm","bm":0,"cl":"","ln":"","hd":false,"mn":"ADBE Vector Filter - Merge","nm":"Merge Paths 2","mm":4},{"ty":"fl","bm":0,"cl":"","ln":"","hd":false,"mn":"ADBE Vector Graphic - Fill","nm":"Fill 1","c":{"a":0,"k":[0,0.0863,0.2196],"ix":4},"r":1,"o":{"a":0,"k":100,"ix":5}},{"ty":"tr","a":{"a":0,"k":[0,0],"ix":1},"s":{"a":0,"k":[100,100],"ix":3},"sk":{"a":0,"k":0,"ix":4},"p":{"a":0,"k":[128.798,79.013],"ix":2},"r":{"a":0,"k":0,"ix":6},"sa":{"a":0,"k":0,"ix":5},"o":{"a":0,"k":100,"ix":7}}]},{"ty":"gr","bm":0,"cl":"","ln":"","hd":false,"mn":"ADBE Vector Group","nm":"Group 24","ix":24,"cix":2,"np":3,"it":[{"ty":"sh","bm":0,"cl":"","ln":"","hd":false,"mn":"ADBE Vector Shape - Group","nm":"Path 1","ix":1,"d":1,"ks":{"a":0,"k":{"c":true,"i":[[0,0],[19.121,-16.093],[0,0],[-0.102,1.225],[-21.605,0],[-7.519,-7.485],[-0.135,-11.262],[0,0]],"o":[[-30.621,5.444],[0,0],[0,-1.259],[1.871,-21.128],[11.432,0],[7.383,7.383],[0,0],[0,0]],"v":[[43.108,42.853],[-33.241,76.332],[-43.108,-34.959],[-42.937,-38.668],[-1.735,-76.332],[27.559,-64.219],[39.671,-35.401],[39.671,-34.959]]},"ix":2}},{"ty":"mm","bm":0,"cl":"","ln":"","hd":false,"mn":"ADBE Vector Filter - Merge","nm":"Merge Paths 1","mm":4},{"ty":"fl","bm":0,"cl":"","ln":"","hd":false,"mn":"ADBE Vector Graphic - Fill","nm":"Fill 1","c":{"a":0,"k":[1,1,1],"ix":4},"r":1,"o":{"a":0,"k":100,"ix":5}},{"ty":"tr","a":{"a":0,"k":[0,0],"ix":1},"s":{"a":0,"k":[100,100],"ix":3},"sk":{"a":0,"k":0,"ix":4},"p":{"a":0,"k":[129.01,80.347],"ix":2},"r":{"a":0,"k":0,"ix":6},"sa":{"a":0,"k":0,"ix":5},"o":{"a":0,"k":100,"ix":7}}]},{"ty":"gr","bm":0,"cl":"","ln":"","hd":false,"mn":"ADBE Vector Group","nm":"Group 25","ix":25,"cix":2,"np":5,"it":[{"ty":"sh","bm":0,"cl":"","ln":"","hd":false,"mn":"ADBE Vector Shape - Group","nm":"Path 1","ix":1,"d":1,"ks":{"a":0,"k":{"c":true,"i":[[1.311,0.027],[0.516,-19.371],[1.115,-19.278],[0,0],[0,0],[0,0],[0,0],[0,0],[0,0],[-1.05,12.017],[0,0],[12.369,-4.573],[6.381,-1.709],[3.233,-0.692],[0,0]],"o":[[-0.208,19.921],[-0.738,19.292],[0,0],[0,0],[0,0],[0,0],[0,0],[0,0],[1.218,-12.003],[0,0],[-11.026,7.261],[-6.197,2.27],[-3.193,0.843],[0,0],[-1.227,0.223]],"v":[[-31.425,-45.36],[-32.606,13.37],[-35.027,71.2],[-38.207,67.876],[-5.306,68.152],[27.594,68.62],[25.165,70.844],[32.635,-1.156],[36.136,-37.177],[39.402,-73.219],[40.934,-72.308],[5.587,-54.709],[-13.321,-48.846],[-22.967,-46.565],[-27.729,-45.601]]},"ix":2}},{"ty":"sh","bm":0,"cl":"","ln":"","hd":false,"mn":"ADBE Vector Shape - Group","nm":"Path 2","ix":2,"d":1,"ks":{"a":0,"k":{"c":true,"i":[[-1.527,19.365],[-2.012,0.263],[0,0],[-3.179,0.679],[-6.17,2.06],[-10.851,7.187],[-0.303,-0.454],[0.019,-0.216],[0.914,-12.029],[0,0],[0,0],[1.227,-0.021],[0,0],[0,0],[0,0],[0.015,1.744],[0,0],[0,0],[-0.996,19.993]],"o":[[1.928,-0.512],[0,0],[3.203,-0.527],[6.367,-1.316],[12.349,-4.088],[0.455,-0.302],[0.129,0.195],[-1.082,12.014],[0,0],[0,0],[-0.092,1.248],[0,0],[0,0],[0,0],[-1.744,0.015],[0,0],[0,0],[0.62,-20.008],[1.22,-19.915]],"v":[[-34.578,-48.236],[-28.556,-49.452],[-23.637,-50.173],[-14.058,-51.959],[4.747,-57.108],[39.84,-73.956],[41.211,-73.681],[41.372,-73.044],[38.242,-36.991],[35.347,-0.916],[30.024,71.275],[27.675,73.498],[27.594,73.499],[-5.306,73.967],[-38.207,74.243],[-41.391,71.112],[-41.39,71],[-41.387,70.919],[-38.603,10.892]]},"ix":2}},{"ty":"mm","bm":0,"cl":"","ln":"","hd":false,"mn":"ADBE Vector Filter - Merge","nm":"Merge Paths 1","mm":1},{"ty":"mm","bm":0,"cl":"","ln":"","hd":false,"mn":"ADBE Vector Filter - Merge","nm":"Merge Paths 2","mm":4},{"ty":"fl","bm":0,"cl":"","ln":"","hd":false,"mn":"ADBE Vector Graphic - Fill","nm":"Fill 1","c":{"a":0,"k":[0,0.0863,0.2196],"ix":4},"r":1,"o":{"a":0,"k":100,"ix":5}},{"ty":"tr","a":{"a":0,"k":[0,0],"ix":1},"s":{"a":0,"k":[100,100],"ix":3},"sk":{"a":0,"k":0,"ix":4},"p":{"a":0,"k":[272.656,358.25],"ix":2},"r":{"a":0,"k":0,"ix":6},"sa":{"a":0,"k":0,"ix":5},"o":{"a":0,"k":100,"ix":7}}]},{"ty":"gr","bm":0,"cl":"","ln":"","hd":false,"mn":"ADBE Vector Group","nm":"Group 26","ix":26,"cix":2,"np":3,"it":[{"ty":"sh","bm":0,"cl":"","ln":"","hd":false,"mn":"ADBE Vector Shape - Group","nm":"Path 1","ix":1,"d":1,"ks":{"a":0,"k":{"c":true,"i":[[0,0],[-19.7,13.065],[0,0],[0,0]],"o":[[28.342,-3.878],[0,0],[0,0],[0,0]],"v":[[-34.091,-45.762],[39.298,-72.096],[26.504,72.096],[-39.298,72.096]]},"ix":2}},{"ty":"mm","bm":0,"cl":"","ln":"","hd":false,"mn":"ADBE Vector Filter - Merge","nm":"Merge Paths 1","mm":4},{"ty":"fl","bm":0,"cl":"","ln":"","hd":false,"mn":"ADBE Vector Graphic - Fill","nm":"Fill 1","c":{"a":0,"k":[1,1,1],"ix":4},"r":1,"o":{"a":0,"k":100,"ix":5}},{"ty":"tr","a":{"a":0,"k":[0,0],"ix":1},"s":{"a":0,"k":[100,100],"ix":3},"sk":{"a":0,"k":0,"ix":4},"p":{"a":0,"k":[273.746,357.214],"ix":2},"r":{"a":0,"k":0,"ix":6},"sa":{"a":0,"k":0,"ix":5},"o":{"a":0,"k":100,"ix":7}}]},{"ty":"gr","bm":0,"cl":"","ln":"","hd":false,"mn":"ADBE Vector Group","nm":"Group 27","ix":27,"cix":2,"np":5,"it":[{"ty":"sh","bm":0,"cl":"","ln":"","hd":false,"mn":"ADBE Vector Shape - Group","nm":"Path 1","ix":1,"d":1,"ks":{"a":0,"k":{"c":true,"i":[[9.979,-0.192],[9.973,1.188],[0,0],[-0.779,-19.647],[-0.434,-19.662],[0,0],[0,0],[0,0],[-1.113,19.632],[-0.432,19.662],[0,0]],"o":[[-10.001,0.189],[0,0],[1.308,19.623],[0.629,19.654],[0,0],[0,0],[0,0],[1.307,-19.623],[0.96,-19.638],[0,0],[-9.841,1.557]],"v":[[0.622,-54.73],[-29.385,-56.189],[-26.307,-58.991],[-23.104,-0.089],[-21.198,58.871],[-23.773,56.408],[24.982,57.298],[23.295,58.911],[26.612,0.014],[28.628,-58.94],[30.402,-57.324]]},"ix":2}},{"ty":"sh","bm":0,"cl":"","ln":"","hd":false,"mn":"ADBE Vector Shape - Group","nm":"Path 2","ix":2,"d":1,"ks":{"a":0,"k":{"c":true,"i":[[-9.814,-0.193],[-9.745,1.159],[0,0],[-0.099,-0.841],[0.005,-0.09],[0.775,-19.646],[0.429,-19.662],[0.879,-0.017],[0,0],[0,0],[0.091,1.335],[0,0],[1.118,19.631],[0.438,19.662],[0,0],[-1.471,0.032],[-0.15,-0.023]],"o":[[9.792,0.19],[0,0],[0.841,-0.1],[0.011,0.093],[-1.303,19.623],[-0.622,19.654],[-0.02,0.887],[0,0],[0,0],[-1.353,0.025],[0,0],[-1.312,-19.623],[-0.967,-19.639],[0,0],[-0.033,-1.47],[0.157,-0.004],[9.658,1.531]],"v":[[0.622,-58.998],[29.974,-60.418],[30.037,-60.426],[31.74,-59.085],[31.748,-58.802],[28.558,0.1],[26.669,59.06],[25.055,60.673],[24.982,60.674],[-23.773,61.564],[-26.341,59.211],[-26.349,59.1],[-29.682,0.204],[-31.718,-58.751],[-31.721,-58.864],[-29.117,-61.585],[-28.641,-61.553]]},"ix":2}},{"ty":"mm","bm":0,"cl":"","ln":"","hd":false,"mn":"ADBE Vector Filter - Merge","nm":"Merge Paths 1","mm":1},{"ty":"mm","bm":0,"cl":"","ln":"","hd":false,"mn":"ADBE Vector Filter - Merge","nm":"Merge Paths 2","mm":4},{"ty":"fl","bm":0,"cl":"","ln":"","hd":false,"mn":"ADBE Vector Graphic - Fill","nm":"Fill 1","c":{"a":0,"k":[0,0.0863,0.2196],"ix":4},"r":1,"o":{"a":0,"k":100,"ix":5}},{"ty":"tr","a":{"a":0,"k":[0,0],"ix":1},"s":{"a":0,"k":[100,100],"ix":3},"sk":{"a":0,"k":0,"ix":4},"p":{"a":0,"k":[209.467,370.324],"ix":2},"r":{"a":0,"k":0,"ix":6},"sa":{"a":0,"k":0,"ix":5},"o":{"a":0,"k":100,"ix":7}}]},{"ty":"gr","bm":0,"cl":"","ln":"","hd":false,"mn":"ADBE Vector Group","nm":"Group 28","ix":28,"cix":2,"np":3,"it":[{"ty":"sh","bm":0,"cl":"","ln":"","hd":false,"mn":"ADBE Vector Shape - Group","nm":"Path 1","ix":1,"d":1,"ks":{"a":0,"k":{"c":true,"i":[[-10.139,0],[-9.56,1.328],[0,0],[0,0],[0,0]],"o":[[10.139,0],[0,0],[0,0],[0,0],[9.56,1.328]],"v":[[0.034,-56.921],[29.6,-58.929],[24.395,58.929],[-24.361,58.929],[-29.6,-58.929]]},"ix":2}},{"ty":"mm","bm":0,"cl":"","ln":"","hd":false,"mn":"ADBE Vector Filter - Merge","nm":"Merge Paths 1","mm":4},{"ty":"fl","bm":0,"cl":"","ln":"","hd":false,"mn":"ADBE Vector Graphic - Fill","nm":"Fill 1","c":{"a":0,"k":[1,1,1],"ix":4},"r":1,"o":{"a":0,"k":100,"ix":5}},{"ty":"tr","a":{"a":0,"k":[0,0],"ix":1},"s":{"a":0,"k":[100,100],"ix":3},"sk":{"a":0,"k":0,"ix":4},"p":{"a":0,"k":[210.054,370.381],"ix":2},"r":{"a":0,"k":0,"ix":6},"sa":{"a":0,"k":0,"ix":5},"o":{"a":0,"k":100,"ix":7}}]},{"ty":"gr","bm":0,"cl":"","ln":"","hd":false,"mn":"ADBE Vector Group","nm":"Group 29","ix":29,"cix":2,"np":5,"it":[{"ty":"sh","bm":0,"cl":"","ln":"","hd":false,"mn":"ADBE Vector Shape - Group","nm":"Path 1","ix":1,"d":1,"ks":{"a":0,"k":{"c":true,"i":[[0,0],[1.24,19.292],[0.591,19.256],[0,0],[12.515,4.509],[10.99,7.52],[0,0],[-2.014,-24.042],[0,0],[0,0],[0,0]],"o":[[-1.546,-19.916],[-1.017,-19.226],[0,0],[-13.148,-1.931],[-12.478,-4.587],[0,0],[1.817,24.06],[0,0],[0,0],[0,0],[0,0]],"v":[[38.146,71.031],[34.031,12.438],[31.269,-45.208],[34.016,-42.197],[-4.632,-51.766],[-40.113,-69.817],[-36.639,-71.882],[-31.227,0.301],[-28.331,36.376],[-25.072,72.417],[-26.079,71.496]]},"ix":2}},{"ty":"sh","bm":0,"cl":"","ln":"","hd":false,"mn":"ADBE Vector Shape - Group","nm":"Path 2","ix":2,"d":1,"ks":{"a":0,"k":{"c":true,"i":[[-0.2,-19.369],[0,0],[0.051,0.512],[0,0],[0,0],[2.447,24.004],[-1.224,0.125],[-0.409,-0.262],[0,0],[-12.22,-4.068],[-12.785,-1.655],[-0.084,-1.486],[0,0],[-0.729,-20.06]],"o":[[0,0],[-0.525,0.001],[0,0],[0,0],[-2.25,-24.021],[-0.125,-1.224],[0.52,-0.053],[0,0],[10.851,6.943],[12.203,4.143],[1.53,0.198],[0,0],[1.154,20.029],[0.508,19.993]],"v":[[41.23,73.982],[-26.079,73.519],[-27.087,72.596],[-30.224,36.543],[-33.725,0.522],[-41.105,-71.486],[-39.115,-73.928],[-37.69,-73.589],[-37.63,-73.551],[-2.749,-57.142],[34.88,-48.504],[37.625,-45.558],[37.629,-45.491],[40.105,14.72]]},"ix":2}},{"ty":"mm","bm":0,"cl":"","ln":"","hd":false,"mn":"ADBE Vector Filter - Merge","nm":"Merge Paths 1","mm":1},{"ty":"mm","bm":0,"cl":"","ln":"","hd":false,"mn":"ADBE Vector Filter - Merge","nm":"Merge Paths 2","mm":4},{"ty":"fl","bm":0,"cl":"","ln":"","hd":false,"mn":"ADBE Vector Graphic - Fill","nm":"Fill 1","c":{"a":0,"k":[0,0.0863,0.2196],"ix":4},"r":1,"o":{"a":0,"k":100,"ix":5}},{"ty":"tr","a":{"a":0,"k":[0,0],"ix":1},"s":{"a":0,"k":[100,100],"ix":3},"sk":{"a":0,"k":0,"ix":4},"p":{"a":0,"k":[146.005,356.803],"ix":2},"r":{"a":0,"k":0,"ix":6},"sa":{"a":0,"k":0,"ix":5},"o":{"a":0,"k":100,"ix":7}}]},{"ty":"gr","bm":0,"cl":"","ln":"","hd":false,"mn":"ADBE Vector Group","nm":"Group 30","ix":30,"cix":2,"np":3,"it":[{"ty":"sh","bm":0,"cl":"","ln":"","hd":false,"mn":"ADBE Vector Shape - Group","nm":"Path 1","ix":1,"d":1,"ks":{"a":0,"k":{"c":true,"i":[[0,0],[0,0],[0,0],[-28.307,-3.878]],"o":[[0,0],[0,0],[19.7,13.099],[0,0]],"v":[[39.281,72.096],[-26.488,72.096],[-39.281,-72.096],[34.04,-45.762]]},"ix":2}},{"ty":"mm","bm":0,"cl":"","ln":"","hd":false,"mn":"ADBE Vector Filter - Merge","nm":"Merge Paths 1","mm":4},{"ty":"fl","bm":0,"cl":"","ln":"","hd":false,"mn":"ADBE Vector Graphic - Fill","nm":"Fill 1","c":{"a":0,"k":[1,1,1],"ix":4},"r":1,"o":{"a":0,"k":100,"ix":5}},{"ty":"tr","a":{"a":0,"k":[0,0],"ix":1},"s":{"a":0,"k":[100,100],"ix":3},"sk":{"a":0,"k":0,"ix":4},"p":{"a":0,"k":[146.413,357.214],"ix":2},"r":{"a":0,"k":0,"ix":6},"sa":{"a":0,"k":0,"ix":5},"o":{"a":0,"k":100,"ix":7}}]},{"ty":"gr","bm":0,"cl":"","ln":"","hd":false,"mn":"ADBE Vector Group","nm":"Group 31","ix":31,"cix":2,"np":5,"it":[{"ty":"sh","bm":0,"cl":"","ln":"","hd":false,"mn":"ADBE Vector Shape - Group","nm":"Path 1","ix":1,"d":1,"ks":{"a":0,"k":{"c":true,"i":[[-15.786,-0.29],[4.404,47.336],[0,0],[7.9,10.686],[1.48,13.413],[-6.058,11.931],[-10.166,8.342],[0,0],[0,0],[0,0],[0,0],[0,0],[7.18,7.113],[10.11,-0.027],[7.152,-7.165],[-0.015,-10.134],[0,0],[0,0],[0,0],[0,0],[0,0]],"o":[[-4.809,-47.866],[0,0],[-10.874,-7.261],[-7.876,-10.631],[-1.602,-13.37],[5.957,-12.006],[0,0],[0,0],[0,0],[0,0],[0,0],[0.045,-10.092],[-7.101,-7.184],[-10.111,-0.047],[-7.199,7.118],[0,0],[0,0],[0,0],[0,0],[0,0],[15.879,-0.204]],"v":[[57.477,211.779],[43.434,69.279],[44.687,71.388],[15.832,44.694],[0.866,7.987],[7.946,-31.137],[32.874,-61.803],[32.875,-61.804],[31.775,-59.135],[22.07,-170.439],[22.068,-170.457],[22.058,-170.702],[10.825,-197.885],[-16.372,-209.199],[-43.653,-197.966],[-55.005,-170.702],[-55.047,-171.185],[-21.309,20.824],[11.834,212.94],[11.835,212.941],[10.262,211.622]]},"ix":2}},{"ty":"sh","bm":0,"cl":"","ln":"","hd":false,"mn":"ADBE Vector Shape - Group","nm":"Path 2","ix":2,"d":1,"ks":{"a":0,"k":{"c":true,"i":[[-3.72,-48.262],[16.647,0.204],[0,0],[0.122,0.741],[0,0],[0,0],[0.001,0.148],[0,0],[-8.224,8.165],[-11.599,-0.028],[-8.175,-8.233],[0.031,-11.617],[0,0],[0,0],[0.71,-0.635],[0,0],[0,0],[5.428,-11.031],[-1.315,-12.15],[-7.263,-10.014],[-10.356,-7.06],[0,0],[-0.072,-0.809]],"o":[[-16.74,0.29],[0,0],[-0.777,-0.009],[0,0],[0,0],[-0.027,-0.151],[0,0],[-0.059,-11.576],[8.156,-8.232],[11.594,-0.073],[8.279,8.14],[0,0],[0,0],[0.091,1.022],[0,0],[0,0],[-9.413,8.163],[-5.463,10.976],[1.221,12.159],[7.279,10.056],[0,0],[0.723,0.492],[4.124,48.792]],"v":[[60.625,214.661],[10.262,214.818],[10.225,214.817],[8.688,213.498],[-26.224,21.695],[-60.524,-170.218],[-60.566,-170.667],[-60.566,-170.702],[-47.649,-201.968],[-16.371,-214.949],[14.954,-202.022],[27.997,-170.702],[27.985,-170.963],[38.014,-59.688],[36.984,-57.08],[36.913,-57.017],[36.912,-57.016],[13.864,-28.214],[7.245,7.294],[20.708,41.124],[47.829,66.667],[47.865,66.693],[49.082,68.778]]},"ix":2}},{"ty":"mm","bm":0,"cl":"","ln":"","hd":false,"mn":"ADBE Vector Filter - Merge","nm":"Merge Paths 1","mm":1},{"ty":"mm","bm":0,"cl":"","ln":"","hd":false,"mn":"ADBE Vector Filter - Merge","nm":"Merge Paths 2","mm":4},{"ty":"fl","bm":0,"cl":"","ln":"","hd":false,"mn":"ADBE Vector Graphic - Fill","nm":"Fill 1","c":{"a":0,"k":[0,0.0863,0.2196],"ix":4},"r":1,"o":{"a":0,"k":100,"ix":5}},{"ty":"tr","a":{"a":0,"k":[0,0],"ix":1},"s":{"a":0,"k":[100,100],"ix":3},"sk":{"a":0,"k":0,"ix":4},"p":{"a":0,"k":[60.875,216.09],"ix":2},"r":{"a":0,"k":0,"ix":6},"sa":{"a":0,"k":0,"ix":5},"o":{"a":0,"k":100,"ix":7}}]},{"ty":"gr","bm":0,"cl":"","ln":"","hd":false,"mn":"ADBE Vector Group","nm":"Group 32","ix":32,"cix":2,"np":3,"it":[{"ty":"sh","bm":0,"cl":"","ln":"","hd":false,"mn":"ADBE Vector Shape - Group","nm":"Path 1","ix":1,"d":1,"ks":{"a":0,"k":{"c":true,"i":[[0,0],[0,0],[0,0],[0,0],[-22.864,0],[-7.485,-7.485],[-0.885,-9.969],[0,-1.259],[0,0],[0,-22.66],[-26.334,-17.522]],"o":[[0,0],[0,0],[0,0],[0,-22.863],[11.431,0],[6.703,6.669],[0.102,1.225],[0,0],[-19.563,16.502],[0,26.708],[0,0]],"v":[[58.419,212.647],[9.628,212.647],[-56.206,-158.754],[-58.419,-171.275],[-17.012,-212.647],[12.248,-200.535],[24.225,-174.983],[24.394,-171.275],[34.261,-59.984],[2.994,0],[45.625,68.455]]},"ix":2}},{"ty":"mm","bm":0,"cl":"","ln":"","hd":false,"mn":"ADBE Vector Filter - Merge","nm":"Merge Paths 1","mm":4},{"ty":"fl","bm":0,"cl":"","ln":"","hd":false,"mn":"ADBE Vector Graphic - Fill","nm":"Fill 1","c":{"a":0,"k":[1,1,1],"ix":4},"r":1,"o":{"a":0,"k":100,"ix":5}},{"ty":"tr","a":{"a":0,"k":[0,0],"ix":1},"s":{"a":0,"k":[100,100],"ix":3},"sk":{"a":0,"k":0,"ix":4},"p":{"a":0,"k":[61.508,216.663],"ix":2},"r":{"a":0,"k":0,"ix":6},"sa":{"a":0,"k":0,"ix":5},"o":{"a":0,"k":100,"ix":7}}]}],"ind":0},{"ty":4,"nm":"Popcorn 03","mn":"","sr":1,"st":0,"op":480,"ip":0,"hd":false,"cl":"","ln":"","ddd":0,"bm":0,"tt":0,"hasMask":false,"td":0,"ao":0,"ks":{"a":{"a":0,"k":[205.781,116.03,0],"ix":1},"s":{"a":1,"k":[{"o":{"x":0.333,"y":0},"i":{"x":0.667,"y":1},"s":[100,100,100],"t":60},{"o":{"x":0.333,"y":0},"i":{"x":0.667,"y":1},"s":[90,90,100],"t":90},{"o":{"x":0.167,"y":0.167},"i":{"x":0.833,"y":0.833},"s":[100,100,100],"t":120}],"ix":6},"sk":{"a":0,"k":0},"p":{"a":0,"k":[229.841,-120.134,0],"ix":2},"sa":{"a":0,"k":0},"o":{"a":0,"k":100,"ix":11},"r":{"a":0,"k":0,"ix":10}},"ef":[],"shapes":[{"ty":"gr","bm":0,"cl":"","ln":"","hd":false,"mn":"ADBE Vector Group","nm":"Group 1","ix":1,"cix":2,"np":3,"it":[{"ty":"sh","bm":0,"cl":"","ln":"","hd":false,"mn":"ADBE Vector Shape - Group","nm":"Path 1","ix":1,"d":1,"ks":{"a":0,"k":{"c":true,"i":[[-0.156,0.378],[-8.211,3.061],[-7.954,-3.849],[0,0],[-5.405,5.392],[-7.663,0.704],[-6.37,-4.399],[-2.092,-7.509],[0,0],[-8.33,-1.756],[-6.054,-6.05],[-2.036,-3.781],[-0.863,-4.219],[0.393,-4.301],[1.596,-4.02],[1.704,0.676],[-0.676,1.704],[-0.005,0.013],[0,0],[-0.485,3.664],[0.593,3.663],[1.604,3.359],[2.513,2.756],[7.354,1.642],[7.078,-2.686],[0,0],[0.439,1.157],[0,0],[5.526,3.972],[6.842,-0.461],[5.026,-4.755],[0.813,-6.921],[0,0],[0.711,0.084],[0.132,0.067],[7.73,-2.78],[3.343,-7.597],[0.381,0.168]],"o":[[3.327,-8.04],[8.177,-3.151],[0,0],[0.72,-7.546],[5.432,-5.373],[7.665,-0.687],[6.396,4.387],[0,0],[7.832,-3.172],[8.361,1.683],[2.96,3.092],[1.941,3.828],[0.787,4.236],[-0.47,4.301],[-0.676,1.704],[-1.704,-0.676],[0.005,-0.013],[0,0],[1.419,-3.397],[0.407,-3.664],[-0.671,-3.645],[-1.697,-3.312],[-5.151,-5.369],[-7.313,-1.711],[0,0],[-1.157,0.44],[0,0],[-1.671,-6.549],[-5.51,-3.986],[-6.847,0.48],[-4.993,4.768],[0,0],[-0.083,0.711],[-0.155,-0.018],[-7.245,-3.703],[-7.754,2.699],[-0.168,0.382],[-0.376,-0.165]],"v":[[-81.952,3.994],[-63.613,-13.645],[-37.986,-12.569],[-39.867,-11.53],[-30.288,-31.734],[-9.867,-41.227],[12.062,-35.429],[25.305,-16.817],[22.289,-18.339],[47.258,-20.571],[69.4,-8.489],[76.947,1.86],[81.177,13.987],[81.715,26.863],[78.488,39.377],[74.179,41.238],[72.318,36.928],[72.334,36.888],[72.4,36.732],[75.382,26.125],[75.163,15.078],[71.737,4.522],[65.377,-4.613],[46.173,-15.628],[23.942,-14.116],[23.892,-14.098],[21.002,-15.398],[20.926,-15.639],[9.722,-32.115],[-9.584,-37.66],[-28.126,-29.511],[-37.258,-11.253],[-37.263,-11.216],[-38.701,-10.08],[-39.139,-10.213],[-62.899,-11.707],[-80.568,4.595],[-81.562,4.982]]},"ix":2}},{"ty":"mm","bm":0,"cl":"","ln":"","hd":false,"mn":"ADBE Vector Filter - Merge","nm":"Merge Paths 1","mm":4},{"ty":"fl","bm":0,"cl":"","ln":"","hd":false,"mn":"ADBE Vector Graphic - Fill","nm":"Fill 1","c":{"a":0,"k":[0,0.0863,0.2196],"ix":4},"r":1,"o":{"a":0,"k":100,"ix":5}},{"ty":"tr","a":{"a":0,"k":[0,0],"ix":1},"s":{"a":0,"k":[100,100],"ix":3},"sk":{"a":0,"k":0,"ix":4},"p":{"a":0,"k":[329.205,147.689],"ix":2},"r":{"a":0,"k":0,"ix":6},"sa":{"a":0,"k":0,"ix":5},"o":{"a":0,"k":100,"ix":7}}]},{"ty":"gr","bm":0,"cl":"","ln":"","hd":false,"mn":"ADBE Vector Group","nm":"Group 2","ix":2,"cix":2,"np":3,"it":[{"ty":"sh","bm":0,"cl":"","ln":"","hd":false,"mn":"ADBE Vector Shape - Group","nm":"Path 1","ix":1,"d":1,"ks":{"a":0,"k":{"c":true,"i":[[0.132,0.387],[7.446,3.457],[7.577,-2.964],[0.261,0.667],[0.003,0.148],[0,0],[4.494,5.241],[6.765,1.158],[5.88,-3.417],[2.315,-6.351],[1.163,0.423],[0,0],[0,0],[7.447,-0.975],[5.66,-4.83],[2.019,-3.127],[1.03,-3.56],[-0.04,-3.687],[-1.075,-3.521],[0,0],[1.753,-0.535],[0.535,1.754],[0.004,0.014],[0.04,4.327],[-1.205,4.136],[-2.313,3.616],[-3.252,2.782],[-8.486,0.843],[-7.477,-3.935],[0,0],[-6.8,3.729],[-7.558,-1.446],[-4.87,-5.886],[0.035,-7.58],[0,0],[-7.822,-3.948],[-2.51,-8.33],[0.398,-0.125]],"o":[[-2.57,-7.893],[-7.416,-3.536],[-0.667,0.261],[-0.057,-0.146],[0,0],[-0.12,-6.968],[-4.528,-5.231],[-6.762,-1.14],[-5.893,3.403],[-0.423,1.162],[0,0],[0,0],[-6.776,-3.376],[-7.481,0.902],[-2.775,2.492],[-1.93,3.183],[-0.955,3.585],[0.118,3.694],[0,0],[0.535,1.753],[-1.754,0.535],[-0.004,-0.013],[-1.187,-4.159],[0.037,-4.318],[1.279,-4.112],[2.401,-3.559],[6.627,-5.418],[8.464,-0.918],[0,0],[2.827,-7.263],[6.776,-3.743],[7.554,1.463],[4.842,5.904],[0,0],[8.297,-3.039],[7.866,3.863],[0.125,0.398],[-0.391,0.123]],"v":[[81.066,16.244],[65.106,-1.735],[41.316,-2.612],[39.637,-3.347],[39.548,-3.791],[39.546,-3.834],[32.277,-22.91],[14.637,-32.862],[-5.126,-29.266],[-17.912,-13.985],[-20.785,-12.647],[-21.016,-12.746],[-21.064,-12.771],[-43.035,-16.486],[-63.239,-7.436],[-70.477,1.021],[-74.935,11.184],[-76.252,22.155],[-74.339,33.005],[-74.295,33.151],[-76.5,37.295],[-80.644,35.089],[-80.662,35.032],[-82.627,22.258],[-80.811,9.5],[-75.395,-2.146],[-66.857,-11.693],[-43.623,-21.513],[-19.001,-16.808],[-22.152,-15.594],[-7.123,-32.796],[15.273,-36.384],[34.648,-24.907],[42.169,-3.85],[40.403,-5.071],[66.009,-3.593],[82.502,15.783],[82.009,16.73]]},"ix":2}},{"ty":"mm","bm":0,"cl":"","ln":"","hd":false,"mn":"ADBE Vector Filter - Merge","nm":"Merge Paths 1","mm":4},{"ty":"fl","bm":0,"cl":"","ln":"","hd":false,"mn":"ADBE Vector Graphic - Fill","nm":"Fill 1","c":{"a":0,"k":[0,0.0863,0.2196],"ix":4},"r":1,"o":{"a":0,"k":100,"ix":5}},{"ty":"tr","a":{"a":0,"k":[0,0],"ix":1},"s":{"a":0,"k":[100,100],"ix":3},"sk":{"a":0,"k":0,"ix":4},"p":{"a":0,"k":[190.355,193.981],"ix":2},"r":{"a":0,"k":0,"ix":6},"sa":{"a":0,"k":0,"ix":5},"o":{"a":0,"k":100,"ix":7}}]},{"ty":"gr","bm":0,"cl":"","ln":"","hd":false,"mn":"ADBE Vector Group","nm":"Group 3","ix":3,"cix":2,"np":3,"it":[{"ty":"sh","bm":0,"cl":"","ln":"","hd":false,"mn":"ADBE Vector Shape - Group","nm":"Path 1","ix":1,"d":1,"ks":{"a":0,"k":{"c":true,"i":[[-0.054,0.405],[5.126,6.414],[8.104,0.723],[-0.063,0.712],[-0.063,0.134],[0,0],[1.687,6.694],[5.539,4.052],[6.787,-0.438],[4.902,-4.654],[0.852,0.898],[0,0],[0,0],[7.1,2.447],[7.22,-1.802],[3.201,-1.899],[2.509,-2.728],[1.607,-3.318],[0.607,-3.631],[0,0],[1.808,0.302],[-0.303,1.808],[-0.002,0.014],[-1.893,3.892],[-2.922,3.166],[-3.681,2.206],[-4.152,1.041],[-7.972,-3.028],[-4.939,-6.855],[0,0],[-7.75,0.307],[-6.121,-4.663],[-1.736,-7.44],[3.409,-6.77],[0,0],[-5.242,-7.022],[1.466,-8.576],[0.412,0.065]],"o":[[1.217,-8.211],[-5.061,-6.47],[-0.713,-0.064],[0.015,-0.157],[0,0],[2.997,-6.292],[-1.722,-6.701],[-5.546,-4.034],[-6.792,0.419],[-0.898,0.852],[0,0],[0,0],[-4.56,-6.043],[-7.099,-2.527],[-3.595,0.993],[-3.147,1.989],[-2.453,2.784],[-1.541,3.36],[0,0],[-0.303,1.808],[-1.808,-0.303],[0.002,-0.014],[0.791,-4.252],[1.958,-3.849],[2.977,-3.11],[3.737,-2.116],[8.346,-1.897],[7.987,2.95],[0,0],[5.77,-5.241],[7.733,-0.331],[6.111,4.677],[1.702,7.442],[0,0],[8.781,0.979],[5.319,6.963],[-0.065,0.412],[-0.406,-0.064]],"v":[[75.251,45.959],[68.978,22.752],[48.073,11.362],[46.897,9.956],[47.016,9.518],[47.035,9.481],[49.029,-10.836],[37.675,-27.609],[18.381,-33.198],[0.124,-25.219],[-3.044,-25.302],[-3.207,-25.492],[-3.24,-25.536],[-21.25,-38.656],[-43.371,-39.56],[-53.619,-35.216],[-62.14,-28.106],[-68.209,-18.872],[-71.333,-8.307],[-71.358,-8.156],[-75.18,-5.43],[-77.906,-9.252],[-77.896,-9.31],[-73.962,-21.622],[-66.649,-32.232],[-56.611,-40.244],[-44.711,-44.984],[-19.537,-43.417],[0.408,-28.231],[-2.955,-28.549],[18.167,-37.248],[39.814,-30.477],[52.043,-11.567],[49.39,10.635],[48.352,8.753],[70.615,21.492],[76.743,46.188],[75.88,46.815]]},"ix":2}},{"ty":"mm","bm":0,"cl":"","ln":"","hd":false,"mn":"ADBE Vector Filter - Merge","nm":"Merge Paths 1","mm":4},{"ty":"fl","bm":0,"cl":"","ln":"","hd":false,"mn":"ADBE Vector Graphic - Fill","nm":"Fill 1","c":{"a":0,"k":[0,0.0863,0.2196],"ix":4},"r":1,"o":{"a":0,"k":100,"ix":5}},{"ty":"tr","a":{"a":0,"k":[0,0],"ix":1},"s":{"a":0,"k":[100,100],"ix":3},"sk":{"a":0,"k":0,"ix":4},"p":{"a":0,"k":[143.748,76.184],"ix":2},"r":{"a":0,"k":0,"ix":6},"sa":{"a":0,"k":0,"ix":5},"o":{"a":0,"k":100,"ix":7}}]},{"ty":"gr","bm":0,"cl":"","ln":"","hd":false,"mn":"ADBE Vector Group","nm":"Group 4","ix":4,"cix":2,"np":3,"it":[{"ty":"sh","bm":0,"cl":"","ln":"","hd":false,"mn":"ADBE Vector Shape - Group","nm":"Path 1","ix":1,"d":1,"ks":{"a":0,"k":{"c":true,"i":[[-0.098,0.397],[-9.704,4.622],[-9.821,-4.613],[0,0],[-10.609,1.07],[-9.301,-5.32],[-4.338,-9.886],[2.111,-10.632],[0,0],[-3.556,-7.864],[2.135,-8.42],[0,0],[1.777,0.451],[-0.451,1.777],[-0.005,0.017],[2.888,6.675],[6.458,3.447],[0,0],[-0.261,1.191],[3.919,8.973],[8.396,5.092],[9.869,-0.886],[7.589,-6.469],[0,0],[0.49,0.243],[9.227,-4.151],[2.673,-9.872],[0.403,0.109]],"o":[[2.555,-10.352],[9.708,-4.635],[0,0],[7.89,-7.033],[10.601,-1.181],[9.284,5.35],[4.538,9.814],[0,0],[7.661,3.875],[3.608,7.841],[0,0],[-0.45,1.778],[-1.778,-0.451],[0.004,-0.017],[1.922,-6.956],[-2.845,-6.687],[0,0],[-1.129,-0.603],[2.078,-9.452],[-3.724,-9.039],[-8.409,-5.06],[-9.88,0.774],[0,0],[-0.444,0.378],[-8.964,-4.449],[-9.214,4.148],[-0.108,0.402],[-0.396,-0.108]],"v":[[-76.982,-15.542],[-57.302,-39.528],[-25.989,-39.584],[-27.562,-39.369],[1.055,-52.069],[31.883,-45.529],[53.115,-21.975],[56.591,9.767],[55.154,6.689],[72.643,24.993],[74.945,50.38],[74.94,50.397],[70.907,52.799],[68.505,48.765],[68.523,48.697],[67.055,27.475],[52.568,11.647],[52.542,11.634],[51.13,8.569],[48.61,-20.011],[29.734,-41.878],[1.391,-48.526],[-25.661,-37.202],[-25.692,-37.177],[-27.236,-36.987],[-56.38,-37.536],[-75.523,-15.159],[-76.448,-14.628]]},"ix":2}},{"ty":"mm","bm":0,"cl":"","ln":"","hd":false,"mn":"ADBE Vector Filter - Merge","nm":"Merge Paths 1","mm":4},{"ty":"fl","bm":0,"cl":"","ln":"","hd":false,"mn":"ADBE Vector Graphic - Fill","nm":"Fill 1","c":{"a":0,"k":[0,0.0863,0.2196],"ix":4},"r":1,"o":{"a":0,"k":100,"ix":5}},{"ty":"tr","a":{"a":0,"k":[0,0],"ix":1},"s":{"a":0,"k":[100,100],"ix":3},"sk":{"a":0,"k":0,"ix":4},"p":{"a":0,"k":[303.654,53.5],"ix":2},"r":{"a":0,"k":0,"ix":6},"sa":{"a":0,"k":0,"ix":5},"o":{"a":0,"k":100,"ix":7}}]},{"ty":"gr","bm":0,"cl":"","ln":"","hd":false,"mn":"ADBE Vector Group","nm":"Group 5","ix":5,"cix":2,"np":3,"it":[{"ty":"sh","bm":0,"cl":"","ln":"","hd":false,"mn":"ADBE Vector Shape - Group","nm":"Path 1","ix":1,"d":1,"ks":{"a":0,"k":{"c":true,"i":[[0.11,0.394],[9.214,4.148],[8.963,-4.45],[0.417,0.354],[0,0],[9.881,0.774],[8.409,-5.059],[3.723,-9.039],[-2.078,-9.452],[1.076,-0.575],[0,0],[2.846,-6.686],[-1.923,-6.955],[1.767,-0.488],[0.489,1.767],[0.004,0.017],[0,0],[-3.608,7.841],[-7.661,3.875],[0,0],[-4.538,9.813],[-9.283,5.35],[-10.602,-1.18],[-7.89,-7.034],[0,0],[-9.707,-4.635],[-2.554,-10.351],[0.404,-0.102]],"o":[[-2.672,-9.871],[-9.227,-4.151],[-0.522,0.259],[0,0],[-7.589,-6.468],[-9.868,-0.886],[-8.397,5.092],[-3.919,8.974],[0.275,1.25],[0,0],[-6.458,3.447],[-2.887,6.675],[0.488,1.767],[-1.767,0.489],[-0.005,-0.018],[0,0],[-2.136,-8.42],[3.557,-7.864],[0,0],[-2.11,-10.632],[4.338,-9.887],[9.301,-5.319],[10.608,1.07],[0,0],[9.82,-4.613],[9.704,4.622],[0.103,0.404],[-0.398,0.101]],"v":[[75.521,-15.17],[56.378,-37.546],[27.234,-36.996],[25.691,-37.186],[25.66,-37.212],[-1.394,-48.536],[-29.735,-41.889],[-48.612,-20.022],[-51.131,8.559],[-52.541,11.623],[-52.569,11.637],[-67.057,27.465],[-68.525,48.686],[-70.84,52.77],[-74.925,50.455],[-74.938,50.403],[-74.947,50.369],[-72.646,24.983],[-55.155,6.678],[-56.593,9.757],[-53.117,-21.984],[-31.885,-45.54],[-1.057,-52.079],[27.561,-39.379],[25.987,-39.595],[57.3,-39.538],[76.98,-15.553],[76.435,-14.635]]},"ix":2}},{"ty":"mm","bm":0,"cl":"","ln":"","hd":false,"mn":"ADBE Vector Filter - Merge","nm":"Merge Paths 1","mm":4},{"ty":"fl","bm":0,"cl":"","ln":"","hd":false,"mn":"ADBE Vector Graphic - Fill","nm":"Fill 1","c":{"a":0,"k":[0,0.0863,0.2196],"ix":4},"r":1,"o":{"a":0,"k":100,"ix":5}},{"ty":"tr","a":{"a":0,"k":[0,0],"ix":1},"s":{"a":0,"k":[100,100],"ix":3},"sk":{"a":0,"k":0,"ix":4},"p":{"a":0,"k":[77.333,166.475],"ix":2},"r":{"a":0,"k":0,"ix":6},"sa":{"a":0,"k":0,"ix":5},"o":{"a":0,"k":100,"ix":7}}]}],"ind":1,"parent":0},{"ty":4,"nm":"Popcorn 00","mn":"","sr":1,"st":0,"op":480,"ip":0,"hd":false,"cl":"","ln":"","ddd":0,"bm":0,"tt":0,"hasMask":false,"td":0,"ao":0,"ks":{"a":{"a":0,"k":[260.605,188.919,0],"ix":1},"s":{"a":0,"k":[100,100,100],"ix":6},"sk":{"a":0,"k":0},"p":{"a":0,"k":[219.839,-129.092,0],"ix":2},"sa":{"a":0,"k":0},"o":{"a":0,"k":100,"ix":11},"r":{"a":0,"k":0,"ix":10}},"ef":[],"shapes":[{"ty":"gr","bm":0,"cl":"","ln":"","hd":false,"mn":"ADBE Vector Group","nm":"Group 1","ix":1,"cix":2,"np":5,"it":[{"ty":"sh","bm":0,"cl":"","ln":"","hd":false,"mn":"ADBE Vector Shape - Group","nm":"Path 1","ix":1,"d":1,"ks":{"a":0,"k":{"c":true,"i":[[-0.375,0.887],[-1.552,0.583],[-1.134,0.492],[-1.939,1.338],[-2.967,3.643],[-0.799,9.346],[4.435,8.218],[8.17,4.44],[-0.585,1.329],[2.553,10.121],[2.828,4.376],[4.082,3.236],[-1.017,1.309],[-1.134,8.135],[3.009,7.605],[2.396,3.315],[3.162,2.598],[3.721,1.699],[4.034,0.7],[0,0],[0.27,1.303],[4.522,5.76],[6.538,3.244],[7.305,-0.026],[6.511,-3.35],[0.831,1.614],[0.059,0.222],[7.745,6.257],[9.942,0.42],[8.287,-5.542],[3.435,-9.375],[0,0],[1.508,0.34],[5.54,-0.766],[4.904,-2.662],[4.047,-10.434],[0,0],[1.176,0.029],[0.387,0.11],[0.335,0.567],[0,0],[8.904,4.011],[9.597,-1.736],[6.801,-7.049],[1.505,-9.693],[1.38,0.106],[0,0],[4.398,-0.861],[2.171,-0.5],[1.971,-1.061],[4.825,-7.507],[1.385,-4.235],[0.132,-4.477],[-4.709,-7.656],[0.867,-0.742],[2.76,-8.23],[-1.95,-8.522],[1.183,-0.271],[0,0],[0,0],[5.98,-4.617],[3.385,-6.74],[-0.044,-7.561],[-3.52,-6.701],[0.778,-0.565],[3.357,-8.844],[-2.151,-9.225],[-6.834,-6.558],[-9.312,-1.772],[0,0],[0,0],[0.001,0.089],[-7.615,7.834],[-10.894,0.383],[-8.14,-7.204],[-0.893,-10.828],[0,0],[0.13,-0.087],[0,0],[-8.162,7.064],[-10.764,-0.436],[-7.462,-7.751],[-0.061,-10.739],[0,0],[-7.753,7.705],[-10.928,0.066],[-7.893,-7.553],[-0.357,-10.933],[0,0],[0.126,-0.163],[0,0],[-8.037,7.471],[-10.967,-0.222],[-7.678,-7.872],[0.018,-11.019],[0.66,0.001],[0.005,0.655],[-7.924,7.901],[-11.213,-0.013],[-7.985,-7.909],[-0.01,-11.295],[0.015,-0.092],[0,0],[0,0],[-4.466,9.828],[-0.521,5.348],[0.203,2.668],[0.217,1.323],[0,0],[0,0]],"o":[[1.35,-0.768],[1.336,-0.536],[2.109,-1.046],[3.895,-2.644],[5.931,-7.278],[0.89,-9.326],[-4.414,-8.226],[-1.3,-0.705],[4.257,-9.593],[-1.266,-5.056],[-2.854,-4.361],[-1.301,-1.032],[5.057,-6.512],[1.165,-8.136],[-1.5,-3.821],[-2.453,-3.291],[-3.208,-2.558],[-3.764,-1.626],[0,0],[-1.391,-0.241],[-1.458,-7.138],[-4.39,-5.854],[-6.555,-3.213],[-7.298,0.062],[-1.615,0.83],[-0.11,-0.214],[-2.518,-9.632],[-7.717,-6.297],[-9.944,-0.501],[-8.308,5.495],[0,0],[-0.546,1.491],[-5.48,-1.23],[-5.536,0.738],[-9.867,5.292],[0,0],[-0.45,1.159],[-0.402,-0.01],[-0.684,-0.196],[0,0],[-4.945,-8.391],[-8.849,-4.162],[-9.605,1.843],[-6.777,7.093],[-0.216,1.392],[0,0],[-4.416,-0.351],[-2.227,0.222],[-2.079,0.803],[-8.102,3.744],[-2.526,3.706],[-1.289,4.29],[-0.132,8.964],[0.618,1],[-6.594,5.628],[-2.764,8.238],[0.271,1.184],[0,0],[0,0],[-7.373,1.413],[-6.075,4.481],[-3.332,6.767],[0.06,7.562],[0.463,0.874],[-7.657,5.533],[-3.335,8.835],[1.996,9.264],[6.801,6.645],[0,0],[0,0],[-0.016,-0.09],[0.009,-10.952],[7.54,-7.9],[10.889,-0.605],[8.225,7.122],[0,0],[-0.13,-0.087],[0,0],[0.929,-10.799],[8.108,-7.157],[10.779,0.404],[7.519,7.708],[0,0],[0.109,-10.924],[7.671,-7.773],[10.921,-0.242],[7.962,7.48],[0,0],[-0.201,-0.021],[0,0],[0.349,-10.972],[7.959,-7.563],[10.968,0.152],[7.772,7.775],[-0.001,0.659],[-0.655,-0.001],[-0.071,-11.161],[7.861,-7.964],[11.214,-0.08],[8.034,7.872],[0.001,0.097],[0,0],[0,0],[9.627,-4.97],[2.278,-4.888],[0.25,-2.676],[-0.1,-1.337],[0,0],[0,0],[-0.024,0.066]],"v":[[219.484,120.416],[223.928,118.295],[227.284,116.82],[233.395,113.29],[243.761,103.792],[254.302,78.148],[248.914,51.04],[229.474,31.512],[228.241,27.889],[230.867,-2.744],[224.646,-16.998],[214.151,-28.48],[213.647,-32.716],[223.185,-55.164],[220.249,-79.326],[214.231,-90.003],[205.673,-98.78],[195.167,-105.083],[183.396,-108.473],[183.379,-108.476],[180.678,-111.097],[171.831,-130.926],[155.079,-144.739],[133.91,-149.536],[112.842,-144.282],[108.414,-145.702],[108.155,-146.381],[92.21,-171.036],[64.808,-181.463],[36.518,-173.692],[18.267,-150.622],[18.252,-150.581],[14.635,-148.607],[-2.007,-149.192],[-17.803,-143.92],[-39.457,-119.176],[-39.493,-119.084],[-42.244,-117.254],[-43.451,-117.439],[-45.016,-118.648],[-45.08,-118.757],[-66.448,-138.056],[-95.07,-141.468],[-120.415,-127.636],[-133.148,-101.649],[-135.996,-99.389],[-136.096,-99.397],[-149.412,-99.102],[-155.932,-97.637],[-162.142,-95.164],[-182.014,-77.719],[-187.602,-65.579],[-189.6,-52.344],[-182.489,-26.781],[-182.964,-23.753],[-197.396,-2.487],[-198.733,23.209],[-200.385,25.842],[-200.453,25.856],[-200.508,25.867],[-221.038,34.791],[-235.399,52.004],[-240.399,73.887],[-234.948,95.684],[-235.533,98.192],[-252.562,120.343],[-254.466,148.25],[-240.676,172.62],[-215.68,185.369],[-217.598,187.289],[-219.776,174.762],[-219.801,174.479],[-207.78,144.835],[-178.682,131.744],[-148.637,142.3],[-134.247,170.657],[-135.126,169.545],[-135.603,169.546],[-136.48,170.657],[-122.067,142.5],[-92.289,132.024],[-63.54,144.92],[-51.623,174.026],[-53.546,174.027],[-41.176,144.595],[-11.774,132.165],[17.969,143.753],[31.156,172.843],[30.158,171.884],[29.556,172.143],[29.266,172.81],[42.534,143.634],[72.45,132.106],[101.938,144.756],[114.201,174.479],[113.005,175.671],[111.814,174.479],[124.217,144.3],[154.405,131.722],[184.746,144.142],[197.499,174.479],[197.472,174.785],[196.847,178.361],[194.358,176.505],[216.33,153.492],[220.463,137.961],[220.569,129.914],[220.088,125.922],[219.718,123.943],[219.501,122.96]]},"ix":2}},{"ty":"sh","bm":0,"cl":"","ln":"","hd":false,"mn":"ADBE Vector Shape - Group","nm":"Path 2","ix":2,"d":1,"ks":{"a":0,"k":{"c":true,"i":[[0.976,-0.044],[-0.124,-0.751],[0,0],[0,0],[-0.093,-1.46],[0.306,-2.896],[2.521,-5.252],[10.379,-5.201],[0,0],[0.428,0.854],[-0.067,0.359],[0,0],[0,0],[7.378,7.408],[10.493,-0.015],[7.438,-7.441],[-0.002,-10.545],[0,0],[7.331,7.426],[10.457,0.135],[7.591,-7.198],[0.342,-10.456],[0.169,-0.168],[0.269,-0.002],[0.019,0.535],[7.589,7.143],[10.427,-0.222],[7.334,-7.418],[0.056,-10.442],[0.531,0.003],[0.006,0.523],[7.187,7.291],[10.212,0.329],[7.617,-6.792],[0.82,-10.149],[0,0],[0.466,-0.115],[0.357,0.087],[0.043,0.475],[0,0],[7.745,6.638],[10.159,-0.623],[6.967,-7.373],[-0.042,-10.134],[0,0],[0,0],[0.894,-0.166],[0.188,0.033],[7.322,7.072],[2.204,9.949],[-3.551,9.56],[-8.242,6.02],[0,0],[0.107,8.186],[-3.586,7.374],[-6.586,4.916],[-8.05,1.573],[0,0],[-2.988,9.007],[-7.206,6.213],[0,0],[-0.095,9.866],[-1.398,4.743],[-2.757,4.112],[-8.956,4.205],[-2.309,0.888],[-2.466,0.274],[-4.944,-0.389],[0,0],[-7.508,7.936],[-10.746,2.118],[-9.977,-4.612],[-5.61,-9.417],[0,0],[0.222,-0.012],[0,0],[-11.116,6.048],[-6.266,0.875],[-6.159,-1.348],[0,0],[-9.42,6.304],[-11.325,-0.579],[-8.782,-7.181],[-2.863,-10.996],[0,0],[-8.332,0.063],[-7.467,-3.672],[-4.994,-6.66],[-1.636,-8.135],[0,0],[-4.282,-1.855],[-3.645,-2.909],[-3.433,-8.665],[1.37,-9.198],[5.728,-7.28],[0,0],[-3.181,-4.926],[-1.391,-5.696],[4.802,-10.638],[0,0],[-4.799,-9.198],[1.107,-10.261],[6.593,-7.893],[4.288,-2.835],[2.315,-1.111],[0.958,-0.357]],"o":[[0.537,-0.206],[0,0],[0,0],[0.219,1.445],[0.187,2.922],[-0.631,5.79],[-4.954,10.559],[0,0],[-0.853,0.428],[-0.176,-0.351],[0,0],[0,0],[0.114,-10.406],[-7.327,-7.466],[-10.494,-0.07],[-7.493,7.386],[0,0],[0.077,-10.409],[-7.245,-7.497],[-10.446,-0.216],[-7.664,7.113],[-0.004,0.256],[-0.192,0.185],[-0.538,0.004],[-0.333,-10.422],[-7.526,-7.209],[-10.434,0.055],[-7.397,7.355],[-0.003,0.53],[-0.526,-0.003],[-0.114,-10.26],[-7.138,-7.335],[-10.207,-0.354],[-7.667,6.708],[0,0],[-0.041,0.505],[-0.356,0.088],[-0.49,-0.12],[0,0],[-0.897,-10.173],[-7.658,-6.702],[-10.156,0.41],[-7.035,7.318],[0,0],[0,0],[0.166,0.895],[-0.198,0.037],[-9.961,-1.832],[-7.356,-6.983],[-2.358,-9.904],[3.571,-9.559],[0,0],[-3.846,-7.226],[-0.095,-8.18],[3.639,-7.348],[6.488,-5.054],[0,0],[-2.161,-9.209],[2.98,-9.037],[0,0],[-5.198,-8.343],[0.111,-4.925],[1.492,-4.688],[5.286,-8.321],[2.184,-1.176],[2.4,-0.584],[4.876,-0.964],[0,0],[1.605,-10.781],[7.527,-7.895],[10.719,-2.011],[10.019,4.456],[0,0],[-0.205,-0.088],[0,0],[4.489,-11.777],[5.526,-3.041],[6.239,-0.907],[0,0],[3.842,-10.66],[9.391,-6.344],[11.338,0.484],[8.816,7.138],[0,0],[7.382,-3.792],[8.307,-0.033],[7.453,3.699],[5.128,6.564],[0,0],[4.593,0.786],[4.239,1.928],[7.296,5.8],[3.378,8.672],[-1.339,9.208],[0,0],[4.577,3.671],[3.154,4.94],[2.811,11.38],[0,0],[9.106,5.054],[4.823,9.198],[-1.012,10.302],[-3.299,3.952],[-2.134,1.435],[-1.128,0.48],[-0.772,0.229]],"v":[[223.193,122.527],[223.654,122.03],[223.877,123.102],[224.254,125.261],[224.727,129.621],[224.51,138.365],[219.838,155.123],[195.924,179.599],[195.908,179.607],[193.588,178.836],[193.434,177.743],[194.102,174.175],[194.074,174.479],[182.6,146.294],[154.403,134.493],[126.041,146.124],[114.201,174.479],[111.814,174.479],[100.371,146.295],[72.409,134.15],[43.919,145.104],[31.259,172.883],[30.967,173.551],[30.163,173.878],[29.164,172.918],[16.614,145.181],[-11.746,134.108],[-39.818,145.95],[-51.623,174.048],[-52.59,175.004],[-53.546,174.049],[-65.037,146.377],[-92.378,134.275],[-120.471,144.316],[-133.908,170.885],[-133.915,170.973],[-134.786,171.996],[-135.942,171.998],[-136.813,170.986],[-136.822,170.885],[-150.448,144.37],[-178.553,134.657],[-205.555,146.966],[-216.554,174.479],[-216.579,174.198],[-214.335,186.712],[-215.655,188.632],[-216.253,188.632],[-243.066,175.133],[-257.997,149.055],[-256.096,119.012],[-237.84,95.009],[-238.425,97.516],[-244.453,73.938],[-239.148,50.159],[-223.626,31.355],[-201.28,21.509],[-203.055,24.165],[-201.73,-3.936],[-186.025,-27.335],[-186.5,-24.308],[-194.46,-52.376],[-192.334,-66.973],[-186.235,-80.413],[-164.356,-99.82],[-157.48,-102.594],[-150.255,-104.263],[-135.45,-104.662],[-138.397,-102.41],[-124.377,-131.403],[-96.144,-146.994],[-64.058,-143.332],[-39.948,-121.775],[-41.577,-123.092],[-42.241,-123.21],[-45.026,-121.288],[-20.763,-149.303],[-2.908,-155.364],[15.948,-154.8],[12.317,-152.786],[32.906,-179.094],[65.114,-188.09],[96.38,-176.166],[114.526,-148.044],[109.839,-150.143],[133.844,-156.102],[157.965,-150.615],[177.028,-134.877],[187.079,-112.288],[184.362,-114.911],[197.759,-111.044],[209.705,-103.865],[226.16,-81.682],[229.33,-54.277],[218.416,-28.989],[217.911,-33.224],[229.646,-20.232],[236.552,-4.151],[233.421,30.169],[232.189,26.546],[253.622,48.558],[259.248,78.65],[247.325,106.732],[235.864,116.984],[229.149,120.756],[225.725,122.214]]},"ix":2}},{"ty":"mm","bm":0,"cl":"","ln":"","hd":false,"mn":"ADBE Vector Filter - Merge","nm":"Merge Paths 1","mm":1},{"ty":"mm","bm":0,"cl":"","ln":"","hd":false,"mn":"ADBE Vector Filter - Merge","nm":"Merge Paths 2","mm":4},{"ty":"fl","bm":0,"cl":"","ln":"","hd":false,"mn":"ADBE Vector Graphic - Fill","nm":"Fill 1","c":{"a":0,"k":[0,0.0863,0.2196],"ix":4},"r":1,"o":{"a":0,"k":100,"ix":5}},{"ty":"tr","a":{"a":0,"k":[0,0],"ix":1},"s":{"a":0,"k":[100,100],"ix":3},"sk":{"a":0,"k":0,"ix":4},"p":{"a":0,"k":[260.605,188.919],"ix":2},"r":{"a":0,"k":0,"ix":6},"sa":{"a":0,"k":0,"ix":5},"o":{"a":0,"k":100,"ix":7}}]},{"ty":"gr","bm":0,"cl":"","ln":"","hd":false,"mn":"ADBE Vector Group","nm":"Group 2","ix":2,"cix":2,"np":3,"it":[{"ty":"sh","bm":0,"cl":"","ln":"","hd":false,"mn":"ADBE Vector Shape - Group","nm":"Path 1","ix":1,"d":1,"ks":{"a":0,"k":{"c":true,"i":[[20.687,-6.294],[0,-4.015],[16.399,-8.302],[0,0],[7.485,7.485],[11.432,0],[0,-22.864],[7.52,7.485],[11.432,0],[0.816,-22.115],[0.034,0],[7.144,7.145],[11.432,0],[0.237,-22.66],[7.383,7.383],[11.432,0],[1.872,-21.129],[0.102,0.034],[6.703,6.669],[11.431,0],[0,-22.864],[0,0],[0,24.837],[-12.622,9.152],[0,8.438],[-23.613,4.185],[0,3.776],[-10.785,9.221],[0,9.731],[-27.831,0],[-1.939,-0.238],[-25.347,0],[-8.744,-14.869],[-0.102,0],[-21.537,0],[-3.369,-0.715],[-21.775,0],[-5.648,-21.639],[-8.302,0],[-4.355,-23.408],[0,-25.28],[6.703,-8.574],[0,-15.991],[2.756,-6.26],[0,-19.087]],"o":[[0.919,3.742],[0,19.632],[0,0],[0,-11.432],[-7.519,-7.485],[-22.864,0],[0,-11.432],[-7.484,-7.485],[-22.319,0],[-0.034,0.034],[-0.408,-10.785],[-7.486,-7.485],[-22.728,0],[-0.137,-11.262],[-7.519,-7.485],[-21.605,0],[-0.102,0.034],[-0.884,-9.969],[-7.485,-7.485],[-22.864,0],[0,0],[-23.646,-4.151],[0,-16.808],[-3.674,-6.975],[0,-24.803],[-0.783,-3.538],[0,-15.311],[-4.763,-7.723],[0,-27.831],[2.007,0],[3.538,-24.395],[18.543,0],[0.103,0.034],[7.213,-19.019],[3.607,0],[7.043,-19.359],[23.408,0],[6.907,-3.538],[24.667,0],[24.259,3.641],[0,11.738],[11.637,9.22],[0,7.281],[15.616,8.54],[0,22.728]],"v":[[221.578,120.409],[223.007,132.046],[195.38,176.991],[196.026,173.419],[183.914,144.158],[154.62,132.046],[113.247,173.419],[101.1,144.158],[71.84,132.046],[30.502,171.784],[30.4,171.819],[18.322,144.158],[-10.939,132.046],[-52.345,172.976],[-64.458,144.158],[-93.752,132.046],[-134.955,169.71],[-135.295,169.71],[-147.271,144.158],[-176.531,132.046],[-217.938,173.419],[-215.727,185.939],[-257.303,136.333],[-236.447,95.538],[-242.197,72.197],[-200.654,22.625],[-201.913,11.637],[-184.255,-26.607],[-191.808,-53.076],[-141.419,-103.466],[-135.533,-103.092],[-85.723,-146.234],[-42.275,-121.328],[-42.003,-121.294],[5.086,-153.889],[15.532,-152.766],[62.858,-185.938],[111.58,-148.274],[134.614,-153.889],[184.118,-112.755],[227.022,-62.977],[216.27,-31.914],[235.426,7.554],[231.071,27.968],[257.303,72.197]]},"ix":2}},{"ty":"mm","bm":0,"cl":"","ln":"","hd":false,"mn":"ADBE Vector Filter - Merge","nm":"Merge Paths 1","mm":4},{"ty":"fl","bm":0,"cl":"","ln":"","hd":false,"mn":"ADBE Vector Graphic - Fill","nm":"Fill 1","c":{"a":0,"k":[1,1,0.6667],"ix":4},"r":1,"o":{"a":0,"k":100,"ix":5}},{"ty":"tr","a":{"a":0,"k":[0,0],"ix":1},"s":{"a":0,"k":[100,100],"ix":3},"sk":{"a":0,"k":0,"ix":4},"p":{"a":0,"k":[258.706,189.981],"ix":2},"r":{"a":0,"k":0,"ix":6},"sa":{"a":0,"k":0,"ix":5},"o":{"a":0,"k":100,"ix":7}}]}],"ind":2,"parent":0},{"ty":4,"nm":"Popcorn 01","mn":"","sr":1,"st":90,"op":570,"ip":90,"hd":false,"cl":"","ln":"","ddd":0,"bm":0,"tt":0,"hasMask":false,"td":0,"ao":0,"ks":{"a":{"a":0,"k":[66.354,70.902,0],"ix":1},"s":{"a":1,"k":[{"o":{"x":0.333,"y":0},"i":{"x":0.667,"y":1},"s":[10,10,100],"t":90},{"o":{"x":0.167,"y":0.167},"i":{"x":0.833,"y":0.833},"s":[100,100,100],"t":120}],"ix":6},"sk":{"a":0,"k":0},"p":{"a":1,"k":[{"o":{"x":0.333,"y":0},"i":{"x":0.667,"y":1},"s":[558.284,343.306,0],"t":90},{"o":{"x":0.167,"y":0.167},"i":{"x":0.833,"y":0.833},"s":[-136.716,656.306,0],"t":120}],"ix":2},"sa":{"a":0,"k":0},"o":{"a":0,"k":100,"ix":11},"r":{"a":0,"k":0,"ix":10}},"ef":[],"shapes":[{"ty":"gr","bm":0,"cl":"","ln":"","hd":false,"mn":"ADBE Vector Group","nm":"Group 1","ix":1,"cix":2,"np":5,"it":[{"ty":"sh","bm":0,"cl":"","ln":"","hd":false,"mn":"ADBE Vector Shape - Group","nm":"Path 1","ix":1,"d":1,"ks":{"a":0,"k":{"c":true,"i":[[0.45,14.941],[-5.244,8.437],[0,0],[-0.891,9.891],[-7.923,6.11],[-9.871,-1.738],[-5.323,-8.411],[0,0],[-12.762,1.107],[-7.051,-10.44],[5.703,-11.077],[12.253,-0.491],[0,0],[6.603,-13.009],[14.235,-3.243],[11.732,8.965]],"o":[[-0.347,-9.844],[0,0],[-6.677,-7.172],[0.775,-9.913],[7.917,-6.151],[9.916,1.73],[0,0],[5.085,-11.82],[12.727,-1.258],[7.137,10.38],[-5.494,11.167],[0,0],[6.044,13.442],[-6.609,13.023],[-14.217,3.303],[-11.735,-8.911]],"v":[[-63.65,20.18],[-56.109,-8.083],[-55.857,-5.006],[-65.214,-32.189],[-51.347,-57.697],[-23.008,-64.657],[1.133,-48.35],[-4.37,-47.89],[25.195,-69.393],[57.943,-54.027],[60.402,-18.432],[30.923,0.774],[32.115,-1.195],[30.959,41.285],[-2.391,67.348],[-43.961,58.413]]},"ix":2}},{"ty":"sh","bm":0,"cl":"","ln":"","hd":false,"mn":"ADBE Vector Shape - Group","nm":"Path 2","ix":2,"d":1,"ks":{"a":0,"k":{"c":true,"i":[[-0.048,-9.029],[-10.785,-8.72],[-13.709,2.973],[-6.048,12.641],[5.897,12.589],[-0.692,0.324],[-0.166,0.011],[0,0],[-4.619,10.086],[6.419,8.791],[10.683,-1.355],[4.062,-9.844],[1.585,0.654],[0.331,0.507],[0,0],[8.081,1.35],[6.506,-5.023],[0.847,-8.267],[-5.548,-6.348],[0,0],[0.605,-0.914]],"o":[[0.01,13.684],[10.748,8.753],[13.646,-3.041],[6.119,-12.536],[-0.324,-0.692],[0.159,-0.074],[0,0],[11.261,-0.74],[4.808,-10.018],[-6.396,-8.881],[-10.699,1.092],[-0.653,1.585],[-0.602,-0.249],[0,0],[-4.523,-6.919],[-8.079,-1.443],[-6.603,4.884],[-0.993,8.27],[0,0],[0.755,0.865],[-4.942,7.456]],"v":[[-59.383,20.101],[-42.105,56.051],[-2.825,65.409],[29.044,40.326],[29.568,-0.045],[30.235,-1.885],[30.726,-2.012],[30.762,-2.015],[57.02,-20.07],[54.067,-51.298],[25.782,-63.702],[1.378,-45.423],[-2.676,-43.738],[-4.092,-44.91],[-4.128,-44.964],[-24.158,-58.126],[-47.382,-52.499],[-59.329,-31.639],[-52.059,-8.414],[-52.007,-8.356],[-51.807,-5.337]]},"ix":2}},{"ty":"mm","bm":0,"cl":"","ln":"","hd":false,"mn":"ADBE Vector Filter - Merge","nm":"Merge Paths 1","mm":1},{"ty":"mm","bm":0,"cl":"","ln":"","hd":false,"mn":"ADBE Vector Filter - Merge","nm":"Merge Paths 2","mm":4},{"ty":"fl","bm":0,"cl":"","ln":"","hd":false,"mn":"ADBE Vector Graphic - Fill","nm":"Fill 1","c":{"a":0,"k":[0,0.0863,0.2196],"ix":4},"r":1,"o":{"a":0,"k":100,"ix":5}},{"ty":"tr","a":{"a":0,"k":[0,0],"ix":1},"s":{"a":0,"k":[100,100],"ix":3},"sk":{"a":0,"k":0,"ix":4},"p":{"a":0,"k":[66.354,70.902],"ix":2},"r":{"a":0,"k":0,"ix":6},"sa":{"a":0,"k":0,"ix":5},"o":{"a":0,"k":100,"ix":7}}]},{"ty":"gr","bm":0,"cl":"","ln":"","hd":false,"mn":"ADBE Vector Group","nm":"Group 2","ix":2,"cix":2,"np":3,"it":[{"ty":"sh","bm":0,"cl":"","ln":"","hd":false,"mn":"ADBE Vector Shape - Group","nm":"Path 1","ix":1,"d":1,"ks":{"a":0,"k":{"c":true,"i":[[-0.186,-9.875],[-26.68,0.503],[0.502,26.68],[2.613,5.791],[0.336,17.84],[18.279,-0.344],[4.974,-11.59],[11.914,-0.224],[-0.344,-18.28],[-5.121,-5.706]],"o":[[0.502,26.68],[26.679,-0.502],[-0.127,-6.754],[17.657,-1.024],[-0.343,-18.28],[-13.43,0.253],[-6.007,-9.336],[-18.28,0.344],[0.156,8.267],[-4.942,7.746]],"v":[[-61.307,19.656],[-12.09,67.054],[35.309,17.838],[31.052,-1.105],[62.224,-34.737],[28.503,-67.213],[-1.287,-47.141],[-29.74,-62.374],[-62.216,-28.652],[-53.747,-7.195]]},"ix":2}},{"ty":"mm","bm":0,"cl":"","ln":"","hd":false,"mn":"ADBE Vector Filter - Merge","nm":"Merge Paths 1","mm":4},{"ty":"fl","bm":0,"cl":"","ln":"","hd":false,"mn":"ADBE Vector Graphic - Fill","nm":"Fill 1","c":{"a":0,"k":[1,1,0.6667],"ix":4},"r":1,"o":{"a":0,"k":100,"ix":5}},{"ty":"tr","a":{"a":0,"k":[0,0],"ix":1},"s":{"a":0,"k":[100,100],"ix":3},"sk":{"a":0,"k":0,"ix":4},"p":{"a":0,"k":[66.144,71.386],"ix":2},"r":{"a":0,"k":0,"ix":6},"sa":{"a":0,"k":0,"ix":5},"o":{"a":0,"k":100,"ix":7}}]}],"ind":3},{"ty":4,"nm":"Popcorn 02","mn":"","sr":1,"st":60,"op":540,"ip":60,"hd":false,"cl":"","ln":"","ddd":0,"bm":0,"tt":0,"hasMask":false,"td":0,"ao":0,"ks":{"a":{"a":0,"k":[66.411,70.376,0],"ix":1},"s":{"a":1,"k":[{"o":{"x":0.333,"y":0},"i":{"x":0.667,"y":1},"s":[10,10,100],"t":60},{"o":{"x":0.167,"y":0.167},"i":{"x":0.833,"y":0.833},"s":[100,100,100],"t":90}],"ix":6},"sk":{"a":0,"k":0},"p":{"a":1,"k":[{"o":{"x":0.333,"y":0},"i":{"x":0.667,"y":1},"s":[564.139,246.816,0],"t":60},{"o":{"x":0.167,"y":0.167},"i":{"x":0.833,"y":0.833},"s":[1179.139,632.816,0],"t":90}],"ix":2},"sa":{"a":0,"k":0},"o":{"a":0,"k":100,"ix":11},"r":{"a":0,"k":0,"ix":10}},"ef":[],"shapes":[{"ty":"gr","bm":0,"cl":"","ln":"","hd":false,"mn":"ADBE Vector Group","nm":"Group 1","ix":1,"cix":2,"np":5,"it":[{"ty":"sh","bm":0,"cl":"","ln":"","hd":false,"mn":"ADBE Vector Shape - Group","nm":"Path 1","ix":1,"d":1,"ks":{"a":0,"k":{"c":true,"i":[[-0.168,-14.947],[5.401,-8.338],[0,0],[1.077,-9.872],[8.036,-5.96],[9.835,1.925],[5.164,8.51],[0,0],[12.78,-0.867],[6.853,10.572],[-5.91,10.968],[-12.261,0.26],[0,0],[-6.847,12.882],[-14.294,2.975],[-11.56,-9.183]],"o":[[0.162,9.849],[0,0],[6.542,7.297],[-0.961,9.897],[-8.031,6],[-9.883,-1.915],[0,0],[-5.306,11.723],[-12.749,1.018],[-6.941,-10.512],[5.704,-11.061],[0,0],[-5.79,-13.553],[6.852,-12.897],[14.276,-3.035],[11.566,9.131]],"v":[[64.507,-18.779],[56.435,9.338],[56.24,6.257],[65.083,33.611],[50.74,58.854],[22.276,65.279],[-1.555,48.52],[3.956,48.165],[-26.008,69.108],[-58.461,53.127],[-60.25,17.492],[-30.414,-1.154],[-31.643,0.791],[-29.688,-41.658],[4.146,-67.091],[45.539,-57.375]]},"ix":2}},{"ty":"sh","bm":0,"cl":"","ln":"","hd":false,"mn":"ADBE Vector Shape - Group","nm":"Path 2","ix":2,"d":1,"ks":{"a":0,"k":{"c":true,"i":[[-0.122,9.029],[10.618,8.921],[13.762,-2.715],[6.284,-12.525],[-5.659,-12.698],[0.698,-0.311],[0.166,-0.008],[0,0],[4.808,-9.997],[-6.252,-8.911],[-10.707,1.153],[-4.247,9.766],[-1.572,-0.684],[-0.321,-0.513],[0,0],[-8.054,-1.502],[-6.6,4.899],[-1.002,8.249],[5.427,6.45],[0,0],[-0.622,0.902]],"o":[[0.247,-13.682],[-10.582,-8.953],[-13.701,2.783],[-6.355,12.419],[0.311,0.698],[-0.16,0.071],[0,0],[-11.272,0.528],[-4.996,9.925],[6.228,9],[10.717,-0.891],[0.684,-1.572],[0.598,0.26],[0,0],[4.392,7.003],[8.05,1.594],[6.693,-4.76],[1.148,-8.25],[0,0],[-0.74,-0.878],[5.081,-7.362]],"v":[[60.239,-18.779],[43.64,-55.049],[4.542,-65.143],[-27.792,-40.664],[-29.076,-0.31],[-29.777,1.517],[-30.271,1.635],[-30.307,1.637],[-56.901,19.194],[-54.534,50.473],[-26.487,63.407],[-1.745,45.59],[2.341,43.981],[3.734,45.179],[3.768,45.235],[23.547,58.771],[46.873,53.583],[59.211,32.95],[52.378,9.594],[52.328,9.534],[52.185,6.512]]},"ix":2}},{"ty":"mm","bm":0,"cl":"","ln":"","hd":false,"mn":"ADBE Vector Filter - Merge","nm":"Merge Paths 1","mm":1},{"ty":"mm","bm":0,"cl":"","ln":"","hd":false,"mn":"ADBE Vector Filter - Merge","nm":"Merge Paths 2","mm":4},{"ty":"fl","bm":0,"cl":"","ln":"","hd":false,"mn":"ADBE Vector Graphic - Fill","nm":"Fill 1","c":{"a":0,"k":[0,0.0863,0.2196],"ix":4},"r":1,"o":{"a":0,"k":100,"ix":5}},{"ty":"tr","a":{"a":0,"k":[0,0],"ix":1},"s":{"a":0,"k":[100,100],"ix":3},"sk":{"a":0,"k":0,"ix":4},"p":{"a":0,"k":[66.41,70.376],"ix":2},"r":{"a":0,"k":0,"ix":6},"sa":{"a":0,"k":0,"ix":5},"o":{"a":0,"k":100,"ix":7}}]},{"ty":"gr","bm":0,"cl":"","ln":"","hd":false,"mn":"ADBE Vector Group","nm":"Group 2","ix":2,"cix":2,"np":3,"it":[{"ty":"sh","bm":0,"cl":"","ln":"","hd":false,"mn":"ADBE Vector Shape - Group","nm":"Path 1","ix":1,"d":1,"ks":{"a":0,"k":{"c":true,"i":[[0,9.877],[26.684,0],[0,-26.684],[-2.503,-5.839],[0,-17.843],[-18.283,0],[-5.191,11.494],[-11.917,0],[0,18.283],[5.011,5.802]],"o":[[0,-26.684],[-26.684,0],[0,6.755],[-17.673,0.691],[0,18.283],[13.431,0],[5.83,9.448],[18.283,0],[0,-8.268],[5.086,-7.652]],"v":[[62.266,-18.424],[13.95,-66.74],[-34.366,-18.424],[-30.467,0.596],[-62.266,33.635],[-29.161,66.74],[0.999,47.232],[29.161,62.997],[62.266,29.892],[54.203,8.28]]},"ix":2}},{"ty":"mm","bm":0,"cl":"","ln":"","hd":false,"mn":"ADBE Vector Filter - Merge","nm":"Merge Paths 1","mm":4},{"ty":"fl","bm":0,"cl":"","ln":"","hd":false,"mn":"ADBE Vector Graphic - Fill","nm":"Fill 1","c":{"a":0,"k":[1,1,0.6667],"ix":4},"r":1,"o":{"a":0,"k":100,"ix":5}},{"ty":"tr","a":{"a":0,"k":[0,0],"ix":1},"s":{"a":0,"k":[100,100],"ix":3},"sk":{"a":0,"k":0,"ix":4},"p":{"a":0,"k":[66.517,70.021],"ix":2},"r":{"a":0,"k":0,"ix":6},"sa":{"a":0,"k":0,"ix":5},"o":{"a":0,"k":100,"ix":7}}]}],"ind":4}],"ddd":0,"h":1080,"w":1080,"meta":{"a":"","k":"","d":"","g":"@lottiefiles/toolkit-js 0.21.1","tc":"#ffffff"},"v":"5.7.4","fr":60,"op":120,"ip":60,"assets":[]}