{"v":"5.6.6","fr":29.9700012207031,"ip":0,"op":301.000012259981,"w":1920,"h":1080,"nm":"Scan anim3 barcode (Rounded)","ddd":0,"assets":[],"layers":[{"ddd":0,"ind":11,"ty":4,"nm":"Calque de forme 5","sr":1,"ks":{"o":{"a":0,"k":100,"ix":11},"r":{"a":0,"k":0,"ix":10},"p":{"a":1,"k":[{"i":{"x":0.35,"y":1},"o":{"x":0.65,"y":0},"t":0,"s":[1010,358,0],"to":[0,0,0],"ti":[0,0,0]},{"i":{"x":0.35,"y":1},"o":{"x":0.167,"y":0},"t":30,"s":[1010,721,0],"to":[0,0,0],"ti":[0,0,0]},{"i":{"x":0.35,"y":1},"o":{"x":0.65,"y":0},"t":60,"s":[1010,358,0],"to":[0,0,0],"ti":[0,0,0]},{"i":{"x":0.35,"y":1},"o":{"x":0.167,"y":0},"t":90,"s":[1010,721,0],"to":[0,0,0],"ti":[0,0,0]},{"i":{"x":0.35,"y":1},"o":{"x":0.65,"y":0},"t":120,"s":[1010,358,0],"to":[0,0,0],"ti":[0,0,0]},{"i":{"x":0.35,"y":1},"o":{"x":0.167,"y":0},"t":150,"s":[1010,721,0],"to":[0,0,0],"ti":[0,0,0]},{"i":{"x":0.35,"y":1},"o":{"x":0.65,"y":0},"t":180,"s":[1010,358,0],"to":[0,0,0],"ti":[0,0,0]},{"i":{"x":0.35,"y":1},"o":{"x":0.167,"y":0},"t":210,"s":[1010,721,0],"to":[0,0,0],"ti":[0,0,0]},{"i":{"x":0.35,"y":1},"o":{"x":0.65,"y":0},"t":240,"s":[1010,358,0],"to":[0,0,0],"ti":[0,0,0]},{"i":{"x":0.35,"y":1},"o":{"x":0.167,"y":0},"t":270,"s":[1010,721,0],"to":[0,0,0],"ti":[0,0,0]},{"t":300.00001221925,"s":[1010,358,0]}],"ix":2},"a":{"a":0,"k":[0,0,0],"ix":1},"s":{"a":0,"k":[100,100,100],"ix":6}},"ao":0,"shapes":[{"ty":"gr","it":[{"ind":0,"ty":"sh","ix":1,"ks":{"a":0,"k":{"i":[[0,0],[0,0]],"o":[[0,0],[0,0]],"v":[[-340,0],[240,0]],"c":false},"ix":2},"nm":"Tracé 1","mn":"ADBE Vector Shape - Group","hd":false},{"ty":"st","c":{"a":0,"k":[0.2,0.2,0.2,1],"ix":3},"o":{"a":0,"k":100,"ix":4},"w":{"a":0,"k":19.5,"ix":5},"lc":2,"lj":1,"ml":4,"bm":0,"nm":"Contour 1","mn":"ADBE Vector Graphic - Stroke","hd":false},{"ty":"tr","p":{"a":0,"k":[0,0],"ix":2},"a":{"a":0,"k":[0,0],"ix":1},"s":{"a":0,"k":[100,100],"ix":3},"r":{"a":0,"k":0,"ix":6},"o":{"a":0,"k":100,"ix":7},"sk":{"a":0,"k":0,"ix":4},"sa":{"a":0,"k":0,"ix":5},"nm":"Transformer "}],"nm":"Forme 1","np":3,"cix":2,"bm":0,"ix":1,"mn":"ADBE Vector Group","hd":false},{"ty":"tm","s":{"a":1,"k":[{"i":{"x":[0.09],"y":[1]},"o":{"x":[0.26],"y":[0]},"t":0,"s":[0]},{"i":{"x":[0.09],"y":[1]},"o":{"x":[0.26],"y":[0]},"t":18,"s":[0]},{"i":{"x":[0.74],"y":[1]},"o":{"x":[0.91],"y":[0]},"t":286,"s":[0]},{"t":304.000012382174,"s":[100]}],"ix":1},"e":{"a":1,"k":[{"i":{"x":[0.09],"y":[1]},"o":{"x":[0.26],"y":[0]},"t":0,"s":[0]},{"i":{"x":[0.09],"y":[1]},"o":{"x":[0.26],"y":[0]},"t":18,"s":[100]},{"i":{"x":[0.74],"y":[1]},"o":{"x":[0.91],"y":[0]},"t":286,"s":[100]},{"t":304.000012382174,"s":[100]}],"ix":2},"o":{"a":0,"k":0,"ix":3},"m":1,"ix":2,"nm":"Raccorder les tracés 1","mn":"ADBE Vector Filter - Trim","hd":false}],"ip":0,"op":301.000012259981,"st":0,"bm":0},{"ddd":0,"ind":12,"ty":4,"nm":"Calque de forme 20","sr":1,"ks":{"o":{"a":0,"k":100,"ix":11},"r":{"a":0,"k":450,"ix":10},"p":{"a":0,"k":[1224.992,120,0],"ix":2},"a":{"a":0,"k":[0,0,0],"ix":1},"s":{"a":0,"k":[100,100,100],"ix":6}},"ao":0,"shapes":[{"ty":"gr","it":[{"ind":0,"ty":"sh","ix":1,"ks":{"a":0,"k":{"i":[[0,0],[-0.052,0.419],[-140.1,0.015],[0,0]],"o":[[0,0],[-0.052,-119.581],[-0.1,0.015],[0,0]],"v":[[0,165],[0.052,-15.419],[160.1,-155.015],[320,-155]],"c":false},"ix":2},"nm":"Tracé 1","mn":"ADBE Vector Shape - Group","hd":false},{"ty":"st","c":{"a":0,"k":[0.2,0.2,0.2,1],"ix":3},"o":{"a":0,"k":100,"ix":4},"w":{"a":0,"k":19.5,"ix":5},"lc":2,"lj":1,"ml":4,"bm":0,"nm":"Contour 1","mn":"ADBE Vector Graphic - Stroke","hd":false},{"ty":"tr","p":{"a":0,"k":[0,0],"ix":2},"a":{"a":0,"k":[0,0],"ix":1},"s":{"a":0,"k":[100,100],"ix":3},"r":{"a":0,"k":0,"ix":6},"o":{"a":0,"k":100,"ix":7},"sk":{"a":0,"k":0,"ix":4},"sa":{"a":0,"k":0,"ix":5},"nm":"Transformer "}],"nm":"Forme 1","np":3,"cix":2,"bm":0,"ix":1,"mn":"ADBE Vector Group","hd":false},{"ty":"tm","s":{"a":1,"k":[{"i":{"x":[0.09],"y":[1]},"o":{"x":[0.26],"y":[0]},"t":0,"s":[0]},{"i":{"x":[0.09],"y":[1]},"o":{"x":[0.26],"y":[0]},"t":18,"s":[0]},{"i":{"x":[0.74],"y":[1]},"o":{"x":[0.91],"y":[0]},"t":285,"s":[0]},{"t":299.00001217852,"s":[100]}],"ix":1},"e":{"a":1,"k":[{"i":{"x":[0.09],"y":[1]},"o":{"x":[0.26],"y":[0]},"t":0,"s":[0]},{"i":{"x":[0.09],"y":[1]},"o":{"x":[0.26],"y":[0]},"t":18,"s":[100]},{"i":{"x":[0.74],"y":[1]},"o":{"x":[0.91],"y":[0]},"t":285,"s":[100]},{"t":299.00001217852,"s":[100]}],"ix":2},"o":{"a":0,"k":0,"ix":3},"m":1,"ix":2,"nm":"Réduire les tracés 1","mn":"ADBE Vector Filter - Trim","hd":false}],"ip":0,"op":301.000012259981,"st":0,"bm":0},{"ddd":0,"ind":13,"ty":4,"nm":"Calque de forme 19","sr":1,"ks":{"o":{"a":0,"k":100,"ix":11},"r":{"a":0,"k":540,"ix":10},"p":{"a":0,"k":[1380,804.992,0],"ix":2},"a":{"a":0,"k":[0,0,0],"ix":1},"s":{"a":0,"k":[100,100,100],"ix":6}},"ao":0,"shapes":[{"ty":"gr","it":[{"ind":0,"ty":"sh","ix":1,"ks":{"a":0,"k":{"i":[[0,0],[-0.052,0.419],[-140.1,0.015],[0,0]],"o":[[0,0],[-0.052,-119.581],[-0.1,0.015],[0,0]],"v":[[0,165],[0.052,-15.419],[160.1,-155.015],[320,-155]],"c":false},"ix":2},"nm":"Tracé 1","mn":"ADBE Vector Shape - Group","hd":false},{"ty":"st","c":{"a":0,"k":[0.2,0.2,0.2,1],"ix":3},"o":{"a":0,"k":100,"ix":4},"w":{"a":0,"k":19.5,"ix":5},"lc":2,"lj":1,"ml":4,"bm":0,"nm":"Contour 1","mn":"ADBE Vector Graphic - Stroke","hd":false},{"ty":"tr","p":{"a":0,"k":[0,0],"ix":2},"a":{"a":0,"k":[0,0],"ix":1},"s":{"a":0,"k":[100,100],"ix":3},"r":{"a":0,"k":0,"ix":6},"o":{"a":0,"k":100,"ix":7},"sk":{"a":0,"k":0,"ix":4},"sa":{"a":0,"k":0,"ix":5},"nm":"Transformer "}],"nm":"Forme 1","np":3,"cix":2,"bm":0,"ix":1,"mn":"ADBE Vector Group","hd":false},{"ty":"tm","s":{"a":1,"k":[{"i":{"x":[0.09],"y":[1]},"o":{"x":[0.26],"y":[0]},"t":0,"s":[0]},{"i":{"x":[0.09],"y":[1]},"o":{"x":[0.26],"y":[0]},"t":18,"s":[0]},{"i":{"x":[0.74],"y":[1]},"o":{"x":[0.91],"y":[0]},"t":285,"s":[0]},{"t":299.00001217852,"s":[100]}],"ix":1},"e":{"a":1,"k":[{"i":{"x":[0.09],"y":[1]},"o":{"x":[0.26],"y":[0]},"t":0,"s":[0]},{"i":{"x":[0.09],"y":[1]},"o":{"x":[0.26],"y":[0]},"t":18,"s":[100]},{"i":{"x":[0.74],"y":[1]},"o":{"x":[0.91],"y":[0]},"t":285,"s":[100]},{"t":299.00001217852,"s":[100]}],"ix":2},"o":{"a":0,"k":0,"ix":3},"m":1,"ix":2,"nm":"Réduire les tracés 1","mn":"ADBE Vector Filter - Trim","hd":false}],"ip":0,"op":301.000012259981,"st":0,"bm":0},{"ddd":0,"ind":14,"ty":4,"nm":"Calque de forme 18","sr":1,"ks":{"o":{"a":0,"k":100,"ix":11},"r":{"a":0,"k":360,"ix":10},"p":{"a":0,"k":[540,275.008,0],"ix":2},"a":{"a":0,"k":[0,0,0],"ix":1},"s":{"a":0,"k":[100,100,100],"ix":6}},"ao":0,"shapes":[{"ty":"gr","it":[{"ind":0,"ty":"sh","ix":1,"ks":{"a":0,"k":{"i":[[0,0],[-0.052,0.419],[-140.1,0.015],[0,0]],"o":[[0,0],[-0.052,-119.581],[-0.1,0.015],[0,0]],"v":[[0,165],[0.052,-15.419],[160.1,-155.015],[320,-155]],"c":false},"ix":2},"nm":"Tracé 1","mn":"ADBE Vector Shape - Group","hd":false},{"ty":"st","c":{"a":0,"k":[0.2,0.2,0.2,1],"ix":3},"o":{"a":0,"k":100,"ix":4},"w":{"a":0,"k":19.5,"ix":5},"lc":2,"lj":1,"ml":4,"bm":0,"nm":"Contour 1","mn":"ADBE Vector Graphic - Stroke","hd":false},{"ty":"tr","p":{"a":0,"k":[0,0],"ix":2},"a":{"a":0,"k":[0,0],"ix":1},"s":{"a":0,"k":[100,100],"ix":3},"r":{"a":0,"k":0,"ix":6},"o":{"a":0,"k":100,"ix":7},"sk":{"a":0,"k":0,"ix":4},"sa":{"a":0,"k":0,"ix":5},"nm":"Transformer "}],"nm":"Forme 1","np":3,"cix":2,"bm":0,"ix":1,"mn":"ADBE Vector Group","hd":false},{"ty":"tm","s":{"a":1,"k":[{"i":{"x":[0.09],"y":[1]},"o":{"x":[0.26],"y":[0]},"t":0,"s":[0]},{"i":{"x":[0.09],"y":[1]},"o":{"x":[0.26],"y":[0]},"t":18,"s":[0]},{"i":{"x":[0.74],"y":[1]},"o":{"x":[0.91],"y":[0]},"t":285,"s":[0]},{"t":299.00001217852,"s":[100]}],"ix":1},"e":{"a":1,"k":[{"i":{"x":[0.09],"y":[1]},"o":{"x":[0.26],"y":[0]},"t":0,"s":[0]},{"i":{"x":[0.09],"y":[1]},"o":{"x":[0.26],"y":[0]},"t":18,"s":[100]},{"i":{"x":[0.74],"y":[1]},"o":{"x":[0.91],"y":[0]},"t":285,"s":[100]},{"t":299.00001217852,"s":[100]}],"ix":2},"o":{"a":0,"k":0,"ix":3},"m":1,"ix":2,"nm":"Réduire les tracés 1","mn":"ADBE Vector Filter - Trim","hd":false}],"ip":0,"op":301.000012259981,"st":0,"bm":0},{"ddd":0,"ind":15,"ty":4,"nm":"Calque de forme 4","sr":1,"ks":{"o":{"a":0,"k":100,"ix":11},"r":{"a":0,"k":270,"ix":10},"p":{"a":0,"k":[695,960,0],"ix":2},"a":{"a":0,"k":[0,0,0],"ix":1},"s":{"a":0,"k":[100,100,100],"ix":6}},"ao":0,"shapes":[{"ty":"gr","it":[{"ind":0,"ty":"sh","ix":1,"ks":{"a":0,"k":{"i":[[0,0],[-0.052,0.419],[-140.1,0.015],[0,0]],"o":[[0,0],[-0.052,-119.581],[-0.1,0.015],[0,0]],"v":[[0,165],[0.052,-15.419],[160.1,-155.015],[320,-155]],"c":false},"ix":2},"nm":"Tracé 1","mn":"ADBE Vector Shape - Group","hd":false},{"ty":"st","c":{"a":0,"k":[0.2,0.2,0.2,1],"ix":3},"o":{"a":0,"k":100,"ix":4},"w":{"a":0,"k":19.5,"ix":5},"lc":2,"lj":1,"ml":4,"bm":0,"nm":"Contour 1","mn":"ADBE Vector Graphic - Stroke","hd":false},{"ty":"tr","p":{"a":0,"k":[0,0],"ix":2},"a":{"a":0,"k":[0,0],"ix":1},"s":{"a":0,"k":[100,100],"ix":3},"r":{"a":0,"k":0,"ix":6},"o":{"a":0,"k":100,"ix":7},"sk":{"a":0,"k":0,"ix":4},"sa":{"a":0,"k":0,"ix":5},"nm":"Transformer "}],"nm":"Forme 1","np":3,"cix":2,"bm":0,"ix":1,"mn":"ADBE Vector Group","hd":false},{"ty":"tm","s":{"a":1,"k":[{"i":{"x":[0.09],"y":[1]},"o":{"x":[0.26],"y":[0]},"t":0,"s":[0]},{"i":{"x":[0.09],"y":[1]},"o":{"x":[0.26],"y":[0]},"t":18,"s":[0]},{"i":{"x":[0.74],"y":[1]},"o":{"x":[0.91],"y":[0]},"t":285,"s":[0]},{"t":299.00001217852,"s":[100]}],"ix":1},"e":{"a":1,"k":[{"i":{"x":[0.09],"y":[1]},"o":{"x":[0.26],"y":[0]},"t":0,"s":[0]},{"i":{"x":[0.09],"y":[1]},"o":{"x":[0.26],"y":[0]},"t":18,"s":[100]},{"i":{"x":[0.74],"y":[1]},"o":{"x":[0.91],"y":[0]},"t":285,"s":[100]},{"t":299.00001217852,"s":[100]}],"ix":2},"o":{"a":0,"k":0,"ix":3},"m":1,"ix":2,"nm":"Réduire les tracés 1","mn":"ADBE Vector Filter - Trim","hd":false}],"ip":0,"op":301.000012259981,"st":0,"bm":0}],"markers":[]}