{"v":"5.5.7","meta":{"g":"LottieFiles AE 0.1.20","a":"","k":"","d":"","tc":""},"fr":30,"ip":0,"op":90,"w":512,"h":512,"nm":"Wallet","ddd":0,"assets":[],"layers":[{"ddd":0,"ind":1,"ty":4,"nm":"Shape Layer 2","td":1,"sr":1,"ks":{"o":{"a":0,"k":100,"ix":11},"r":{"a":1,"k":[{"i":{"x":[0.833],"y":[0.833]},"o":{"x":[0.167],"y":[0.167]},"t":0,"s":[0]},{"i":{"x":[0.833],"y":[0.833]},"o":{"x":[0.167],"y":[0.167]},"t":13,"s":[4]},{"i":{"x":[0.833],"y":[0.833]},"o":{"x":[0.167],"y":[0.167]},"t":68,"s":[-4]},{"t":90,"s":[0]}],"ix":10},"p":{"a":1,"k":[{"i":{"x":0.667,"y":1},"o":{"x":0.333,"y":0},"t":0,"s":[256,317.152,0],"to":[0,0,0],"ti":[0,0,0]},{"i":{"x":0.833,"y":1},"o":{"x":0.333,"y":0},"t":39,"s":[256,277.583,0],"to":[0,0,0],"ti":[0,0,0]},{"t":90,"s":[256,317.152,0]}],"ix":2},"a":{"a":0,"k":[0,0,0],"ix":1},"s":{"a":0,"k":[100,135.6,100],"ix":6}},"ao":0,"shapes":[{"ty":"gr","it":[{"ty":"rc","d":1,"s":{"a":0,"k":[304.519,104.792],"ix":2},"p":{"a":0,"k":[0,0],"ix":3},"r":{"a":0,"k":0,"ix":4},"nm":"Rectangle Path 1","mn":"ADBE Vector Shape - Rect","hd":false},{"ty":"fl","c":{"a":0,"k":[0.765657013538,0.93292499617,0.894843008004,1],"ix":4},"o":{"a":0,"k":100,"ix":5},"r":1,"bm":0,"nm":"Fill 1","mn":"ADBE Vector Graphic - Fill","hd":false},{"ty":"tr","p":{"a":0,"k":[-9.741,-130.604],"ix":2},"a":{"a":0,"k":[0,0],"ix":1},"s":{"a":0,"k":[100,100],"ix":3},"r":{"a":0,"k":0,"ix":6},"o":{"a":0,"k":100,"ix":7},"sk":{"a":0,"k":0,"ix":4},"sa":{"a":0,"k":0,"ix":5},"nm":"Transform"}],"nm":"Rectangle 1","np":3,"cix":2,"bm":0,"ix":1,"mn":"ADBE Vector Group","hd":false}],"ip":0,"op":300,"st":0,"bm":0},{"ddd":0,"ind":2,"ty":4,"nm":"Shape Layer 1","tt":1,"sr":1,"ks":{"o":{"a":0,"k":100,"ix":11},"r":{"a":1,"k":[{"i":{"x":[0.833],"y":[0.833]},"o":{"x":[0.167],"y":[0.167]},"t":0,"s":[0]},{"i":{"x":[0.833],"y":[0.833]},"o":{"x":[0.167],"y":[0.167]},"t":13,"s":[4]},{"i":{"x":[0.833],"y":[0.833]},"o":{"x":[0.167],"y":[0.167]},"t":68,"s":[-4]},{"t":90,"s":[0]}],"ix":10},"p":{"a":1,"k":[{"i":{"x":0.667,"y":1},"o":{"x":0.333,"y":0},"t":0,"s":[296.768,283.578,0],"to":[0,0,0],"ti":[0,0,0]},{"i":{"x":0.667,"y":1},"o":{"x":0.333,"y":0},"t":39,"s":[296.768,246.407,0],"to":[0,0,0],"ti":[0,0,0]},{"t":90,"s":[296.768,283.578,0]}],"ix":2},"a":{"a":0,"k":[0,0,0],"ix":1},"s":{"a":0,"k":[100,100,100],"ix":6}},"ao":0,"shapes":[{"ty":"gr","it":[{"ind":0,"ty":"sh","ix":1,"ks":{"a":1,"k":[{"i":{"x":0.667,"y":1},"o":{"x":0.333,"y":0},"t":0,"s":[{"i":[[0,0],[0,0],[0,0]],"o":[[0,0],[0,0],[0,0]],"v":[[15,-71],[-183,-60],[11,-75]],"c":true}]},{"i":{"x":0.667,"y":1},"o":{"x":0.333,"y":0},"t":30,"s":[{"i":[[0,0],[0,0],[0,0]],"o":[[0,0],[0,0],[0,0]],"v":[[-40.69,-172.708],[-183,-60],[0.25,-130.5]],"c":true}]},{"i":{"x":0.667,"y":1},"o":{"x":0.333,"y":0},"t":52,"s":[{"i":[[0,0],[0,0],[0,0]],"o":[[0,0],[0,0],[0,0]],"v":[[-40.69,-172.708],[-183,-60],[0.25,-130.5]],"c":true}]},{"t":81,"s":[{"i":[[0,0],[0,0],[0,0]],"o":[[0,0],[0,0],[0,0]],"v":[[15,-71],[-183,-60],[11,-75]],"c":true}]}],"ix":2},"nm":"Path 1","mn":"ADBE Vector Shape - Group","hd":false},{"ty":"st","c":{"a":0,"k":[0.7372549019607844,0.2196078431372549,0.34509803921568627,1],"ix":3},"o":{"a":0,"k":100,"ix":4},"w":{"a":0,"k":23,"ix":5},"lc":2,"lj":2,"bm":0,"nm":"Stroke 1","mn":"ADBE Vector Graphic - Stroke","hd":false},{"ty":"tr","p":{"a":0,"k":[0,0],"ix":2},"a":{"a":0,"k":[0,0],"ix":1},"s":{"a":0,"k":[100,100],"ix":3},"r":{"a":0,"k":0,"ix":6},"o":{"a":0,"k":100,"ix":7},"sk":{"a":0,"k":0,"ix":4},"sa":{"a":0,"k":0,"ix":5},"nm":"Transform"}],"nm":"Shape 1","np":3,"cix":2,"bm":0,"ix":1,"mn":"ADBE Vector Group","hd":false},{"ty":"gr","it":[{"ty":"rc","d":1,"s":{"a":0,"k":[247.41,199.044],"ix":2},"p":{"a":0,"k":[0,0],"ix":3},"r":{"a":0,"k":0,"ix":4},"nm":"Rectangle Path 1","mn":"ADBE Vector Shape - Rect","hd":false},{"ty":"st","c":{"a":0,"k":[0.7372549019607844,0.2196078431372549,0.34509803921568627,1],"ix":3},"o":{"a":0,"k":100,"ix":4},"w":{"a":0,"k":23,"ix":5},"lc":2,"lj":2,"bm":0,"nm":"Stroke 1","mn":"ADBE Vector Graphic - Stroke","hd":false},{"ty":"tr","p":{"a":0,"k":[-179.777,-61.163],"ix":2},"a":{"a":0,"k":[-120.341,-98.862],"ix":1},"s":{"a":0,"k":[100,100],"ix":3},"r":{"a":1,"k":[{"i":{"x":[0.667],"y":[1]},"o":{"x":[0.333],"y":[0]},"t":0,"s":[0]},{"i":{"x":[0.667],"y":[1]},"o":{"x":[0.333],"y":[0]},"t":30,"s":[-20.859]},{"i":{"x":[0.667],"y":[1]},"o":{"x":[0.333],"y":[0]},"t":52,"s":[-20.859]},{"t":81,"s":[0]}],"ix":6},"o":{"a":0,"k":100,"ix":7},"sk":{"a":0,"k":0,"ix":4},"sa":{"a":0,"k":0,"ix":5},"nm":"Transform"}],"nm":"Rectangle 1","np":3,"cix":2,"bm":0,"ix":2,"mn":"ADBE Vector Group","hd":false}],"ip":0,"op":300,"st":0,"bm":0},{"ddd":0,"ind":3,"ty":4,"nm":"Icon Set-04 Outlines","sr":1,"ks":{"o":{"a":0,"k":100,"ix":11},"r":{"a":1,"k":[{"i":{"x":[0.833],"y":[0.833]},"o":{"x":[0.167],"y":[0.167]},"t":0,"s":[0]},{"i":{"x":[0.833],"y":[0.833]},"o":{"x":[0.167],"y":[0.167]},"t":13,"s":[4]},{"i":{"x":[0.833],"y":[0.833]},"o":{"x":[0.167],"y":[0.167]},"t":68,"s":[-4]},{"t":90,"s":[0]}],"ix":10},"p":{"a":1,"k":[{"i":{"x":0.667,"y":1},"o":{"x":0.333,"y":0},"t":0,"s":[256,283.578,0],"to":[0,0,0],"ti":[0,0,0]},{"i":{"x":0.667,"y":1},"o":{"x":0.333,"y":0},"t":39,"s":[256,246.407,0],"to":[0,0,0],"ti":[0,0,0]},{"t":90,"s":[256,283.578,0]}],"ix":2},"a":{"a":0,"k":[128,128,0],"ix":1},"s":{"a":0,"k":[154.333,154.333,100],"ix":6}},"ao":0,"shapes":[{"ty":"gr","it":[{"ind":0,"ty":"sh","ix":1,"ks":{"a":1,"k":[{"i":{"x":0.667,"y":1},"o":{"x":0.333,"y":0},"t":6,"s":[{"i":[[6.113,0],[0,0],[0,15.626],[0,0],[-15.626,0],[0,0],[0,-6.113],[0,0]],"o":[[0,0],[-15.626,0],[0,0],[0,-15.626],[0,0],[6.113,0],[0,0],[0,6.113]],"v":[[31.935,28.294],[-14.71,28.294],[-43.003,0.001],[-43.003,-0.001],[-14.71,-28.294],[31.935,-28.294],[43.004,-17.226],[43.004,17.225]],"c":true}]},{"i":{"x":0.667,"y":1},"o":{"x":0.333,"y":0},"t":22,"s":[{"i":[[6.113,0],[0,0],[0,15.626],[0,0],[-15.626,0],[0,0],[0,-6.113],[0,0]],"o":[[0,0],[-15.626,0],[0,0],[0,-15.626],[0,0],[6.113,0],[0,0],[0,6.113]],"v":[[31.935,28.294],[-38.33,29.023],[-66.624,0.73],[-66.624,0.729],[-38.33,-27.564],[31.935,-28.294],[43.004,-17.226],[43.004,17.225]],"c":true}]},{"i":{"x":0.667,"y":1},"o":{"x":0.333,"y":0},"t":49,"s":[{"i":[[6.113,0],[0,0],[0,15.626],[0,0],[-15.626,0],[0,0],[0,-6.113],[0,0]],"o":[[0,0],[-15.626,0],[0,0],[0,-15.626],[0,0],[6.113,0],[0,0],[0,6.113]],"v":[[31.935,28.294],[-38.33,29.023],[-66.624,0.73],[-66.624,0.729],[-38.33,-27.564],[31.935,-28.294],[43.004,-17.226],[43.004,17.225]],"c":true}]},{"t":82,"s":[{"i":[[6.113,0],[0,0],[0,15.626],[0,0],[-15.626,0],[0,0],[0,-6.113],[0,0]],"o":[[0,0],[-15.626,0],[0,0],[0,-15.626],[0,0],[6.113,0],[0,0],[0,6.113]],"v":[[31.935,28.294],[-14.71,28.294],[-43.003,0.001],[-43.003,-0.001],[-14.71,-28.294],[31.935,-28.294],[43.004,-17.226],[43.004,17.225]],"c":true}]}],"ix":2},"nm":"Path 1","mn":"ADBE Vector Shape - Group","hd":false},{"ty":"st","c":{"a":0,"k":[0.7372549019607844,0.2196078431372549,0.34509803921568627,1],"ix":3},"o":{"a":0,"k":100,"ix":4},"w":{"a":0,"k":14,"ix":5},"lc":2,"lj":2,"bm":0,"nm":"Stroke 1","mn":"ADBE Vector Graphic - Stroke","hd":false},{"ty":"tr","p":{"a":0,"k":[205.628,155.763],"ix":2},"a":{"a":0,"k":[0,0],"ix":1},"s":{"a":0,"k":[100,100],"ix":3},"r":{"a":0,"k":0,"ix":6},"o":{"a":0,"k":100,"ix":7},"sk":{"a":0,"k":0,"ix":4},"sa":{"a":0,"k":0,"ix":5},"nm":"Transform"}],"nm":"Group 1","np":2,"cix":2,"bm":0,"ix":1,"mn":"ADBE Vector Group","hd":false},{"ty":"gr","it":[{"ind":0,"ty":"sh","ix":1,"ks":{"a":1,"k":[{"i":{"x":0.667,"y":1},"o":{"x":0.333,"y":0},"t":6,"s":[{"i":[[0,1.302],[1.301,0],[0,-1.302],[-1.302,0]],"o":[[0,-1.302],[-1.302,0],[0,1.302],[1.301,0]],"v":[[2.357,0],[0,-2.357],[-2.358,0],[0,2.357]],"c":true}]},{"i":{"x":0.667,"y":1},"o":{"x":0.333,"y":0},"t":22,"s":[{"i":[[0,1.302],[1.301,0],[0,-1.302],[-1.302,0]],"o":[[0,-1.302],[-1.302,0],[0,1.302],[1.301,0]],"v":[[-21.263,0.729],[-23.62,-1.628],[-25.978,0.729],[-23.62,3.087]],"c":true}]},{"i":{"x":0.667,"y":1},"o":{"x":0.333,"y":0},"t":49,"s":[{"i":[[0,1.302],[1.301,0],[0,-1.302],[-1.302,0]],"o":[[0,-1.302],[-1.302,0],[0,1.302],[1.301,0]],"v":[[-21.263,0.729],[-23.62,-1.628],[-25.978,0.729],[-23.62,3.087]],"c":true}]},{"t":82,"s":[{"i":[[0,1.302],[1.301,0],[0,-1.302],[-1.302,0]],"o":[[0,-1.302],[-1.302,0],[0,1.302],[1.301,0]],"v":[[2.357,0],[0,-2.357],[-2.358,0],[0,2.357]],"c":true}]}],"ix":2},"nm":"Path 1","mn":"ADBE Vector Shape - Group","hd":false},{"ty":"st","c":{"a":0,"k":[0.7372549019607844,0.2196078431372549,0.34509803921568627,1],"ix":3},"o":{"a":0,"k":100,"ix":4},"w":{"a":0,"k":14,"ix":5},"lc":2,"lj":2,"bm":0,"nm":"Stroke 1","mn":"ADBE Vector Graphic - Stroke","hd":false},{"ty":"tr","p":{"a":0,"k":[187.6,155.763],"ix":2},"a":{"a":0,"k":[0,0],"ix":1},"s":{"a":0,"k":[100,100],"ix":3},"r":{"a":0,"k":0,"ix":6},"o":{"a":0,"k":100,"ix":7},"sk":{"a":0,"k":0,"ix":4},"sa":{"a":0,"k":0,"ix":5},"nm":"Transform"}],"nm":"Group 4","np":2,"cix":2,"bm":0,"ix":2,"mn":"ADBE Vector Group","hd":false},{"ty":"gr","it":[{"ind":0,"ty":"sh","ix":1,"ks":{"a":0,"k":{"i":[[0,0],[0,0]],"o":[[0,0],[0,0]],"v":[[39.983,104.306],[105.608,104.306]],"c":false},"ix":2},"nm":"Path 1","mn":"ADBE Vector Shape - Group","hd":false},{"ty":"tm","s":{"a":0,"k":27,"ix":1},"e":{"a":0,"k":100,"ix":2},"o":{"a":1,"k":[{"i":{"x":[0.667],"y":[1]},"o":{"x":[0.333],"y":[0]},"t":0,"s":[38]},{"i":{"x":[0.667],"y":[1]},"o":{"x":[0.333],"y":[0]},"t":30,"s":[116]},{"t":89,"s":[38]}],"ix":3},"m":1,"ix":2,"nm":"Trim Paths 1","mn":"ADBE Vector Filter - Trim","hd":false},{"ty":"st","c":{"a":0,"k":[0.7372549019607844,0.2196078431372549,0.34509803921568627,1],"ix":3},"o":{"a":0,"k":100,"ix":4},"w":{"a":0,"k":10,"ix":5},"lc":2,"lj":2,"bm":0,"nm":"Stroke 1","mn":"ADBE Vector Graphic - Stroke","hd":false},{"ty":"tr","p":{"a":0,"k":[0,0],"ix":2},"a":{"a":0,"k":[0,0],"ix":1},"s":{"a":0,"k":[100,100],"ix":3},"r":{"a":0,"k":0,"ix":6},"o":{"a":0,"k":100,"ix":7},"sk":{"a":0,"k":0,"ix":4},"sa":{"a":0,"k":0,"ix":5},"nm":"Transform"}],"nm":"Group 3","np":3,"cix":2,"bm":0,"ix":3,"mn":"ADBE Vector Group","hd":false},{"ty":"gr","it":[{"ind":0,"ty":"sh","ix":1,"ks":{"a":1,"k":[{"i":{"x":0.667,"y":1},"o":{"x":0.333,"y":0},"t":6,"s":[{"i":[[0,0],[0,15.627],[-15.626,0],[0,0],[0,0],[11.219,0],[0,0],[0,-11.22],[0,0],[-11.221,0],[0,0],[0,11.22],[0,0]],"o":[[-15.626,0],[0,-15.626],[0,0],[0,0],[0,-11.22],[0,0],[-11.221,0],[0,0],[0,11.22],[0,0],[11.219,0],[0,0],[0,0]],"v":[[70.837,28.294],[42.543,0],[70.837,-28.293],[112.714,-28.293],[112.714,-57.594],[92.398,-77.911],[-92.396,-77.911],[-112.714,-57.594],[-112.714,57.595],[-92.396,77.911],[92.398,77.911],[112.714,57.595],[112.714,28.294]],"c":true}]},{"i":{"x":0.667,"y":1},"o":{"x":0.333,"y":0},"t":22,"s":[{"i":[[0,0],[0,15.627],[-15.626,0],[0,0],[0,0],[11.219,0],[0,0],[0,-11.22],[0,0],[-11.221,0],[0,0],[0,11.22],[0,0]],"o":[[-15.626,0],[0,-15.626],[0,0],[0,0],[0,-11.22],[0,0],[-11.221,0],[0,0],[0,11.22],[0,0],[11.219,0],[0,0],[0,0]],"v":[[47.216,29.024],[18.922,0.729],[47.216,-27.564],[112.714,-28.293],[112.714,-57.594],[92.398,-77.911],[-92.396,-77.911],[-112.714,-57.594],[-112.714,57.595],[-92.396,77.911],[92.398,77.911],[112.714,57.595],[112.714,28.294]],"c":true}]},{"i":{"x":0.667,"y":1},"o":{"x":0.333,"y":0},"t":49,"s":[{"i":[[0,0],[0,15.627],[-15.626,0],[0,0],[0,0],[11.219,0],[0,0],[0,-11.22],[0,0],[-11.221,0],[0,0],[0,11.22],[0,0]],"o":[[-15.626,0],[0,-15.626],[0,0],[0,0],[0,-11.22],[0,0],[-11.221,0],[0,0],[0,11.22],[0,0],[11.219,0],[0,0],[0,0]],"v":[[47.216,29.023],[18.922,0.729],[47.216,-27.564],[112.714,-28.293],[112.714,-57.594],[92.398,-77.911],[-92.396,-77.911],[-112.714,-57.594],[-112.714,57.595],[-92.396,77.911],[92.398,77.911],[112.714,57.595],[112.714,28.294]],"c":true}]},{"t":82,"s":[{"i":[[0,0],[0,15.627],[-15.626,0],[0,0],[0,0],[11.219,0],[0,0],[0,-11.22],[0,0],[-11.221,0],[0,0],[0,11.22],[0,0]],"o":[[-15.626,0],[0,-15.626],[0,0],[0,0],[0,-11.22],[0,0],[-11.221,0],[0,0],[0,11.22],[0,0],[11.219,0],[0,0],[0,0]],"v":[[70.837,28.294],[42.543,0],[70.837,-28.293],[112.714,-28.293],[112.714,-57.594],[92.398,-77.911],[-92.396,-77.911],[-112.714,-57.594],[-112.714,57.595],[-92.396,77.911],[92.398,77.911],[112.714,57.595],[112.714,28.294]],"c":true}]}],"ix":2},"nm":"Path 1","mn":"ADBE Vector Shape - Group","hd":false},{"ty":"st","c":{"a":0,"k":[0.7372549019607844,0.2196078431372549,0.34509803921568627,1],"ix":3},"o":{"a":0,"k":100,"ix":4},"w":{"a":0,"k":14,"ix":5},"lc":2,"lj":2,"bm":0,"nm":"Stroke 1","mn":"ADBE Vector Graphic - Stroke","hd":false},{"ty":"tr","p":{"a":0,"k":[120.082,155.763],"ix":2},"a":{"a":0,"k":[0,0],"ix":1},"s":{"a":0,"k":[100,100],"ix":3},"r":{"a":0,"k":0,"ix":6},"o":{"a":0,"k":100,"ix":7},"sk":{"a":0,"k":0,"ix":4},"sa":{"a":0,"k":0,"ix":5},"nm":"Transform"}],"nm":"Group 2","np":2,"cix":2,"bm":0,"ix":4,"mn":"ADBE Vector Group","hd":false}],"ip":0,"op":300,"st":0,"bm":0}],"markers":[]}