{
  "project_info": {
    "project_number": "170195056724",
    "project_id": "psoola-4c2cb",
    "storage_bucket": "psoola-4c2cb.appspot.com"
  },
  "client": [
    {
      "client_info": {
        "mobilesdk_app_id": "1:170195056724:android:c0aa31a7464d08ea8cd5c1",
        "android_client_info": {
          "package_name": "com.potan.psoola"
        }
      },
      "oauth_client": [
        {
          "client_id": "170195056724-2ohd9kmadvvl3gera3794ttkd95cnrdu.apps.googleusercontent.com",
          "client_type": 1,
          "android_info": {
            "package_name": "com.potan.psoola",
            "certificate_hash": "88d9853320646fb9e69d436a935536d45ef461ea"
          }
        },
        {
          "client_id": "170195056724-eurdmmeigb47u4d9efv9cccd6dqknuuf.apps.googleusercontent.com",
          "client_type": 1,
          "android_info": {
            "package_name": "com.potan.psoola",
            "certificate_hash": "2ec6ade514c182d9f1e6a9b79ce337699cea5cca"
          }
        },
        {
          "client_id": "170195056724-foanlu6vmflo6kbcl466ivmf2q5nlsam.apps.googleusercontent.com",
          "client_type": 1,
          "android_info": {
            "package_name": "com.potan.psoola",
            "certificate_hash": "dd16ac89845f7919e6d69c899b7a3c62cf6c4644"
          }
        },
        {
          "client_id": "170195056724-i2s4fr6jh1vq026mjhgv6np075fu339k.apps.googleusercontent.com",
          "client_type": 3
        }
      ],
      "api_key": [
        {
          "current_key": "AIzaSyCAMHFmoyQYKY8V7ruRXcvrenNRRqEEFb0"
        }
      ],
      "services": {
        "appinvite_service": {
          "other_platform_oauth_client": [
            {
              "client_id": "170195056724-i2s4fr6jh1vq026mjhgv6np075fu339k.apps.googleusercontent.com",
              "client_type": 3
            },
            {
              "client_id": "170195056724-5mhtbivhe87mgo01os8ndvms762rjado.apps.googleusercontent.com",
              "client_type": 2,
              "ios_info": {
                "bundle_id": "com.example.psoola"
              }
            }
          ]
        }
      }
    },
    {
      "client_info": {
        "mobilesdk_app_id": "1:170195056724:android:297f3b858fb6d2b18cd5c1",
        "android_client_info": {
          "package_name": "com.psoola.psoola"
        }
      },
      "oauth_client": [
        {
          "client_id": "170195056724-52n9umnpif9jd2a30tjr47ppr0npes2a.apps.googleusercontent.com",
          "client_type": 1,
          "android_info": {
            "package_name": "com.psoola.psoola",
            "certificate_hash": "21875c8d7c06be161fddbdabb73eab9c069a2e04"
          }
        },
        {
          "client_id": "170195056724-5h8nnudd388lihu44h4f5msl50v09dru.apps.googleusercontent.com",
          "client_type": 1,
          "android_info": {
            "package_name": "com.psoola.psoola",
            "certificate_hash": "9cbcad81dea4bc07c634214023bba073bc7fd1c7"
          }
        },
        {
          "client_id": "170195056724-5ig1siemaun5hgoaq43tlv2ii8t2qoh3.apps.googleusercontent.com",
          "client_type": 1,
          "android_info": {
            "package_name": "com.psoola.psoola",
            "certificate_hash": "70ec329000b56f25c0907c5ee4bb4476ba7c0a10"
          }
        },
        {
          "client_id": "170195056724-bpho01ju3s8mcv6r58ajbkd1dvqdrqgh.apps.googleusercontent.com",
          "client_type": 1,
          "android_info": {
            "package_name": "com.psoola.psoola",
            "certificate_hash": "9eaecfa0fb5266b7756f3f68c4faae73005369c4"
          }
        },
        {
          "client_id": "170195056724-i721hu3ms8u164df6sd0l62tfc9t31ug.apps.googleusercontent.com",
          "client_type": 1,
          "android_info": {
            "package_name": "com.psoola.psoola",
            "certificate_hash": "61ba5b0abf0aa345beaa0694b5d3d85e1ad2b0c2"
          }
        },
        {
          "client_id": "170195056724-o8ef3je0rmjt0ed3ck86624hn8s8ihh1.apps.googleusercontent.com",
          "client_type": 1,
          "android_info": {
            "package_name": "com.psoola.psoola",
            "certificate_hash": "161223c0d6fa8fd66869c966e1eb52a1d89893f0"
          }
        },
        {
          "client_id": "170195056724-i2s4fr6jh1vq026mjhgv6np075fu339k.apps.googleusercontent.com",
          "client_type": 3
        }
      ],
      "api_key": [
        {
          "current_key": "AIzaSyCAMHFmoyQYKY8V7ruRXcvrenNRRqEEFb0"
        }
      ],
      "services": {
        "appinvite_service": {
          "other_platform_oauth_client": [
            {
              "client_id": "170195056724-i2s4fr6jh1vq026mjhgv6np075fu339k.apps.googleusercontent.com",
              "client_type": 3
            },
            {
              "client_id": "170195056724-5mhtbivhe87mgo01os8ndvms762rjado.apps.googleusercontent.com",
              "client_type": 2,
              "ios_info": {
                "bundle_id": "com.example.psoola"
              }
            }
          ]
        }
      }
    }
  ],
  "configuration_version": "1"
}